seed,norm,cooperation,fairness
1,0,0.086548,0.7878087060887227
2,0,0.084764,0.7585843661933295
3,0,0.084312,0.7622263655824875
4,0,0.084772,0.7822036756027652
5,0,0.081804,0.7082726783035289
6,0,0.08164,0.8495403056261571
7,0,0.08624,0.8329708611269236
8,0,0.086884,0.8552115154570888
9,0,0.084532,0.7175364989739769
10,0,0.082116,0.7604605964544828
11,0,0.08388,0.7845834045218976
12,0,0.084572,0.8514657156587501
13,0,0.08578,0.7479947297670236
14,0,0.08598,0.8076749542874784
15,0,0.083612,0.780617057482379
16,0,0.084464,0.6765348286852259
17,0,0.085332,0.7256740148008681
18,0,0.08388,0.7950335609137787
19,0,0.082484,0.7031757314098176
20,0,0.082376,0.7780560232958662
21,0,0.083704,0.7925855549797509
22,0,0.086816,0.7306512221187988
23,0,0.0846,0.8217576256567083
24,0,0.081312,0.760587002096436
25,0,0.084808,0.8264082344559903
26,0,0.082792,0.7790488751266319
27,0,0.086024,0.8148339504578203
28,0,0.08232,0.8382822551296049
29,0,0.088324,0.8521992457512919
30,0,0.082784,0.7881675888106756
31,0,0.084528,0.67286217770358
32,0,0.084872,0.7830690060451112
33,0,0.085924,0.7377725087268656
34,0,0.080844,0.7400575559766969
35,0,0.085164,0.8325970578530306
36,0,0.08036,0.7996695580338702
37,0,0.0853,0.7594747227325305
38,0,0.082524,0.7936779424806791
39,0,0.085508,0.883815818052065
40,0,0.083436,0.779766141814489
41,0,0.082252,0.817576450988067
42,0,0.08126,0.8074961690154998
43,0,0.086316,0.7721519563032395
44,0,0.085472,0.7212029932008119
45,0,0.082476,0.7570573099415205
46,0,0.082968,0.6848824417325453
47,0,0.086592,0.7694616191199334
48,0,0.082324,0.7538548466933773
49,0,0.084716,0.7674303913570517
50,0,0.084484,0.7207518270535206
1,1,0.089944,0.8235856507461446
2,1,0.084044,0.7285228402955385
3,1,0.08878,0.7357677045177045
4,1,0.08642,0.7335931153423432
5,1,0.0852,0.7029534789901692
6,1,0.081096,0.8231315505173853
7,1,0.087712,0.815371903930295
8,1,0.088884,0.7848247005169834
9,1,0.088172,0.7034559780578036
10,1,0.087096,0.6702431789093433
11,1,0.084844,0.7106702999151955
12,1,0.085088,0.7830836848029668
13,1,0.086616,0.6862230077488932
14,1,0.089716,0.7142734476583008
15,1,0.086476,0.7614671904710653
16,1,0.084412,0.7109128839029121
17,1,0.090472,0.6841212916735032
18,1,0.0863,0.706061830332719
19,1,0.084656,0.7282638393132563
20,1,0.08772,0.7453622339386838
21,1,0.090644,0.7638985421439665
22,1,0.087988,0.7475094439456826
23,1,0.085236,0.7237174883012297
24,1,0.084008,0.7044371958165062
25,1,0.087328,0.8004165912812734
26,1,0.089976,0.7353872142567434
27,1,0.08882,0.7609042831710127
28,1,0.084488,0.7161968674247864
29,1,0.089344,0.8467755000905356
30,1,0.086304,0.7802749661456541
31,1,0.086204,0.7110068411281503
32,1,0.084272,0.7795627706847796
33,1,0.08946,0.7635808987445735
34,1,0.082864,0.6863635780369814
35,1,0.086968,0.8168445013515435
36,1,0.081712,0.7989436846299679
37,1,0.088864,0.7143635665539577
38,1,0.083068,0.7878153887590301
39,1,0.089024,0.8162608627211319
40,1,0.086936,0.7077111772511689
41,1,0.085936,0.7094212954122056
42,1,0.083588,0.7462017094017094
43,1,0.08626,0.6901745129367468
44,1,0.087428,0.6945284023426301
45,1,0.083168,0.713510131055939
46,1,0.081328,0.6827665195944451
47,1,0.085824,0.6867469879518072
48,1,0.085852,0.7331576324967876
49,1,0.085964,0.6895669560249866
50,1,0.083592,0.6992029641118436
1,2,0.085212,0.7418277101573065
2,2,0.084924,0.7803858445890778
3,2,0.086336,0.747338556788503
4,2,0.085184,0.7642228524714447
5,2,0.082464,0.753835396126145
6,2,0.085188,0.8567143830947512
7,2,0.402268,0.4885358449951195
8,2,0.08682,0.7711342347957257
9,2,0.095356,0.766807427594052
10,2,0.086588,0.743994557464832
11,2,0.0882,0.7620524734134998
12,2,0.09244,0.8178967679691269
13,2,0.088844,0.7708377453056614
14,2,0.093372,0.8255687973997834
15,2,0.0837,0.8099241457223763
16,2,0.08794,0.7710058090028398
17,2,0.092048,0.7813803564656807
18,2,0.082184,0.7643789178645152
19,2,0.084592,0.6950798007522618
20,2,0.082848,0.7966331146854441
21,2,0.084804,0.8434159250421464
22,2,0.087652,0.7896946111613546
23,2,0.086144,0.7845056234809209
24,2,0.082776,0.7122357497148617
25,2,0.09078,0.8155558277643942
26,2,0.087284,0.7899873361964541
27,2,0.085792,0.7987433834377371
28,2,0.083892,0.8212708574138288
29,2,0.088508,0.8281053242214582
30,2,0.086376,0.7708886438208824
31,2,0.086744,0.7592183828087028
32,2,0.084712,0.7998881576117349
33,2,0.09008,0.8298490693927956
34,2,0.080992,0.7375058209928286
35,2,0.088016,0.7946642151145505
36,2,0.083168,0.8368668216842201
37,2,0.085556,0.7614463074015148
38,2,0.080532,0.8212312061992528
39,2,0.12528,0.9684793890440025
40,2,0.088852,0.8032298784336324
41,2,0.08356,0.8139209926837788
42,2,0.081616,0.806005034160374
43,2,0.085896,0.7218601844668563
44,2,0.085028,0.7678948021337303
45,2,0.081492,0.7666192753435872
46,2,0.08564,0.7261000099931786
47,2,0.085988,0.756613115901079
48,2,0.091572,0.7985686155041635
49,2,0.08568,0.7991387614029124
50,2,0.086156,0.7713093075869101
1,3,0.085124,0.6888061945572094
2,3,0.086108,0.7517290828846401
3,3,0.089064,0.7056601005098859
4,3,0.091632,0.6893081761006289
5,3,0.084108,0.7025957887766642
6,3,0.082644,0.7725929094192567
7,3,0.773364,0.8212435233160621
8,3,0.093568,0.69475928541626
9,3,0.089672,0.6990218753011468
10,3,0.09062,0.661200881798141
11,3,0.088356,0.6997919725893295
12,3,0.087072,0.7736950022130089
13,3,0.0888,0.683989350906725
14,3,0.09586,0.7767774443332963
15,3,0.083356,0.7689885594691743
16,3,0.087528,0.6890205255716444
17,3,0.08502,0.758107389686337
18,3,0.085432,0.7730218524191287
19,3,0.084652,0.6564986095998065
20,3,0.081208,0.7681439776719118
21,3,0.090504,0.827376590577055
22,3,0.089112,0.7067302985805188
23,3,0.092272,0.7539280758990513
24,3,0.083728,0.6652119983351671
25,3,0.099312,0.8106635315471403
26,3,0.091076,0.7535782402484514
27,3,0.090956,0.8055622743601459
28,3,0.083504,0.7689158680643379
29,3,0.091372,0.8820628019323672
30,3,0.087024,0.7605933523875665
31,3,0.089284,0.729889604762443
32,3,0.087944,0.7713646053535272
33,3,0.090468,0.7347004072134963
34,3,0.084584,0.7271509994097801
35,3,0.093148,0.7719422429520644
36,3,0.0842,0.7631309355705069
37,3,0.091296,0.7524530205574473
38,3,0.083072,0.7851043120106254
39,3,0.088956,0.766513198281154
40,3,0.090584,0.7312173248197054
41,3,0.089176,0.7612134966284515
42,3,0.0838,0.724649051652682
43,3,0.0903,0.7030185004868549
44,3,0.085908,0.7191103895267179
45,3,0.084444,0.7348516218081436
46,3,0.087032,0.6999979289634463
47,3,0.091192,0.7293991381146667
48,3,0.801896,0.9032834095058969
49,3,0.090416,0.7497312988210999
50,3,0.089344,0.7188532170696261
1,4,0.084812,0.7870166421928536
2,4,0.082788,0.7937548881019348
3,4,0.08494,0.7507689116180065
4,4,0.084284,0.7371578099838969
5,4,0.08214,0.7414942449196135
6,4,0.080364,0.8750470393821889
7,4,0.08602,0.8881454290124892
8,4,0.089292,0.8166943751731782
9,4,0.085148,0.7487265105716453
10,4,0.08304,0.7770552275557836
11,4,0.083712,0.716704244294134
12,4,0.084896,0.830503795721187
13,4,0.085256,0.7210769257466119
14,4,0.085952,0.8048309178743962
15,4,0.08256,0.7727153779909314
16,4,0.082752,0.7015853062364691
17,4,0.082996,0.7404443350023256
18,4,0.084748,0.7362672034911366
19,4,0.081912,0.6939050065081985
20,4,0.0824,0.7843463981260113
21,4,0.082744,0.807531752375877
22,4,0.086012,0.7640974850873503
23,4,0.083996,0.8224267211997273
24,4,0.08204,0.7542532195078502
25,4,0.085556,0.8067535415087232
26,4,0.084528,0.7211195127074145
27,4,0.082556,0.7926415709399465
28,4,0.08352,0.7861429819661095
29,4,0.086756,0.821107577103451
30,4,0.081588,0.8488380605756358
31,4,0.082876,0.6775531955388071
32,4,0.084784,0.7789535567313345
33,4,0.085388,0.7665716452411626
34,4,0.081472,0.7473925769816181
35,4,0.084148,0.8221660283236967
36,4,0.079552,0.7747291632641952
37,4,0.085736,0.7571191315267145
38,4,0.083192,0.7786809655552703
39,4,0.087548,0.8611259180289031
40,4,0.083508,0.7508624644462795
41,4,0.08106,0.7670359617319795
42,4,0.080748,0.7884878193701723
43,4,0.084912,0.7603532347158932
44,4,0.085516,0.7189479042639472
45,4,0.079872,0.7437200032345371
46,4,0.08102,0.6923399003922606
47,4,0.086804,0.7368491889826683
48,4,0.08416,0.7176268753391802
49,4,0.084732,0.773910823294571
50,4,0.082752,0.7368967590315353
1,5,0.089352,0.8038557112039539
2,5,0.0844,0.758310785135129
3,5,0.087132,0.7557014635009064
4,5,0.089504,0.7470946956621792
5,5,0.08504,0.6864878384293128
6,5,0.08312,0.8551308678714985
7,5,0.089824,0.8509727756118228
8,5,0.090304,0.800976800976801
9,5,0.087268,0.7410488763898654
10,5,0.085012,0.7176597514688295
11,5,0.086072,0.6818868619863645
12,5,0.088428,0.7511972713049283
13,5,0.08828,0.7029796303127177
14,5,0.091456,0.7443854091313494
15,5,0.084556,0.7562010786070196
16,5,0.08312,0.7528503058188739
17,5,0.08874,0.710099327534086
18,5,0.087104,0.701092835030398
19,5,0.087552,0.6783568780683299
20,5,0.090716,0.77874998910077
21,5,0.088488,0.7938592304720348
22,5,0.089808,0.7811867984350299
23,5,0.086624,0.7444852699089987
24,5,0.083232,0.7051769905718358
25,5,0.087256,0.8359237069838789
26,5,0.087624,0.7797388278884823
27,5,0.084568,0.8099082746436264
28,5,0.084412,0.7725991066443327
29,5,0.09006,0.8689951051521659
30,5,0.08986,0.7757819011273414
31,5,0.08654,0.7701516180131251
32,5,0.085272,0.7674382398058475
33,5,0.087556,0.7107331481064304
34,5,0.083092,0.7530622810180178
35,5,0.089432,0.8336197263772689
36,5,0.082296,0.8483180998569919
37,5,0.091288,0.7350883697935978
38,5,0.084652,0.7875682383304787
39,5,0.091296,0.8130497181394052
40,5,0.087564,0.7219431548147583
41,5,0.085168,0.7706912578112777
42,5,0.084012,0.7314692234658536
43,5,0.089596,0.7445964072262973
44,5,0.087904,0.7180467518529697
45,5,0.082896,0.7452879136419778
46,5,0.0837,0.6677543694219046
47,5,0.086136,0.6867695069184564
48,5,0.088384,0.7393892738003592
49,5,0.087476,0.6957737355848266
50,5,0.08742,0.6804785879000809
1,6,0.089348,0.6668021019556856
2,6,0.084304,0.7693300284995497
3,6,0.085996,0.7138380466341788
4,6,0.092304,0.7483302296710118
5,6,0.08486,0.6872256089912445
6,6,0.084936,0.8007672707492343
7,6,0.113,0.7878832880742249
8,6,0.086444,0.7381108316741765
9,6,0.100768,0.7160765428045021
10,6,0.087044,0.6980284739264437
11,6,0.086996,0.6999042895675629
12,6,0.672112,0.48385303034842897
13,6,0.089564,0.686232382942019
14,6,0.091836,0.7514903316300973
15,6,0.081732,0.7133653445237998
16,6,0.084064,0.6691376358723676
17,6,0.089296,0.6954209167800699
18,6,0.084116,0.6996298866527874
19,6,0.084128,0.6645195128747275
20,6,0.087836,0.7859801545151655
21,6,0.08714,0.7320595356358023
22,6,0.086072,0.7430828470485491
23,6,0.088648,0.7244655581947743
24,6,0.087392,0.6894751842351696
25,6,0.088752,0.7951873939129883
26,6,0.09308,0.727024604203685
27,6,0.095244,0.7869427472278796
28,6,0.083132,0.7789150119671296
29,6,0.086348,0.8112131785705808
30,6,0.089808,0.7576398562314055
31,6,0.088784,0.7181498916535904
32,6,0.085424,0.7584682691568151
33,6,0.087512,0.7577530668078721
34,6,0.082792,0.7346027076353135
35,6,0.099912,0.7981055458487026
36,6,0.094408,0.7900381386311668
37,6,0.084432,0.7545384951881015
38,6,0.082336,0.7416874968351955
39,6,0.088068,0.8077187027608529
40,6,0.088576,0.7615588396278051
41,6,0.08684,0.7336688414162246
42,6,0.08282,0.7450334472745984
43,6,0.085156,0.7198412698412698
44,6,0.090116,0.7271772609819122
45,6,0.08442,0.7527857370264247
46,6,0.084824,0.7036581669462908
47,6,0.086036,0.752981770135876
48,6,0.08728,0.7529788619603288
49,6,0.088352,0.6895558697131903
50,6,0.08766,0.7036334795647755
1,7,0.091524,0.7754057428214732
2,7,0.099064,0.7681447556833647
3,7,0.088724,0.7518285091814503
4,7,0.091628,0.7131782015912999
5,7,0.087688,0.7116941285390784
6,7,0.087308,0.8402880694311259
7,7,0.734716,0.9154013096003204
8,7,0.091888,0.7269771778345292
9,7,0.115336,0.7049762884133992
10,7,0.727576,0.8941613548997213
11,7,0.090064,0.7279423638283337
12,7,0.09752,0.800870335041584
13,7,0.342004,0.7907220675236033
14,7,0.093944,0.7704954954954955
15,7,0.08528,0.7075349742093204
16,7,0.089636,0.7118717380570552
17,7,0.085624,0.7252241106118817
18,7,0.089068,0.6828062419034716
19,7,0.087016,0.6874059391403295
20,7,0.091184,0.7928822267165448
21,7,0.090328,0.7411684782608696
22,7,0.095208,0.7265155780780781
23,7,0.110024,0.7762937153181055
24,7,0.088112,0.6856192129629629
25,7,0.098536,0.7503079188570674
26,7,0.093436,0.7979408814169088
27,7,0.393776,0.8527410076325247
28,7,0.087036,0.7305971400203732
29,7,0.08976,0.9096776802276506
30,7,0.088656,0.7500615197316445
31,7,0.09272,0.747280238318603
32,7,0.087596,0.774412544368064
33,7,0.091976,0.7481885637646316
34,7,0.086324,0.7613067245197254
35,7,0.09532,0.7776037393401456
36,7,0.087924,0.7830433858990178
37,7,0.102336,0.729141122204706
38,7,0.086084,0.7650084133962981
39,7,0.092084,0.7589848900983529
40,7,0.09224,0.781580124565569
41,7,0.097832,0.7510879229777951
42,7,0.089084,0.7451364859669357
43,7,0.0883,0.7319931932084855
44,7,0.087924,0.7036336904011762
45,7,0.085996,0.7371429823984568
46,7,0.086036,0.7485955118554343
47,7,0.092092,0.7078921260558342
48,7,0.693216,0.8800300188666417
49,7,0.099784,0.688055956004058
50,7,0.089816,0.7049231962009983
1,8,0.084816,0.7831196581196582
2,8,0.083732,0.7721751034971002
3,8,0.088176,0.7379106112737294
4,8,0.084728,0.7928277784890253
5,8,0.082612,0.711586466964096
6,8,0.081568,0.8933714266949084
7,8,0.08836,0.8418244826941605
8,8,0.084948,0.8211540337528046
9,8,0.085144,0.7149201667809297
10,8,0.08382,0.7569142399513967
11,8,0.083064,0.7476267931151729
12,8,0.084664,0.7863617518468264
13,8,0.085296,0.7156568789633306
14,8,0.087176,0.8146779377823089
15,8,0.08142,0.7943604191379992
16,8,0.080692,0.6871872664116431
17,8,0.083428,0.7291854119943239
18,8,0.08262,0.7232994891959099
19,8,0.081768,0.7041556991305734
20,8,0.0823,0.779196115197846
21,8,0.081796,0.8619094446559236
22,8,0.086452,0.7894305555555556
23,8,0.084372,0.8392808867261422
24,8,0.082124,0.7367867991887155
25,8,0.087084,0.8142119082700516
26,8,0.085328,0.7922513010172874
27,8,0.082552,0.8039777905871108
28,8,0.081296,0.8017117049679368
29,8,0.086536,0.7804611122558783
30,8,0.083336,0.825164279864981
31,8,0.082048,0.7181591536958426
32,8,0.083348,0.7477924338188147
33,8,0.0851,0.7586762969019715
34,8,0.080064,0.7378158547044796
35,8,0.081792,0.834111465507943
36,8,0.079456,0.7962937584699954
37,8,0.088376,0.750858302122347
38,8,0.081508,0.7975217257746465
39,8,0.08604,0.8654620297224492
40,8,0.082648,0.782187635105923
41,8,0.080236,0.8319985790482758
42,8,0.082496,0.7915104478192577
43,8,0.084892,0.7597904441435156
44,8,0.08374,0.7244506530078272
45,8,0.0805,0.780164353902175
46,8,0.082104,0.703186504630548
47,8,0.085584,0.7678996115379173
48,8,0.082252,0.7586545601518955
49,8,0.083536,0.7845060087104859
50,8,0.083164,0.7641520024697595
1,9,0.085136,0.782799010686453
2,9,0.085316,0.7664088428097314
3,9,0.087336,0.7081452019728257
4,9,0.086996,0.7447443902268396
5,9,0.081692,0.7017769640361584
6,9,0.085184,0.7443560697356792
7,9,0.089476,0.7767590166970971
8,9,0.08582,0.7549177901563466
9,9,0.088176,0.6874398760288998
10,9,0.085252,0.7186728094651007
11,9,0.086568,0.7123735355918301
12,9,0.08506,0.7511116517320142
13,9,0.085016,0.6892654658047239
14,9,0.088536,0.7180018646155896
15,9,0.086568,0.7160243752255983
16,9,0.081996,0.7057448362887693
17,9,0.084684,0.7332296402648161
18,9,0.084164,0.6922871324933181
19,9,0.084088,0.6654394411403757
20,9,0.08558,0.7270538971157948
21,9,0.086924,0.724054146383124
22,9,0.088508,0.7366341860039419
23,9,0.088708,0.6941539578794481
24,9,0.084928,0.7175840998486485
25,9,0.087176,0.7692411267302203
26,9,0.087628,0.7559777469929855
27,9,0.084848,0.8580043859649122
28,9,0.084084,0.7468888888888888
29,9,0.088748,0.8228031036466446
30,9,0.085804,0.7447037701974865
31,9,0.085728,0.714021714021714
32,9,0.08648,0.7367985288606513
33,9,0.087624,0.7183474273213009
34,9,0.08252,0.734242109672367
35,9,0.086752,0.79679243878842
36,9,0.08302,0.7989165119870606
37,9,0.087988,0.744170976061796
38,9,0.08044,0.7629706900798308
39,9,0.088036,0.7664057343097254
40,9,0.086392,0.7316390059483551
41,9,0.084124,0.7187105429292929
42,9,0.082736,0.770822969816702
43,9,0.08664,0.7106507828110378
44,9,0.087756,0.6761076624365584
45,9,0.08252,0.706274680718993
46,9,0.082996,0.6687505742230241
47,9,0.08466,0.7564847077042198
48,9,0.085832,0.722759793952426
49,9,0.086096,0.7031124561292899
50,9,0.082532,0.7224780938016233
1,10,0.092684,0.7643233758164996
2,10,0.083852,0.7531999303665833
3,10,0.101052,0.7165327101442945
4,10,0.094036,0.7501506122183145
5,10,0.08312,0.7339134913857374
6,10,0.091748,0.7725426239121966
7,10,0.094668,0.8317972554227534
8,10,0.09062,0.828150912106136
9,10,0.091336,0.7025581330894376
10,10,0.079436,0.7281315884620622
11,10,0.085984,0.7801734066764334
12,10,0.095796,0.7827417609076996
13,10,0.095904,0.7366965267955367
14,10,0.0938,0.7217486701078121
15,10,0.089844,0.7910095411501146
16,10,0.089144,0.6966746005855796
17,10,0.085572,0.731896336577741
18,10,0.087404,0.7461270214899088
19,10,0.089076,0.7188616815540896
20,10,0.086796,0.8013016380268925
21,10,0.08348,0.8122585021974457
22,10,0.09066,0.7801590422510595
23,10,0.088784,0.8004663664033659
24,10,0.089376,0.6879733606720232
25,10,0.093648,0.8287146686648914
26,10,0.082688,0.8306227506719511
27,10,0.09892,0.8709395600031768
28,10,0.089344,0.8351691803649098
29,10,0.09032,0.8848749503771338
30,10,0.085624,0.7720840037958494
31,10,0.0895,0.7238392583194434
32,10,0.088808,0.8187376973656658
33,10,0.088616,0.7865024377726457
34,10,0.085328,0.7407718009131691
35,10,0.098656,0.7902520435137472
36,10,0.087648,0.7907286221892964
37,10,0.089084,0.7792658928468307
38,10,0.091756,0.7868728387812357
39,10,0.093444,0.7889466812217728
40,10,0.101968,0.7575592357845475
41,10,0.08002,0.7462215365275278
42,10,0.087724,0.8055834215757306
43,10,0.088392,0.7313272252085107
44,10,0.091736,0.7430734022785868
45,10,0.081836,0.7272007102369733
46,10,0.088072,0.7261388698760362
47,10,0.091024,0.7654344765010764
48,10,0.0866,0.7512669012370268
49,10,0.085264,0.7763529798169042
50,10,0.08636,0.7746688183218912
1,11,0.08284,0.7579979576706254
2,11,0.089172,0.6974558614325036
3,11,0.099408,0.6738293519191153
4,11,0.091228,0.6575778002471633
5,11,0.088004,0.692372929499509
6,11,0.092552,0.7927876309781146
7,11,0.095352,0.7730877019452688
8,11,0.092092,0.7414031449801279
9,11,0.093256,0.7156264775413711
10,11,0.08242,0.7213468720821663
11,11,0.084408,0.6941857901253413
12,11,0.103904,0.8010636263963511
13,11,0.094492,0.7437725424914655
14,11,0.095796,0.7591603377060697
15,11,0.090916,0.746878394758807
16,11,0.090968,0.6373995692035385
17,11,0.087956,0.709496442255063
18,11,0.085756,0.7594728245666279
19,11,0.087796,0.6701867210890811
20,11,0.098036,0.7347268237315172
21,11,0.103408,0.6943977067364616
22,11,0.091756,0.7238845208050217
23,11,0.09404,0.7428043327360486
24,11,0.089296,0.6718574635241302
25,11,0.096884,0.7550691985838429
26,11,0.092116,0.7263070707070707
27,11,0.103832,0.7466076306282492
28,11,0.09136,0.8588226412245437
29,11,0.107076,0.833721586898207
30,11,0.088956,0.7146045536867205
31,11,0.09758,0.7067445949368973
32,11,0.089648,0.7963307870182921
33,11,0.092612,0.7681946501588749
34,11,0.08416,0.6746965452847806
35,11,0.098496,0.7608435631098521
36,11,0.08764,0.7916494986952342
37,11,0.112132,0.7950207051606671
38,11,0.094016,0.7444820598691955
39,11,0.096044,0.7944176262550074
40,11,0.09778,0.7326054525861241
41,11,0.08378,0.7079808289772702
42,11,0.089128,0.7005306038198618
43,11,0.087068,0.7442073689863387
44,11,0.089424,0.6705945429327366
45,11,0.084692,0.7351657184983856
46,11,0.085236,0.6442861025441053
47,11,0.091228,0.7098456579036831
48,11,0.097504,0.67854841786618
49,11,0.089228,0.727245774036213
50,11,0.090768,0.7241054960514639
1,12,0.086188,0.7708060467146912
2,12,0.083396,0.725694026356278
3,12,0.08982,0.7084742600838666
4,12,0.085044,0.7628920131181087
5,12,0.083984,0.7077656439590917
6,12,0.082696,0.79026663566252
7,12,0.086208,0.8226034716806747
8,12,0.085308,0.7212595078881865
9,12,0.085716,0.690362502233692
10,12,0.082592,0.7542340127311419
11,12,0.0838,0.680739816809666
12,12,0.083948,0.7713630289948514
13,12,0.083332,0.6902814108153391
14,12,0.084768,0.7356882175870428
15,12,0.082464,0.7742277190872914
16,12,0.080988,0.6521489635298208
17,12,0.084152,0.7322643148259504
18,12,0.081156,0.7136785144834252
19,12,0.081828,0.6679064060252179
20,12,0.083824,0.7437822107997116
21,12,0.084524,0.7612055995890209
22,12,0.088132,0.7482772967210131
23,12,0.086796,0.6999451795370163
24,12,0.081916,0.7324445176733352
25,12,0.088324,0.7845971478536788
26,12,0.082636,0.7377609766564855
27,12,0.084356,0.7288203848264386
28,12,0.08146,0.6962868986418921
29,12,0.08494,0.7904725512673544
30,12,0.083872,0.8105187073584068
31,12,0.082912,0.728793261027144
32,12,0.082384,0.7618596853115566
33,12,0.085516,0.7531058829870374
34,12,0.079492,0.742760161553665
35,12,0.083604,0.782094017094017
36,12,0.077812,0.7605171709930201
37,12,0.085396,0.731823306703869
38,12,0.081188,0.8145513142092702
39,12,0.087916,0.8558063144311
40,12,0.08552,0.7454250853553767
41,12,0.080344,0.760904170646291
42,12,0.08104,0.7919421538766312
43,12,0.08548,0.707035902671431
44,12,0.087112,0.6830397841228165
45,12,0.081596,0.7234768931438599
46,12,0.08216,0.6483919209847328
47,12,0.085912,0.712494993651524
48,12,0.082432,0.7070562701815679
49,12,0.08456,0.7353692284420241
50,12,0.082716,0.705691827625706
1,13,0.087016,0.8074380591798148
2,13,0.085208,0.7612781099553152
3,13,0.093604,0.74393858196109
4,13,0.086208,0.7179395120616847
5,13,0.083436,0.6646047683980001
6,13,0.083608,0.7575975876129653
7,13,0.091292,0.7555960623974143
8,13,0.089404,0.7420456184102263
9,13,0.091792,0.6701771906729009
10,13,0.085016,0.7129748103343544
11,13,0.084668,0.7001648077881262
12,13,0.089492,0.7279917655344276
13,13,0.088284,0.7112063255505878
14,13,0.093156,0.7669238760703094
15,13,0.0859,0.6876614386378196
16,13,0.086204,0.6975568063372941
17,13,0.086492,0.7401881014873141
18,13,0.083628,0.6499460036644704
19,13,0.083948,0.6651788833405257
20,13,0.087128,0.7827294239949663
21,13,0.091672,0.7701470600801524
22,13,0.090372,0.6684417147808219
23,13,0.089804,0.6885113556766512
24,13,0.084392,0.6767156252593146
25,13,0.08918,0.7130728377262702
26,13,0.086276,0.7208657452051859
27,13,0.084952,0.7916347870441215
28,13,0.0843,0.7412995020582789
29,13,0.091324,0.7776004498075343
30,13,0.086936,0.7465842322195914
31,13,0.087692,0.7157350833521913
32,13,0.084952,0.7818796806308894
33,13,0.0883,0.7440781346177852
34,13,0.082732,0.7129456242169896
35,13,0.091424,0.7961610387777426
36,13,0.084112,0.8492908071350638
37,13,0.08856,0.7180402633177707
38,13,0.080656,0.7678009279438972
39,13,0.08736,0.7477508181822153
40,13,0.090064,0.7672192965346857
41,13,0.082604,0.800431594693347
42,13,0.086564,0.7041767128792445
43,13,0.089592,0.6879613112934554
44,13,0.084604,0.6456601508302822
45,13,0.084848,0.6820684125025448
46,13,0.085,0.7299068174122593
47,13,0.087692,0.7021772105983413
48,13,0.085452,0.7559993325305662
49,13,0.087,0.6954601267439656
50,13,0.086236,0.7053321214875408
1,14,0.092256,0.7208334836297177
2,14,0.094444,0.7095701540957016
3,14,0.097788,0.7005422753430721
4,14,0.093616,0.7093333956546465
5,14,0.093096,0.6970980773460199
6,14,0.088548,0.7802159947030297
7,14,0.113972,0.7876082933804357
8,14,0.090136,0.760037456561986
9,14,0.100936,0.694649338484955
10,14,0.085364,0.6925114224029724
11,14,0.085948,0.6917210514953752
12,14,0.099528,0.7174879098353073
13,14,0.115496,0.7088701458110483
14,14,0.102408,0.7692575144519712
15,14,0.090588,0.6748337092949274
16,14,0.091452,0.6616269157249994
17,14,0.088768,0.6646159582401192
18,14,0.098816,0.7026179313474678
19,14,0.097176,0.6739845455590026
20,14,0.095164,0.7440650211678249
21,14,0.094252,0.7545709492143968
22,14,0.09412,0.6978691543086786
23,14,0.097484,0.7533846499473829
24,14,0.097284,0.7315831822259182
25,14,0.113392,0.7448067632850243
26,14,0.085644,0.7755828881434547
27,14,0.11536,0.7115960633290543
28,14,0.095736,0.7292385957109808
29,14,0.093824,0.7907305590799767
30,14,0.088636,0.7376650791826799
31,14,0.088528,0.7037637047946327
32,14,0.108424,0.8394429637942052
33,14,0.091884,0.745951794642191
34,14,0.085172,0.7337486278088586
35,14,0.097456,0.7259383958803344
36,14,0.089304,0.7954548530745389
37,14,0.11326,0.723917937224139
38,14,0.089744,0.7578950086502956
39,14,0.095828,0.69865735263741
40,14,0.0999,0.7621406371406372
41,14,0.08594,0.768016512768753
42,14,0.088004,0.7190526501144568
43,14,0.094244,0.7113197741164788
44,14,0.095168,0.6888888888888889
45,14,0.090316,0.7456143679251249
46,14,0.089672,0.6446706972632399
47,14,0.095708,0.7597850088568586
48,14,0.09098,0.6857567724330152
49,14,0.090796,0.722002006410727
50,14,0.095772,0.692534040434554
1,15,0.090176,0.6943193997856377
2,15,0.099052,0.7381292606437502
3,15,0.10318,0.6930225630581013
4,15,0.10264,0.6538771129594848
5,15,0.091228,0.704823347961585
6,15,0.089332,0.7808531032830097
7,15,0.097316,0.7072755950245185
8,15,0.10898,0.7433391178294898
9,15,0.10232,0.7097868061572693
10,15,0.090592,0.6535848405382795
11,15,0.0893,0.6905910471106005
12,15,0.104264,0.7446060354041052
13,15,0.107532,0.694010182689428
14,15,0.096384,0.73353274755406
15,15,0.09008,0.7208676091489746
16,15,0.10086,0.7002867521917593
17,15,0.097876,0.6769911821122849
18,15,0.095212,0.658540002802298
19,15,0.09374,0.6534393260544898
20,15,0.097008,0.7089889835730496
21,15,0.098772,0.7248062890242984
22,15,0.096596,0.6528801571985475
23,15,0.104516,0.7560113128095075
24,15,0.09592,0.6847205628567635
25,15,0.106712,0.7081874577728641
26,15,0.096528,0.7398656855600223
27,15,0.097996,0.7353457178285289
28,15,0.1038,0.7706422018348624
29,15,0.10076,0.780160162285202
30,15,0.08936,0.770603377581315
31,15,0.092544,0.7147027095627896
32,15,0.091464,0.7521803148714464
33,15,0.096664,0.7187652625152624
34,15,0.104104,0.6973255055446836
35,15,0.1,0.7541204248479115
36,15,0.095556,0.7957676376551178
37,15,0.105148,0.7320695406723121
38,15,0.091228,0.7470046237071596
39,15,0.108516,0.813404973948867
40,15,0.098712,0.7395317484938664
41,15,0.08774,0.6605958970510054
42,15,0.104856,0.6524553448616249
43,15,0.092724,0.6662009403944888
44,15,0.095356,0.6559588419103188
45,15,0.093676,0.7379263394925215
46,15,0.096844,0.6780606350344608
47,15,0.091276,0.6818485441691475
48,15,0.096272,0.7692107616028612
49,15,0.093396,0.664809399323556
50,15,0.092584,0.6765160709762065
1,16,0.089604,0.6888960314909389
2,16,0.087304,0.592907984431112
3,16,0.092616,0.5871187372046816
4,16,0.090492,0.6586928905222086
5,16,0.091788,0.5599715349671482
6,16,0.090964,0.6560773377115056
7,16,0.09456,0.6380332671370825
8,16,0.091828,0.6831113417517154
9,16,0.09168,0.6278861482795064
10,16,0.093464,0.6799644889836852
11,16,0.089852,0.5692559836308322
12,16,0.093276,0.5946483997995756
13,16,0.088132,0.561672790687417
14,16,0.094536,0.5602139847559532
15,16,0.090632,0.6651668113227658
16,16,0.085948,0.5625681489610005
17,16,0.092756,0.5636546457415922
18,16,0.09206,0.6382458387146955
19,16,0.090116,0.570223189983669
20,16,0.091088,0.5965773717032341
21,16,0.091432,0.6707599338692207
22,16,0.092508,0.5900257692890708
23,16,0.089536,0.6142761466502473
24,16,0.089988,0.5791291245223071
25,16,0.092004,0.6539312970046381
26,16,0.088408,0.6466371061132443
27,16,0.089432,0.6558345529942676
28,16,0.092336,0.5865225435777583
29,16,0.093448,0.6313646556138214
30,16,0.088324,0.6521450243883704
31,16,0.089976,0.6480262787846063
32,16,0.089476,0.6122429181218471
33,16,0.093028,0.6080515098728402
34,16,0.086792,0.5721828583425183
35,16,0.094124,0.7078142038467784
36,16,0.084608,0.7098156916522204
37,16,0.090584,0.621318786362934
38,16,0.08638,0.6549406803042844
39,16,0.094284,0.6052020232716763
40,16,0.092688,0.597859639103061
41,16,0.08596,0.6182782925477152
42,16,0.091204,0.6040124618408397
43,16,0.094156,0.5531381199186036
44,16,0.094712,0.5747504884022568
45,16,0.089532,0.6191900406393538
46,16,0.087344,0.5557795220013098
47,16,0.095584,0.55927744268325
48,16,0.090228,0.5814800031386356
49,16,0.093512,0.6272969748017126
50,16,0.089188,0.6255901378150767
1,17,0.086208,0.7361253068462754
2,17,0.086556,0.6946306225796842
3,17,0.089312,0.6266631421270596
4,17,0.086588,0.6189978301685273
5,17,0.087812,0.626284340838773
6,17,0.085064,0.6790352811011204
7,17,0.09176,0.6806878672127878
8,17,0.094108,0.6702831563836579
9,17,0.087156,0.6387598322071943
10,17,0.086372,0.6311204302060895
11,17,0.085592,0.6476832151300237
12,17,0.085528,0.6557085704266883
13,17,0.08312,0.6571243134886893
14,17,0.090288,0.6711992205701698
15,17,0.087208,0.6925899984844948
16,17,0.082768,0.5952933679275343
17,17,0.088544,0.6579806823709263
18,17,0.088164,0.6205160547920954
19,17,0.082048,0.6763581763581763
20,17,0.087356,0.6001411279379038
21,17,0.08732,0.6364660266581434
22,17,0.086788,0.6812707455830675
23,17,0.084892,0.6373635847097318
24,17,0.083992,0.6626949030398323
25,17,0.088628,0.68641966421104
26,17,0.085456,0.6088214920902368
27,17,0.08802,0.6475511884924056
28,17,0.08538,0.714263004352328
29,17,0.086392,0.715669886477221
30,17,0.085716,0.6395982950896246
31,17,0.084528,0.6730367236879538
32,17,0.085236,0.694156820262179
33,17,0.086888,0.6508504435402147
34,17,0.082024,0.6227662061890107
35,17,0.08726,0.6754118193763421
36,17,0.082756,0.638734853152598
37,17,0.087888,0.6428005001982493
38,17,0.083716,0.7198334237679933
39,17,0.090852,0.6836610912823383
40,17,0.088196,0.6469251250081175
41,17,0.082652,0.6849361978999456
42,17,0.082872,0.6433406568507256
43,17,0.087092,0.6707403683488141
44,17,0.08794,0.6238536199422771
45,17,0.082868,0.6424809735711486
46,17,0.082136,0.6277345998848589
47,17,0.088108,0.5817361460605044
48,17,0.086348,0.6283216490450854
49,17,0.08644,0.6860999413845543
50,17,0.08644,0.5840571318278325
1,18,0.09114,0.8454781663564568
2,18,0.09094,0.8198118272231777
3,18,0.092376,0.7325053272450532
4,18,0.09588,0.8154089306344727
5,18,0.086132,0.7170811965811965
6,18,0.089524,0.8473899595527005
7,18,0.660816,0.18130602583234703
8,18,0.090412,0.8086821663365978
9,18,0.112996,0.9431920910983387
10,18,0.098656,0.7984961173602148
11,18,0.090296,0.7560190698131004
12,18,0.09338,0.9041978959780029
13,18,0.091792,0.7624993655144409
14,18,0.097188,0.7852917665867306
15,18,0.08772,0.8260283273744237
16,18,0.0873,0.7599029767685234
17,18,0.092884,0.7823135358820789
18,18,0.087184,0.731311491602142
19,18,0.671972,0.2241400815348177
20,18,0.092552,0.8333741529920808
21,18,0.094396,0.8773700818184356
22,18,0.092608,0.8589312067336117
23,18,0.091688,0.8487716359575656
24,18,0.086848,0.7095412682213907
25,18,0.626864,0.17308918002933887
26,18,0.677376,0.17665759495195202
27,18,0.088288,0.7894927733347841
28,18,0.089724,0.7439243390680457
29,18,0.089968,0.7706169064513178
30,18,0.089888,0.9194782032663252
31,18,0.093432,0.7832831299671551
32,18,0.088092,0.7720344156162419
33,18,0.093872,0.7532082760426898
34,18,0.090408,0.784017601760176
35,18,0.090236,0.8164793494152046
36,18,0.08668,0.8722797039188399
37,18,0.0871,0.781233778652023
38,18,0.08902,0.7988905244793371
39,18,0.095584,0.8365035932549911
40,18,0.088692,0.7818452740525956
41,18,0.089828,0.7812791134070689
42,18,0.087308,0.7845392787124424
43,18,0.089116,0.7636729316091653
44,18,0.095036,0.7966911202812166
45,18,0.087828,0.7573723949406254
46,18,0.08958,0.7366705363752608
47,18,0.091356,0.6942416869424168
48,18,0.087512,0.7583055158162454
49,18,0.087372,0.7802579972341245
50,18,0.088524,0.8559838023655537
1,19,0.088008,0.720439589973586
2,19,0.085528,0.728254516587719
3,19,0.090316,0.7175064528361897
4,19,0.092872,0.7517870194868745
5,19,0.086664,0.672072810230705
6,19,0.086456,0.8466166450037417
7,19,0.65128,0.3853529678418859
8,19,0.090312,0.7626504987960097
9,19,0.094012,0.7266660329681646
10,19,0.0885,0.7055506340535133
11,19,0.089256,0.7367496685833945
12,19,0.0909,0.7560898047446416
13,19,0.08512,0.7068470684706848
14,19,0.092216,0.7440393024798975
15,19,0.08472,0.7574200133045372
16,19,0.083984,0.7144954320842017
17,19,0.085824,0.6993750445947023
18,19,0.088172,0.6984599187111307
19,19,0.660064,0.4453912867735651
20,19,0.086676,0.7260146373918829
21,19,0.086472,0.7557934884798582
22,19,0.08808,0.7533675321049694
23,19,0.092448,0.7781539908511821
24,19,0.085304,0.6455593402087867
25,19,0.0935,0.7405922957025162
26,19,0.089256,0.7570028011204482
27,19,0.088328,0.7316168208050817
28,19,0.084456,0.7066270763404768
29,19,0.08868,0.8852038268719916
30,19,0.090012,0.7553219706692678
31,19,0.08934,0.7016618146530811
32,19,0.085944,0.780313192917433
33,19,0.09028,0.7272989929007759
34,19,0.087472,0.7053159936116815
35,19,0.089064,0.7872548360343398
36,19,0.084956,0.7722277676112312
37,19,0.086232,0.7048925226373275
38,19,0.081888,0.7601490497604896
39,19,0.095976,0.7900719874804382
40,19,0.092596,0.7563474814093116
41,19,0.090748,0.6941348603519399
42,19,0.0925,0.7423043961406143
43,19,0.090728,0.7589978347228615
44,19,0.090512,0.7179051922411511
45,19,0.084956,0.7000640788976732
46,19,0.082588,0.7615800423611405
47,19,0.086452,0.7692196289809422
48,19,0.091808,0.7730183187810307
49,19,0.097692,0.7280230582755922
50,19,0.087124,0.7388127972667716
1,20,0.090372,0.7156536270599286
2,20,0.085896,0.625485465570534
3,20,0.092772,0.608564936923146
4,20,0.088524,0.6887660032448235
5,20,0.08662,0.6648590755804
6,20,0.087708,0.6519121689807565
7,20,0.094676,0.7126742153541541
8,20,0.091236,0.6368966283700813
9,20,0.092424,0.6645703713650538
10,20,0.09032,0.7014406179903319
11,20,0.091076,0.6087434573365651
12,20,0.090712,0.7247901052545358
13,20,0.08672,0.6304404007236132
14,20,0.095644,0.6968567202060477
15,20,0.09048,0.6929554323269665
16,20,0.085012,0.5700529541432077
17,20,0.089708,0.6558599227112616
18,20,0.091628,0.6328883692227744
19,20,0.08724,0.5827015181238181
20,20,0.088968,0.6023222992045163
21,20,0.0891,0.6178782854067577
22,20,0.092108,0.6278337576392901
23,20,0.088872,0.6674297817335171
24,20,0.087952,0.6024838001276517
25,20,0.09522,0.6663727219282775
26,20,0.088804,0.6055356495977562
27,20,0.087976,0.6445146833713158
28,20,0.089204,0.612594876232715
29,20,0.089956,0.6686198368120565
30,20,0.08788,0.6736999198240893
31,20,0.086356,0.6310594688331977
32,20,0.087464,0.6721111827494806
33,20,0.094164,0.5556405245418755
34,20,0.086684,0.6323194206213074
35,20,0.091908,0.6898440253618557
36,20,0.084352,0.7365795268275471
37,20,0.08894,0.5963565143303601
38,20,0.08848,0.6354295571305358
39,20,0.091836,0.6788080356289542
40,20,0.090788,0.637544758532983
41,20,0.086908,0.6575236927237493
42,20,0.085048,0.7288193621447947
43,20,0.091344,0.6127153176188012
44,20,0.092796,0.5873383845986586
45,20,0.086032,0.6215250574347213
46,20,0.085184,0.6033039984195675
47,20,0.092892,0.6423197684268962
48,20,0.086204,0.6890893938643828
49,20,0.089684,0.6455626427277739
50,20,0.08744,0.6447933115867691
1,21,0.088164,0.7769942962545106
2,21,0.084404,0.6911777752430199
3,21,0.088652,0.6667836626771028
4,21,0.087148,0.693044943958464
5,21,0.082632,0.6788395599913324
6,21,0.083864,0.7318448232729353
7,21,0.094356,0.7555898478483628
8,21,0.090104,0.7362088061354566
9,21,0.087396,0.6431089171950092
10,21,0.086036,0.721602787456446
11,21,0.08636,0.6321926140145516
12,21,0.08504,0.7220589323893005
13,21,0.084304,0.6899835713169553
14,21,0.088172,0.7039378813089295
15,21,0.086556,0.7174931393196758
16,21,0.08102,0.6712977269605823
17,21,0.084236,0.7331061669005144
18,21,0.086788,0.6300838466998409
19,21,0.082228,0.6818300653594771
20,21,0.087252,0.7651241262954929
21,21,0.086268,0.7288888888888889
22,21,0.088208,0.6800771782115066
23,21,0.087404,0.7223875156816872
24,21,0.085256,0.6118630078129417
25,21,0.087836,0.768515551282736
26,21,0.08818,0.7021774596850227
27,21,0.084588,0.7237157808394633
28,21,0.086368,0.7025452931546311
29,21,0.086748,0.8144575799392069
30,21,0.085768,0.7079110432051609
31,21,0.083436,0.7218827789092556
32,21,0.084552,0.733834325991659
33,21,0.088908,0.703542165534542
34,21,0.082008,0.6735643328570456
35,21,0.090068,0.640357317670093
36,21,0.082224,0.7081794428944689
37,21,0.086364,0.7072257597196954
38,21,0.086532,0.7442186374259758
39,21,0.087996,0.7511889829622662
40,21,0.08612,0.7354601377092727
41,21,0.082128,0.7231499916478179
42,21,0.084528,0.6304926790275097
43,21,0.086896,0.6855152181884856
44,21,0.087172,0.6415655484177968
45,21,0.0832,0.70281962651362
46,21,0.082796,0.6885411971755413
47,21,0.084164,0.701784886416319
48,21,0.085792,0.6774183006535948
49,21,0.087132,0.6744280161878431
50,21,0.085988,0.6593906810035842
1,22,0.780776,0.7609050500061736
2,22,0.085624,0.7071923408557071
3,22,0.093736,0.7031066019634867
4,22,0.090896,0.7309239428037368
5,22,0.085568,0.6602443138339003
6,22,0.086068,0.7610111327280589
7,22,0.821748,0.789522636848555
8,22,0.087976,0.7479288451440151
9,22,0.099224,0.698378511653541
10,22,0.08844,0.642904508027449
11,22,0.089176,0.7019747052935718
12,22,0.092112,0.7899688701066069
13,22,0.088108,0.671042145049673
14,22,0.091352,0.7222100594354846
15,22,0.098344,0.7604238055850959
16,22,0.082292,0.6920510985316763
17,22,0.086672,0.6566315101552319
18,22,0.08734,0.7405543854174792
19,22,0.109396,0.8266224736651618
20,22,0.091048,0.7594618254757474
21,22,0.08716,0.7114013454795578
22,22,0.092988,0.7850378422831297
23,22,0.779932,0.7693278833937256
24,22,0.088256,0.7355504391574997
25,22,0.780416,0.7578020805548146
26,22,0.087628,0.7638739110560815
27,22,0.08892,0.7563672311974817
28,22,0.085852,0.6954047463967801
29,22,0.088768,0.7577663799816418
30,22,0.08734,0.8067500852401436
31,22,0.084128,0.725550516703353
32,22,0.090132,0.77931013286265
33,22,0.09146,0.7338630204483862
34,22,0.08442,0.7567288494135814
35,22,0.090396,0.8061677783640686
36,22,0.082372,0.7527254592148254
37,22,0.096832,0.7555340755856275
38,22,0.086792,0.7851301115241636
39,22,0.090532,0.7692420725988737
40,22,0.09112,0.730131179963153
41,22,0.084856,0.7604225152805737
42,22,0.082524,0.7112014561494413
43,22,0.091272,0.6887626926537432
44,22,0.087928,0.7213512080587745
45,22,0.084124,0.6742137581943407
46,22,0.082232,0.748408915646979
47,22,0.092196,0.7220354639837742
48,22,0.093556,0.767844168858825
49,22,0.0927,0.740191096580914
50,22,0.09534,0.7176152892226743
1,23,0.091356,0.715430579682172
2,23,0.090656,0.7209006363191385
3,23,0.094296,0.6967156314013967
4,23,0.08898,0.6977685659915398
5,23,0.088532,0.6965741788206482
6,23,0.087092,0.7159419922847713
7,23,0.4708,0.9223694441761473
8,23,0.091968,0.7206666184308902
9,23,0.093888,0.6889161563485842
10,23,0.096484,0.6572938457236505
11,23,0.089812,0.6810494872518581
12,23,0.096984,0.7307638888888889
13,23,0.087552,0.7022668153102936
14,23,0.088424,0.7695709334289471
15,23,0.08766,0.7301879790650952
16,23,0.084176,0.6859497176139855
17,23,0.086304,0.7400467254899382
18,23,0.087344,0.6925989996769193
19,23,0.089392,0.6783198119169012
20,23,0.089448,0.7421072489941962
21,23,0.089828,0.7797922093950975
22,23,0.095028,0.7431192294016357
23,23,0.099868,0.7123115992216617
24,23,0.087996,0.6702421121174451
25,23,0.72192,0.9601076019781988
26,23,0.088632,0.7527822180635155
27,23,0.091964,0.7129095333102359
28,23,0.089232,0.7260248840855266
29,23,0.09198,0.8097570960091485
30,23,0.090576,0.7839794098786904
31,23,0.090104,0.7401472971724654
32,23,0.086936,0.7400010442773601
33,23,0.089992,0.7362711864406779
34,23,0.523528,0.9033522112675086
35,23,0.090264,0.7694101937117388
36,23,0.086336,0.7890098280439829
37,23,0.088552,0.72431664087953
38,23,0.08322,0.7716911123369307
39,23,0.094788,0.7170788724627888
40,23,0.092896,0.738122808514442
41,23,0.09078,0.7421485324711131
42,23,0.084312,0.7403188452631012
43,23,0.090544,0.6563930424168447
44,23,0.087936,0.6874939455584617
45,23,0.085688,0.754319341763288
46,23,0.086068,0.6917620232172471
47,23,0.091616,0.6589265435419281
48,23,0.102808,0.696163215165665
49,23,0.113416,0.6759097343658923
50,23,0.089132,0.7668636721828211
1,24,0.085604,0.7900974626034635
2,24,0.08914,0.7244092848097048
3,24,0.093152,0.6886416276505222
4,24,0.088884,0.7243904680737288
5,24,0.086092,0.6944808340923174
6,24,0.090436,0.7671129410952282
7,24,0.090236,0.8215414438748323
8,24,0.088352,0.8020689781893684
9,24,0.092804,0.7002261388539189
10,24,0.090712,0.7857488113756405
11,24,0.08874,0.7058655046134332
12,24,0.089368,0.7772034688260684
13,24,0.087228,0.7004933401152091
14,24,0.093592,0.7864644604709051
15,24,0.087964,0.7086532965530953
16,24,0.082648,0.672579387656194
17,24,0.085816,0.744550357400834
18,24,0.0913,0.7596400428964424
19,24,0.085332,0.6819961831115077
20,24,0.088872,0.7543117066351592
21,24,0.088372,0.7722555422275534
22,24,0.091832,0.7761203002353103
23,24,0.089488,0.7551812412606217
24,24,0.086208,0.6989317363669014
25,24,0.092564,0.7728079110432052
26,24,0.08922,0.7716259476192989
27,24,0.087136,0.8154339103681965
28,24,0.088028,0.7960947591172671
29,24,0.089028,0.8123775408120456
30,24,0.088588,0.7787554912675453
31,24,0.090664,0.7165682754143591
32,24,0.088728,0.7793388908960344
33,24,0.090088,0.6934759137531359
34,24,0.081976,0.6999542680245545
35,24,0.090152,0.7341801164326761
36,24,0.084628,0.745759813517296
37,24,0.09138,0.7491464577998695
38,24,0.084268,0.756664973248571
39,24,0.095904,0.8057180732413037
40,24,0.088424,0.6866514294879507
41,24,0.084536,0.7231696405073952
42,24,0.092232,0.7575597749648382
43,24,0.087588,0.6898911934577883
44,24,0.091036,0.6845468388259606
45,24,0.08252,0.7532622914949978
46,24,0.086304,0.6643902906572737
47,24,0.093556,0.6348305249915839
48,24,0.088256,0.7311227324587634
49,24,0.089744,0.6503088305165275
50,24,0.095072,0.7405138127485756
1,25,0.085044,0.7442558023101956
2,25,0.085648,0.709586474170606
3,25,0.088164,0.6660750666039805
4,25,0.085836,0.6809384957984226
5,25,0.083408,0.6730050096725537
6,25,0.084112,0.7513283934414278
7,25,0.088268,0.7695961047254151
8,25,0.089308,0.6911814613852056
9,25,0.086248,0.6797776392098367
10,25,0.087976,0.6549901115020067
11,25,0.086316,0.6717578484012964
12,25,0.086044,0.7060519340188083
13,25,0.082492,0.652901781120208
14,25,0.090764,0.6687823413721334
15,25,0.086032,0.684273674954493
16,25,0.082112,0.6417955457750066
17,25,0.082168,0.6935424201670431
18,25,0.085148,0.6807865117451815
19,25,0.083568,0.6189699624141894
20,25,0.083452,0.7181678458807006
21,25,0.084928,0.6789461933467291
22,25,0.088868,0.6984578135691352
23,25,0.086788,0.6624004753416518
24,25,0.082664,0.6345500831880049
25,25,0.087508,0.7354564920155819
26,25,0.085408,0.6543581654358165
27,25,0.085544,0.690403018264498
28,25,0.085156,0.6926113292392362
29,25,0.08766,0.7231739505608852
30,25,0.086144,0.7371636643733697
31,25,0.084924,0.6581001493504663
32,25,0.084376,0.6919803379104377
33,25,0.0876,0.6668916598576622
34,25,0.081332,0.6677818212773202
35,25,0.08634,0.7129954863232201
36,25,0.081044,0.7052721590959966
37,25,0.086584,0.6727666320626413
38,25,0.086136,0.663158988126628
39,25,0.088852,0.774115844613593
40,25,0.08804,0.649638232176598
41,25,0.08488,0.7007647736499556
42,25,0.084052,0.6963668891194541
43,25,0.086688,0.6730266702044688
44,25,0.084772,0.6238892357016793
45,25,0.081276,0.6804354412846816
46,25,0.08408,0.6493534162214746
47,25,0.08748,0.6365300758162785
48,25,0.08418,0.716519846887945
49,25,0.087808,0.7043420835397062
50,25,0.085628,0.6901690206451399
1,26,0.096296,0.8620082550718389
2,26,0.096712,0.8707366046249295
3,26,0.0932,0.7858361884230922
4,26,0.115852,0.9340695030854174
5,26,0.092716,0.7467031814761359
6,26,0.096216,0.8633268066527131
7,26,0.11296,0.9148652739933393
8,26,0.094808,0.8402033580841528
9,26,0.09402,0.7552410321935956
10,26,0.090256,0.7826542378550618
11,26,0.092492,0.8355053379002289
12,26,0.091088,0.891221738045982
13,26,0.110436,0.8713456535319748
14,26,0.099144,0.8109528002017122
15,26,0.084864,0.7883292823092721
16,26,0.093224,0.748381439412565
17,26,0.087752,0.7904258330821986
18,26,0.10112,0.8383011396118394
19,26,0.108148,0.8537379360661068
20,26,0.088936,0.8102381347035749
21,26,0.094252,0.8752424407328339
22,26,0.09648,0.8257698366457349
23,26,0.09562,0.8709363788239806
24,26,0.090548,0.7793381061023261
25,26,0.101292,0.958904945679221
26,26,0.088868,0.8074401767708089
27,26,0.10318,0.8585892760923776
28,26,0.099232,0.8608749406853078
29,26,0.101728,0.9186912860382249
30,26,0.088968,0.8231519207702683
31,26,0.097248,0.877623689002761
32,26,0.091816,0.8534642555317431
33,26,0.100008,0.879263220439691
34,26,0.089216,0.7704002318657287
35,26,0.097204,0.9080123948649845
36,26,0.096596,0.884231399811319
37,26,0.087544,0.8005016846236439
38,26,0.090716,0.822411569386131
39,26,0.10402,0.8690999706830841
40,26,0.112356,0.9064588062921637
41,26,0.0839,0.7594014433607711
42,26,0.097304,0.8415048036758563
43,26,0.09436,0.765807962529274
44,26,0.094856,0.7704174566001264
45,26,0.085056,0.7468617746216196
46,26,0.092924,0.786740013570036
47,26,0.092892,0.8087573829077433
48,26,0.084388,0.7434336069705479
49,26,0.096612,0.8434397326623544
50,26,0.094896,0.7835939726119241
1,27,0.099056,0.8438848396813767
2,27,0.090304,0.8142485642588114
3,27,0.092348,0.7260720487684987
4,27,0.103196,0.7552667517406586
5,27,0.086044,0.7325567713848689
6,27,0.088796,0.8303223070398643
7,27,0.10272,0.83862815439427
8,27,0.092256,0.8097177306663473
9,27,0.101192,0.7600021425647265
10,27,0.092516,0.7517181062282906
11,27,0.0923,0.7425068231889776
12,27,0.098928,0.8215032408629451
13,27,0.098504,0.7163476436350332
14,27,0.10602,0.8583475575062992
15,27,0.08546,0.7543591959455203
16,27,0.087028,0.6682068916111469
17,27,0.090096,0.6967218994333262
18,27,0.09108,0.8003816233670924
19,27,0.105004,0.7000563074662328
20,27,0.0887,0.7793080986543883
21,27,0.092596,0.8250341493224055
22,27,0.094416,0.7540430141683668
23,27,0.092756,0.8065019631637494
24,27,0.094828,0.759733395372377
25,27,0.098732,0.8566978600306706
26,27,0.09904,0.8021376348316449
27,27,0.10184,0.7348765944878256
28,27,0.093644,0.8128735753158534
29,27,0.090536,0.8167399998178059
30,27,0.094608,0.7946793300653595
31,27,0.103728,0.7329745603946503
32,27,0.094312,0.8376635860841729
33,27,0.09226,0.7808758948444925
34,27,0.088428,0.7944310180823513
35,27,0.09588,0.7565497880418607
36,27,0.0904,0.8626910260829599
37,27,0.096904,0.7514538678819815
38,27,0.084376,0.7513117189310002
39,27,0.098616,0.823070996425549
40,27,0.11188,0.8940277827689335
41,27,0.087764,0.7767571310384519
42,27,0.096376,0.7933183183183183
43,27,0.092644,0.7531053067993366
44,27,0.09944,0.7084853546676044
45,27,0.084944,0.7780196877500511
46,27,0.087408,0.745326278659612
47,27,0.09272,0.7288048248262756
48,27,0.091136,0.7892643087663834
49,27,0.1025,0.806492555722664
50,27,0.102652,0.7717193956142664
1,28,0.087696,0.7104124771528376
2,28,0.083032,0.6793988092971298
3,28,0.088824,0.7083589604808883
4,28,0.0871,0.709070439983092
5,28,0.082004,0.637483061093665
6,28,0.085804,0.7156125949049987
7,28,0.092452,0.7623630584214084
8,28,0.08964,0.7211390467230331
9,28,0.087096,0.7077681668129204
10,28,0.084792,0.7176155787516669
11,28,0.085492,0.6933529057512796
12,28,0.087352,0.8111017267267268
13,28,0.084236,0.6684764948563859
14,28,0.088956,0.7091529785908659
15,28,0.084924,0.6615433761150333
16,28,0.082696,0.6729453209277237
17,28,0.08816,0.6920373474560488
18,28,0.087112,0.6585655102000746
19,28,0.087016,0.6537167903057577
20,28,0.08486,0.7203605722124241
21,28,0.088856,0.6635706674416352
22,28,0.089764,0.6934276620577843
23,28,0.088088,0.7208810306396161
24,28,0.086532,0.7069881968342808
25,28,0.093264,0.7646071987480438
26,28,0.086772,0.7407305601368274
27,28,0.084392,0.7555856805743837
28,28,0.08736,0.7225403126616959
29,28,0.08544,0.7417537321709811
30,28,0.085104,0.739622624743981
31,28,0.086824,0.7578936130461472
32,28,0.08576,0.6989848610796242
33,28,0.087784,0.6951639173616468
34,28,0.0815,0.7332034919056302
35,28,0.090104,0.7395044013124219
36,28,0.081512,0.7919688800256051
37,28,0.08688,0.6567056309703369
38,28,0.082516,0.7713751996349533
39,28,0.088864,0.785526899947532
40,28,0.08948,0.6642519612260697
41,28,0.082328,0.7258617651444296
42,28,0.088456,0.7095977402527783
43,28,0.087312,0.7379300806894257
44,28,0.089312,0.668797373292815
45,28,0.080008,0.7293796864349011
46,28,0.086688,0.6539540210949114
47,28,0.091136,0.6756020548707266
48,28,0.084852,0.7568512456810329
49,28,0.08948,0.6865355282185377
50,28,0.083752,0.6992143658810326
1,29,0.085184,0.7482222760247134
2,29,0.08348,0.7259321648685142
3,29,0.086888,0.7271553960474579
4,29,0.08612,0.7240000172392245
5,29,0.08496,0.6922475635740131
6,29,0.08524,0.7978246960972489
7,29,0.09012,0.7195185895230136
8,29,0.09184,0.748073860636073
9,29,0.087248,0.6300625611169632
10,29,0.08394,0.6885916441192537
11,29,0.086716,0.6482499873511818
12,29,0.087824,0.7379221448827017
13,29,0.085864,0.6629126151355985
14,29,0.08992,0.7168205329666733
15,29,0.086172,0.6827789242662473
16,29,0.083648,0.6097934669363241
17,29,0.08408,0.7349684251954417
18,29,0.082908,0.6783685872205716
19,29,0.084488,0.665947236324692
20,29,0.087272,0.6732575975457771
21,29,0.085956,0.779403165131067
22,29,0.08856,0.7236046180398464
23,29,0.088824,0.6750254697647342
24,29,0.084348,0.647577814556299
25,29,0.088332,0.714822987703266
26,29,0.089076,0.6684520058811174
27,29,0.085516,0.7472419623220603
28,29,0.088212,0.7086420670912531
29,29,0.087248,0.7112694642385853
30,29,0.087512,0.7639038870891047
31,29,0.087716,0.6738054899340603
32,29,0.085812,0.7592637671751595
33,29,0.08886,0.7162323770271333
34,29,0.082788,0.7054996602441859
35,29,0.090148,0.7412394051326013
36,29,0.082284,0.7509347339209468
37,29,0.087432,0.7462334662570003
38,29,0.085976,0.7277773441226725
39,29,0.090244,0.7037478479671567
40,29,0.089724,0.676853901008185
41,29,0.083564,0.6831630885695216
42,29,0.088224,0.6820134169193826
43,29,0.087048,0.6928343615698154
44,29,0.088752,0.672474141043148
45,29,0.085152,0.7088249517475724
46,29,0.0835,0.6486428559874476
47,29,0.087712,0.585812356979405
48,29,0.086612,0.6779348767906453
49,29,0.086788,0.6700590059005901
50,29,0.085548,0.6838264446426802
1,30,0.09136,0.7146598856711297
2,30,0.089316,0.7416290072772792
3,30,0.10868,0.7373150692536153
4,30,0.089196,0.6679749066374739
5,30,0.092024,0.7206314774644492
6,30,0.089628,0.8056305630563058
7,30,0.104156,0.7797811839484209
8,30,0.091308,0.7680000342328002
9,30,0.112096,0.7215487415154637
10,30,0.086696,0.6518967041391882
11,30,0.086316,0.673579797979798
12,30,0.09624,0.768692889327694
13,30,0.095688,0.7650563430148091
14,30,0.093652,0.7054980061153547
15,30,0.093032,0.706594475500709
16,30,0.091072,0.6703544801022062
17,30,0.100412,0.6875589916536753
18,30,0.09214,0.7271958981326475
19,30,0.104508,0.6710641426086147
20,30,0.102404,0.724485207186428
21,30,0.096976,0.7010831937465103
22,30,0.109016,0.7604869572633173
23,30,0.091996,0.7052958321993855
24,30,0.104104,0.6524281718789728
25,30,0.103288,0.760929684539154
26,30,0.089132,0.7415655811936377
27,30,0.10158,0.7432777460029083
28,30,0.097532,0.7125832338655796
29,30,0.090668,0.8239575741741495
30,30,0.09334,0.7091574490688664
31,30,0.09294,0.7167884078626997
32,30,0.093464,0.7099585353854804
33,30,0.0996,0.7821944783270749
34,30,0.084456,0.7504386501815808
35,30,0.106256,0.7419670224191884
36,30,0.093468,0.7964861855563323
37,30,0.092888,0.6816109480136243
38,30,0.092544,0.7592195513423365
39,30,0.100016,0.7384981311586817
40,30,0.099512,0.7716822603093496
41,30,0.088384,0.7717400955374425
42,30,0.088356,0.7130745536028921
43,30,0.095616,0.6806742482794156
44,30,0.106464,0.7088266603685107
45,30,0.089584,0.7357466367524599
46,30,0.085396,0.6636947247022009
47,30,0.10334,0.7086312419793825
48,30,0.089236,0.6811119002525253
49,30,0.121472,0.7946393064503301
50,30,0.102852,0.7755440613026819
1,31,0.096912,0.7786101624374181
2,31,0.093672,0.7234874134264704
3,31,0.101212,0.7098284774944305
4,31,0.099828,0.6681133175138421
5,31,0.095204,0.6717907671165788
6,31,0.092148,0.741384910796153
7,31,0.099316,0.758525679193957
8,31,0.093128,0.7851777709338535
9,31,0.103624,0.7160280970625797
10,31,0.087436,0.6940679076011328
11,31,0.086256,0.6856080199019681
12,31,0.099324,0.7691710783386904
13,31,0.104764,0.7180853683418111
14,31,0.1048,0.7662875024651256
15,31,0.093696,0.721387023018327
16,31,0.08726,0.6761213958355887
17,31,0.093436,0.6647034293917286
18,31,0.096832,0.6587410116429038
19,31,0.114612,0.6466641983144681
20,31,0.091572,0.6969436698708521
21,31,0.092404,0.7234324386161386
22,31,0.098064,0.7506717910261216
23,31,0.09162,0.7299331717705809
24,31,0.092652,0.6542283899627366
25,31,0.104056,0.7116740993769175
26,31,0.093344,0.7603830816662726
27,31,0.10352,0.7433244925733948
28,31,0.099536,0.7498673678868822
29,31,0.098632,0.7832343968501526
30,31,0.097848,0.7816951956884072
31,31,0.092972,0.7096162900188324
32,31,0.091296,0.7221552902616026
33,31,0.09976,0.731541860473847
34,31,0.09254,0.7206642538130278
35,31,0.100712,0.7311596546199964
36,31,0.087012,0.7284813085114139
37,31,0.099568,0.6940122837849009
38,31,0.091712,0.7671544217165913
39,31,0.113656,0.7902624891172936
40,31,0.10144,0.7554530440230082
41,31,0.086296,0.6902707097722142
42,31,0.089332,0.6818515362401173
43,31,0.09714,0.7339372569033644
44,31,0.10606,0.7077585615263194
45,31,0.088164,0.7329512333150368
46,31,0.091436,0.6646643589221476
47,31,0.099628,0.6441041708779731
48,31,0.096336,0.7153533204458019
49,31,0.109132,0.6933649164881104
50,31,0.090688,0.7493063461943917
1,32,0.0891,0.6652647558855082
2,32,0.089504,0.6656715036219306
3,32,0.094852,0.6454774920412085
4,32,0.09036,0.6779213722979004
5,32,0.086284,0.6439909297052154
6,32,0.092984,0.6543657065917339
7,32,0.094816,0.7054235082481723
8,32,0.096636,0.7034202442496441
9,32,0.095516,0.6990330788804071
10,32,0.09344,0.6390494540783558
11,32,0.095288,0.7038456129147519
12,32,0.091528,0.7387941743325616
13,32,0.094784,0.6404509428709372
14,32,0.09246,0.6960896152473189
15,32,0.09396,0.6440486651378441
16,32,0.089264,0.5949796973052787
17,32,0.08732,0.6767479909532746
18,32,0.0914,0.6882032625552408
19,32,0.092368,0.5919273106145176
20,32,0.093644,0.6743084212135106
21,32,0.098208,0.694876676952706
22,32,0.09548,0.6688268075296339
23,32,0.089264,0.6870290891750119
24,32,0.091264,0.6695102109088696
25,32,0.095048,0.7187125312845585
26,32,0.0945,0.6805052941964884
27,32,0.09362,0.7687099549741457
28,32,0.099164,0.7502557628682504
29,32,0.09312,0.7516543337986469
30,32,0.088116,0.6977971986601222
31,32,0.091916,0.6713658187761774
32,32,0.093212,0.7061078964287801
33,32,0.099328,0.6952011920352993
34,32,0.09036,0.7378178629587874
35,32,0.090652,0.779135186567327
36,32,0.087696,0.6771250289622333
37,32,0.091936,0.6802126967732063
38,32,0.086424,0.7878653389180144
39,32,0.101224,0.7120623974439602
40,32,0.094588,0.707124183006536
41,32,0.088268,0.6423116756006236
42,32,0.091096,0.6367052676897031
43,32,0.091032,0.6746771631793385
44,32,0.09822,0.7110337310223473
45,32,0.092296,0.656998076638556
46,32,0.08902,0.6662203593743936
47,32,0.098964,0.7249029457923153
48,32,0.090948,0.7328441986398262
49,32,0.096308,0.6944360801632707
50,32,0.097136,0.6960953773877586
1,33,0.085544,0.7349210116834137
2,33,0.092012,0.77954595320143
3,33,0.091448,0.6813325630656653
4,33,0.089884,0.7677952916737287
5,33,0.08586,0.6948136467172286
6,33,0.0915,0.8199023199023199
7,33,0.089304,0.801607093377667
8,33,0.092216,0.7492732889635296
9,33,0.092748,0.6820949644225507
10,33,0.088436,0.6894465164371382
11,33,0.09414,0.7236409637984441
12,33,0.092848,0.7712731358287506
13,33,0.088148,0.6955435980656522
14,33,0.098812,0.7833741696941899
15,33,0.08706,0.7293337280594492
16,33,0.092928,0.7102720030170179
17,33,0.086956,0.6955308183879613
18,33,0.088408,0.6822696053796635
19,33,0.087288,0.6680790624231315
20,33,0.090816,0.7410451775951156
21,33,0.094568,0.7957202340616863
22,33,0.094308,0.7479524705977612
23,33,0.08848,0.7309460665507717
24,33,0.090364,0.6709903256207567
25,33,0.091748,0.7724064729572993
26,33,0.094484,0.7589073050951505
27,33,0.093616,0.7355408441759416
28,33,0.097416,0.8187502916608334
29,33,0.100152,0.8130731499253573
30,33,0.088516,0.7931837685423563
31,33,0.090036,0.7679750048818591
32,33,0.093024,0.8175316233855545
33,33,0.098416,0.7737975351268402
34,33,0.090116,0.7591712700068246
35,33,0.090024,0.787332002661344
36,33,0.08508,0.8256869509897478
37,33,0.089148,0.6734214149378892
38,33,0.088488,0.8302505910165485
39,33,0.093296,0.7944291303766399
40,33,0.09192,0.728555652992952
41,33,0.088056,0.774550298608876
42,33,0.089064,0.7584507103369871
43,33,0.091324,0.6687426940535289
44,33,0.09344,0.7289953407338144
45,33,0.088876,0.7386288307582478
46,33,0.087184,0.7313440527726243
47,33,0.09232,0.6941924478560906
48,33,0.088952,0.7604887948228859
49,33,0.087968,0.7162467761015596
50,33,0.091192,0.7143650276389794
1,34,0.086376,0.6932245688531307
2,34,0.085548,0.6822929547740351
3,34,0.088052,0.6318935805552743
4,34,0.086232,0.7074642230322667
5,34,0.084216,0.6629045500778158
6,34,0.084932,0.7117777002674107
7,34,0.089716,0.6701693681977923
8,34,0.091156,0.7202097950283117
9,34,0.088196,0.6819042823574546
10,34,0.089748,0.6113812411671049
11,34,0.088088,0.6925528550227478
12,34,0.087344,0.6697220732264537
13,34,0.084536,0.6663315021908313
14,34,0.090268,0.7460046167934807
15,34,0.08838,0.7137292965493212
16,34,0.084848,0.6663408754011305
17,34,0.083316,0.7214161681566453
18,34,0.084748,0.6661082579277737
19,34,0.086788,0.6720327257414426
20,34,0.087416,0.6571515620239519
21,34,0.084412,0.7246512651265127
22,34,0.089808,0.7028980252821889
23,34,0.08896,0.7016949703156853
24,34,0.085936,0.6665620952886572
25,34,0.086624,0.7343310126445008
26,34,0.087852,0.666422786293923
27,34,0.086624,0.7386769912276112
28,34,0.0898,0.6794931993551517
29,34,0.087988,0.7695086094541637
30,34,0.086616,0.7336263469523983
31,34,0.086308,0.7099939958224454
32,34,0.090184,0.692238256428529
33,34,0.091688,0.7356252488312627
34,34,0.080696,0.7232147780534878
35,34,0.0873,0.7286026359551812
36,34,0.084368,0.7086961028192371
37,34,0.090132,0.7037666554157225
38,34,0.08158,0.7888933017568118
39,34,0.089912,0.7365715075863284
40,34,0.085412,0.6868335824613852
41,34,0.082284,0.7582942394657877
42,34,0.086864,0.6771284533172011
43,34,0.086628,0.6773910369992799
44,34,0.089116,0.6826963427476505
45,34,0.08332,0.6347620582232248
46,34,0.08574,0.6354408532243585
47,34,0.089624,0.6738249547498103
48,34,0.08616,0.7134811865690053
49,34,0.082688,0.7432802920713646
50,34,0.087948,0.740306175134242
1,35,0.087344,0.7197236807616536
2,35,0.086472,0.7514352720034402
3,35,0.0873,0.7006496565746734
4,35,0.08486,0.7259706439393939
5,35,0.086264,0.6040605022200114
6,35,0.084368,0.8273538499567421
7,35,0.089448,0.7846587975573716
8,35,0.08828,0.7537008011145941
9,35,0.089484,0.6613681706568447
10,35,0.08444,0.7149180014260622
11,35,0.088528,0.7529476067775435
12,35,0.088056,0.7494494611886426
13,35,0.086536,0.6839642288374372
14,35,0.087164,0.7335012919896641
15,35,0.08504,0.7126963829796394
16,35,0.082688,0.7544417926279501
17,35,0.083284,0.7794363653645091
18,35,0.085692,0.7090964006619277
19,35,0.083424,0.6647528820439055
20,35,0.084616,0.7447024660391437
21,35,0.084948,0.7361997730254992
22,35,0.086092,0.7028590878148401
23,35,0.087136,0.751894989831762
24,35,0.088896,0.6831705186244142
25,35,0.087388,0.7409559715721963
26,35,0.08628,0.7187915475014857
27,35,0.086752,0.7418404757847084
28,35,0.087704,0.7404832493969092
29,35,0.088284,0.80155481123103
30,35,0.088244,0.8009904310396311
31,35,0.08658,0.7387122104436592
32,35,0.087052,0.7413369891630761
33,35,0.088224,0.7252304632859767
34,35,0.081676,0.7369596618257166
35,35,0.086788,0.7473600450177169
36,35,0.083024,0.7787495534119329
37,35,0.087224,0.7191192334538994
38,35,0.084064,0.8250970143343628
39,35,0.091896,0.7381421788489658
40,35,0.089552,0.7049565421658445
41,35,0.08374,0.7746140538914275
42,35,0.08486,0.7038787087190913
43,35,0.08826,0.6897963299052229
44,35,0.089688,0.6739454345280472
45,35,0.083368,0.6964053553747471
46,35,0.088056,0.7187916258262335
47,35,0.085408,0.7315092519512408
48,35,0.087932,0.751745583162155
49,35,0.084528,0.7168804256023127
50,35,0.086364,0.708312775943426
1,36,0.08424,0.7427996053467407
2,36,0.091576,0.7235833616904055
3,36,0.08952,0.6510466330654315
4,36,0.085768,0.6650698843640019
5,36,0.084252,0.6835391567527688
6,36,0.090288,0.7429830314649446
7,36,0.08826,0.7546923026616964
8,36,0.091176,0.6764368279415095
9,36,0.09034,0.6640467691744463
10,36,0.091564,0.6679182926460356
11,36,0.097708,0.6571301771012427
12,36,0.093404,0.7468453131825289
13,36,0.0933,0.6914557264486728
14,36,0.095332,0.6843563298955309
15,36,0.092896,0.707067504354804
16,36,0.09068,0.6911963634075752
17,36,0.094656,0.6846919558783966
18,36,0.08802,0.6832358674463939
19,36,0.08982,0.6785569153342399
20,36,0.09406,0.7564410010453176
21,36,0.095124,0.7703195782884441
22,36,0.091776,0.7557142317427934
23,36,0.092544,0.6924454323731901
24,36,0.08664,0.6522638095909401
25,36,0.094588,0.7343606612082425
26,36,0.092512,0.7165738189250339
27,36,0.089244,0.7633842441979469
28,36,0.094144,0.7288903164915871
29,36,0.101024,0.7216506931621677
30,36,0.088076,0.7522436567684372
31,36,0.087728,0.7265956227798785
32,36,0.091536,0.7446214444195149
33,36,0.099192,0.6965361009785189
34,36,0.089832,0.7936507936507937
35,36,0.0857,0.7781144222166883
36,36,0.08376,0.7839136794513782
37,36,0.09586,0.7369372982452
38,36,0.08492,0.7853881921277724
39,36,0.096144,0.7683298167729766
40,36,0.091244,0.6831161093895679
41,36,0.089528,0.696029170172697
42,36,0.086504,0.6975793383691073
43,36,0.095196,0.6654412431160563
44,36,0.100052,0.700472276299661
45,36,0.092824,0.7359777737218877
46,36,0.096852,0.6832786526684164
47,36,0.09692,0.7173499276279048
48,36,0.090128,0.7512257559714408
49,36,0.089536,0.7461849440401719
50,36,0.090464,0.7470182761019414
1,37,0.089064,0.7638152121235935
2,37,0.090524,0.8088108432809867
3,37,0.09158,0.7085580855092527
4,37,0.091124,0.7640377498623436
5,37,0.087136,0.7525793178794528
6,37,0.091628,0.7924111544984814
7,37,0.089884,0.7586779347568974
8,37,0.090412,0.7467203056409477
9,37,0.089728,0.7145661562622693
10,37,0.089348,0.6605138716165384
11,37,0.091284,0.7058210528409204
12,37,0.089904,0.7492801150114629
13,37,0.091656,0.737241350939981
14,37,0.09462,0.771340578809056
15,37,0.089008,0.7707499438565898
16,37,0.086012,0.7473263514622451
17,37,0.086224,0.7604017861153788
18,37,0.088556,0.6715452327924488
19,37,0.087312,0.6982326041280436
20,37,0.088888,0.8046558055624239
21,37,0.096084,0.864202543523669
22,37,0.087588,0.7697368715108769
23,37,0.09164,0.7686216283098243
24,37,0.087872,0.6645951035781544
25,37,0.092332,0.7946373683866327
26,37,0.08832,0.7689558505055336
27,37,0.08928,0.7958741381879257
28,37,0.08836,0.7502653755334591
29,37,0.095056,0.8291809001261776
30,37,0.0892,0.7444094904388007
31,37,0.091972,0.8017079765858994
32,37,0.093812,0.7919693663628974
33,37,0.091328,0.6868757475495907
34,37,0.086,0.7892238972640983
35,37,0.091792,0.7765914922698026
36,37,0.08662,0.8065514026612424
37,37,0.092156,0.7447527768490657
38,37,0.09344,0.7574841145897887
39,37,0.09404,0.7994233582924521
40,37,0.095984,0.7308833448347115
41,37,0.087072,0.769899088014678
42,37,0.084848,0.7551798306515288
43,37,0.093792,0.7350205286117527
44,37,0.096912,0.7553815036022397
45,37,0.084744,0.7967954669904531
46,37,0.086772,0.7617763828531574
47,37,0.093932,0.6943977559008602
48,37,0.091396,0.7575400446066505
49,37,0.087464,0.6954249812499231
50,37,0.08664,0.7892879577282638
1,38,0.086072,0.7521295516240757
2,38,0.0829,0.7289099654128837
3,38,0.089992,0.6670432884461662
4,38,0.0856,0.7730037411921321
5,38,0.085652,0.6397216670367902
6,38,0.083888,0.7675917003021374
7,38,0.087456,0.7855056614949992
8,38,0.086076,0.7539743160245673
9,38,0.089616,0.6864680985720502
10,38,0.086016,0.695944621671775
11,38,0.08844,0.6973575154794988
12,38,0.086712,0.7229789235175922
13,38,0.085512,0.6956058700209644
14,38,0.087568,0.7269885022268162
15,38,0.085976,0.6959327818036938
16,38,0.08542,0.6720125824603437
17,38,0.085112,0.7543407720744417
18,38,0.083232,0.6863747082971366
19,38,0.086828,0.6812597594857132
20,38,0.090252,0.7126867639482193
21,38,0.087668,0.7694079520040712
22,38,0.0861,0.747005616683499
23,38,0.088624,0.7414034142650096
24,38,0.088464,0.6879350627453813
25,38,0.087936,0.7378558709317543
26,38,0.091092,0.7778341617439126
27,38,0.087084,0.7120824458140601
28,38,0.083724,0.7189241825399973
29,38,0.087136,0.7754264112720893
30,38,0.084772,0.7591664841582714
31,38,0.084384,0.7214723603546714
32,38,0.089616,0.7706584102994682
33,38,0.08886,0.767716327768547
34,38,0.081504,0.7144297688824065
35,38,0.08776,0.7294697095471012
36,38,0.08088,0.7857618097139055
37,38,0.087444,0.7590477075013157
38,38,0.082156,0.7675626856803327
39,38,0.088628,0.7635533449128902
40,38,0.086864,0.725471060088519
41,38,0.085344,0.75154202437589
42,38,0.084016,0.6860954019643815
43,38,0.090772,0.6700592847580799
44,38,0.086504,0.7267162560049589
45,38,0.080612,0.7576650237339121
46,38,0.083912,0.683600409137402
47,38,0.086772,0.6822256355243482
48,38,0.088208,0.7387751955910126
49,38,0.086672,0.6855944078799541
50,38,0.086836,0.6839738581241657
1,39,0.087088,0.7218205236109517
2,39,0.09064,0.8088677772815649
3,39,0.08924,0.6702428622016756
4,39,0.089376,0.8049269341496301
5,39,0.084796,0.6970547994527255
6,39,0.091168,0.7670917941406902
7,39,0.09078,0.800737496707604
8,39,0.091584,0.7298497351387971
9,39,0.092232,0.6863296635733087
10,39,0.090084,0.691147367087806
11,39,0.094056,0.7331370577816076
12,39,0.089852,0.7778789158003975
13,39,0.087996,0.6950083465656935
14,39,0.095864,0.7696356457151724
15,39,0.091248,0.7079912228206663
16,39,0.084744,0.7029210106133184
17,39,0.085884,0.7224551595620777
18,39,0.088476,0.6775575047342858
19,39,0.089852,0.662568023696356
20,39,0.089724,0.752749321762647
21,39,0.088572,0.73770247419958
22,39,0.088356,0.6979801309679337
23,39,0.088476,0.7326746522214593
24,39,0.086844,0.6388370754173863
25,39,0.089132,0.7204682290889187
26,39,0.093888,0.8117117707445995
27,39,0.092988,0.7438408950674039
28,39,0.085928,0.7219766109085896
29,39,0.093388,0.7907701420275299
30,39,0.08936,0.7772652359680634
31,39,0.089972,0.7567748324780389
32,39,0.089516,0.7409353385367091
33,39,0.08954,0.73944744197043
34,39,0.08332,0.7920671397669186
35,39,0.089852,0.739534551023929
36,39,0.088024,0.8270310213013884
37,39,0.092616,0.7547179218707153
38,39,0.084888,0.7130762359703289
39,39,0.091012,0.702862344331954
40,39,0.091328,0.7558719912241841
41,39,0.086168,0.7781355349157206
42,39,0.086584,0.7137497988805054
43,39,0.0881,0.7033024371805617
44,39,0.09184,0.7563514852316423
45,39,0.08388,0.7309222971767141
46,39,0.084096,0.7537893331870623
47,39,0.093204,0.6680562522060599
48,39,0.089824,0.7249276081740713
49,39,0.088012,0.7076965697462869
50,39,0.090524,0.73881565495341
1,40,0.087108,0.6752041082425628
2,40,0.086972,0.6358400036643879
3,40,0.088676,0.6079612210329045
4,40,0.085948,0.6389499773100151
5,40,0.084608,0.6582203793959086
6,40,0.087336,0.7545273934283964
7,40,0.090084,0.6869964797883147
8,40,0.089168,0.6780979804416751
9,40,0.088604,0.6426062661388804
10,40,0.085112,0.6149765872338812
11,40,0.089492,0.6438917573126056
12,40,0.08632,0.7106397742321737
13,40,0.088164,0.6561995938497244
14,40,0.090836,0.7179870999148107
15,40,0.087476,0.6477548754250815
16,40,0.082624,0.6162896706616114
17,40,0.085404,0.6814278643900025
18,40,0.086196,0.6518203811884109
19,40,0.086504,0.6555236508442932
20,40,0.09,0.6727244576051404
21,40,0.090688,0.6456059544073963
22,40,0.089504,0.6468064446928383
23,40,0.085504,0.630261621521636
24,40,0.083992,0.6665061906701724
25,40,0.088132,0.6758941753583846
26,40,0.087636,0.6425265346527085
27,40,0.086692,0.696377711541646
28,40,0.087824,0.6219773696902244
29,40,0.093312,0.6815494393476045
30,40,0.085692,0.6885529426402887
31,40,0.085088,0.6128202801222131
32,40,0.089724,0.6691790061185129
33,40,0.091636,0.6729066849190053
34,40,0.083608,0.657995118421214
35,40,0.085904,0.7468307233407905
36,40,0.083964,0.6633502230093139
37,40,0.090268,0.6793544043185011
38,40,0.083452,0.7306140563221174
39,40,0.085808,0.7171514371514371
40,40,0.089628,0.701797029942437
41,40,0.083656,0.6447801712367276
42,40,0.08734,0.6325118157015442
43,40,0.091992,0.629708370914401
44,40,0.08586,0.6349267034308047
45,40,0.084596,0.6168093129268871
46,40,0.084224,0.6215518207932696
47,40,0.091412,0.6097354964654589
48,40,0.087148,0.6527285971944669
49,40,0.086236,0.6524447592625385
50,40,0.088832,0.6281452385443598
1,41,0.084956,0.749185389212933
2,41,0.085704,0.7310727653088409
3,41,0.08828,0.6562474647381292
4,41,0.083844,0.7053179611020227
5,41,0.08284,0.6485822236895198
6,41,0.088312,0.7802810077519379
7,41,0.092572,0.7373948467257359
8,41,0.085332,0.7672600339459152
9,41,0.086968,0.7269892666546741
10,41,0.086128,0.6469778231563957
11,41,0.08568,0.700006731966744
12,41,0.086684,0.8145648531791798
13,41,0.086568,0.6613760390887746
14,41,0.091196,0.6585793112243942
15,41,0.084792,0.7266220536059296
16,41,0.084648,0.7285841511696602
17,41,0.084316,0.7093388343972185
18,41,0.08556,0.700099447141316
19,41,0.085024,0.7011787085159142
20,41,0.08998,0.7209276520195295
21,41,0.085544,0.790871174844182
22,41,0.08822,0.7539265418540599
23,41,0.085576,0.7209517389200029
24,41,0.08318,0.6990100467057107
25,41,0.086024,0.7568362615581922
26,41,0.08444,0.7419905255831706
27,41,0.084264,0.705748790397284
28,41,0.087184,0.7568404658242187
29,41,0.091536,0.8058627629071611
30,41,0.085316,0.739836425294235
31,41,0.087336,0.6774045985313591
32,41,0.085868,0.7255480205437334
33,41,0.087816,0.7371231829928995
34,41,0.081796,0.7935918044310735
35,41,0.086648,0.7828307839037453
36,41,0.08134,0.7397257089725708
37,41,0.087696,0.718934699663886
38,41,0.083684,0.7674795154637252
39,41,0.08758,0.7601582880134412
40,41,0.08894,0.7186459512466156
41,41,0.082952,0.6674592447981846
42,41,0.083412,0.7358832024550953
43,41,0.091212,0.6597292647931551
44,41,0.087528,0.690309926099554
45,41,0.081084,0.7148943491390825
46,41,0.083244,0.6720817234515866
47,41,0.087312,0.6781570404654004
48,41,0.084848,0.7169650912624055
49,41,0.086364,0.7333428938951467
50,41,0.08424,0.7179901053764288
1,42,0.08616,0.6785941242606444
2,42,0.087796,0.7029605452942002
3,42,0.092468,0.6801875812966386
4,42,0.089272,0.6624227860190706
5,42,0.086792,0.6301686538439639
6,42,0.089616,0.7070906272571601
7,42,0.091484,0.6707499582174818
8,42,0.08998,0.7671538324722253
9,42,0.09442,0.651743169340041
10,42,0.086856,0.6436858855518477
11,42,0.089932,0.6739646623367553
12,42,0.090236,0.7124805795902142
13,42,0.090156,0.7030120602813397
14,42,0.091472,0.7629810836752202
15,42,0.085796,0.6865460104954341
16,42,0.08316,0.6614641397250093
17,42,0.084956,0.6947089746346111
18,42,0.085508,0.6816866933689363
19,42,0.085828,0.6911396927474098
20,42,0.08544,0.6313289305990035
21,42,0.086412,0.7153867081558565
22,42,0.093708,0.6817344283501046
23,42,0.086048,0.6828654150570442
24,42,0.087812,0.6405495065701873
25,42,0.088492,0.7503428821134518
26,42,0.088988,0.7243628260978417
27,42,0.09418,0.6995554637408375
28,42,0.088572,0.7051003231474313
29,42,0.089248,0.7374474954150926
30,42,0.088692,0.7274729061348327
31,42,0.088836,0.6900215632991046
32,42,0.09018,0.7049384056659549
33,42,0.089084,0.7085797243691981
34,42,0.083476,0.7346437014522121
35,42,0.087136,0.7384988732882649
36,42,0.083264,0.7078038737427383
37,42,0.089444,0.7282027542143149
38,42,0.085788,0.6854348498916744
39,42,0.092632,0.7503575296150253
40,42,0.093888,0.7018001585432492
41,42,0.083864,0.7158195507173972
42,42,0.086464,0.6729863932417617
43,42,0.09106,0.6391937568892844
44,42,0.097372,0.6391277399382926
45,42,0.085028,0.6423625880240087
46,42,0.08738,0.6727909953230224
47,42,0.089316,0.6980278945418821
48,42,0.086764,0.7127646105540362
49,42,0.084656,0.7101220579548934
50,42,0.088788,0.6609853096339583
1,43,0.085684,0.7038713877475101
2,43,0.08694,0.6976932650285085
3,43,0.089772,0.6765007506190169
4,43,0.090448,0.7022701838529176
5,43,0.088436,0.648935641957059
6,43,0.093056,0.7313600991445562
7,43,0.092128,0.7608507273079091
8,43,0.089076,0.769573852900595
9,43,0.089876,0.6284142813781098
10,43,0.085548,0.6505613131205211
11,43,0.096612,0.6386327970062254
12,43,0.093556,0.7866702492450997
13,43,0.090184,0.6885909425901622
14,43,0.093196,0.7153290137470047
15,43,0.088612,0.6627657840191901
16,43,0.083304,0.6291057006891376
17,43,0.08566,0.6496348924412867
18,43,0.092556,0.6731820116221703
19,43,0.08848,0.6724524737277128
20,43,0.090768,0.7444804732339609
21,43,0.085352,0.6965957554192848
22,43,0.093724,0.6906065375578823
23,43,0.088428,0.7706294759980147
24,43,0.0891,0.640052306977511
25,43,0.095684,0.6740334715520983
26,43,0.093316,0.7494200581991065
27,43,0.093936,0.7967988865692415
28,43,0.089536,0.7141967570402052
29,43,0.091144,0.7561010677661486
30,43,0.090392,0.7858840859674424
31,43,0.089776,0.7031393605185507
32,43,0.091152,0.7668700100601468
33,43,0.09156,0.7454223419647756
34,43,0.08722,0.6723114448476428
35,43,0.088528,0.7789037680460048
36,43,0.087548,0.7215057717587485
37,43,0.087968,0.7544089801951189
38,43,0.09102,0.6908272148800783
39,43,0.09286,0.7689116333923006
40,43,0.089156,0.6744319917295176
41,43,0.085204,0.7586369596087452
42,43,0.087484,0.7082115831272945
43,43,0.086732,0.6743625349674979
44,43,0.095764,0.6915778180111312
45,43,0.088148,0.7063153512947644
46,43,0.086676,0.6509426958169705
47,43,0.088964,0.724451290271412
48,43,0.0911,0.7464782250337848
49,43,0.087424,0.7118734127432399
50,43,0.088024,0.6756885599532816
1,44,0.0839,0.7412539734142465
2,44,0.082636,0.7678456622040692
3,44,0.087212,0.6472804851183229
4,44,0.085864,0.7561319399554695
5,44,0.08302,0.6278165448273679
6,44,0.084876,0.7365638649195697
7,44,0.0873,0.8078362573099415
8,44,0.086968,0.7737531597773346
9,44,0.087752,0.7172380808538489
10,44,0.0829,0.7346001432755698
11,44,0.086536,0.6828262810867677
12,44,0.088628,0.7364846197331566
13,44,0.088868,0.7083415297859087
14,44,0.090972,0.7322842756722457
15,44,0.083048,0.7314341368395423
16,44,0.084568,0.709905548436091
17,44,0.08928,0.6849513755141831
18,44,0.082748,0.7534047483063322
19,44,0.0831,0.729267514349024
20,44,0.088288,0.7310102166263936
21,44,0.087384,0.698960084379841
22,44,0.087092,0.6874877738654146
23,44,0.084276,0.7516299723826034
24,44,0.082292,0.6732198076841615
25,44,0.08676,0.7537903961861215
26,44,0.085632,0.7397294755110423
27,44,0.086944,0.7499933972479731
28,44,0.08802,0.6432598179255704
29,44,0.087892,0.7759700354371327
30,44,0.08658,0.7860165881469815
31,44,0.084976,0.695633278058372
32,44,0.0883,0.698980632008155
33,44,0.087772,0.753365113133462
34,44,0.082312,0.7116139808447501
35,44,0.086528,0.7739228468301377
36,44,0.082156,0.7309272621260159
37,44,0.089588,0.6884390816634142
38,44,0.082732,0.7851880741896343
39,44,0.085908,0.7605911374480251
40,44,0.088836,0.6604901813184479
41,44,0.084616,0.6907234730750765
42,44,0.080596,0.7583546695050967
43,44,0.089556,0.6842917594303127
44,44,0.086568,0.7094697639931582
45,44,0.081188,0.6802257831147847
46,44,0.083924,0.6818815565130479
47,44,0.088912,0.7149936199997523
48,44,0.08634,0.71422441445001
49,44,0.087612,0.6968493448260316
50,44,0.084272,0.7483862779228314
1,45,0.089392,0.7856066482982461
2,45,0.08706,0.7205346036112916
3,45,0.087904,0.7152406975675382
4,45,0.086768,0.7303163520386173
5,45,0.086004,0.6547303848817652
6,45,0.086268,0.7373820826885584
7,45,0.09338,0.7237420877588241
8,45,0.088424,0.8051617894940452
9,45,0.090284,0.749490558923586
10,45,0.088556,0.6460884237407939
11,45,0.088816,0.7372440640694184
12,45,0.086836,0.7782375165005234
13,45,0.091848,0.6651566373675907
14,45,0.095508,0.7322415308781515
15,45,0.086628,0.6801277913769237
16,45,0.086004,0.6985669156258499
17,45,0.08626,0.7030618794125421
18,45,0.08618,0.6937979186643588
19,45,0.088888,0.6913589163336383
20,45,0.091168,0.764090486308442
21,45,0.090424,0.7430413864329076
22,45,0.089248,0.7632178202733475
23,45,0.08876,0.7379418829581447
24,45,0.084208,0.6618648389531445
25,45,0.08948,0.7175301690785466
26,45,0.088088,0.7060620678565686
27,45,0.091016,0.8073888687056248
28,45,0.08724,0.6965470136111522
29,45,0.092916,0.7788547905784794
30,45,0.086884,0.8073632429841994
31,45,0.085224,0.711323846041672
32,45,0.091244,0.7527455881239112
33,45,0.093,0.7509898195870979
34,45,0.084292,0.7641225143405649
35,45,0.089768,0.7325096692813406
36,45,0.0843,0.8232715091504716
37,45,0.088816,0.7273451988352676
38,45,0.084684,0.7652808249736677
39,45,0.090296,0.7445480504384303
40,45,0.089224,0.7821293181696835
41,45,0.084884,0.7685158318940702
42,45,0.084416,0.7412658023345046
43,45,0.092236,0.7400885935769657
44,45,0.088324,0.7236461851235781
45,45,0.0855,0.7269598553660502
46,45,0.085428,0.6852569998591327
47,45,0.091428,0.6390365751376581
48,45,0.088368,0.6942844412038724
49,45,0.087684,0.6862481206654057
50,45,0.085912,0.7029737162398345
1,46,0.090664,0.6751656433204982
2,46,0.088776,0.7554358200149236
3,46,0.094148,0.6428690919833567
4,46,0.089736,0.712789876806183
5,46,0.088628,0.655699755820884
6,46,0.091672,0.7145544867560936
7,46,0.095756,0.7608247839899633
8,46,0.091856,0.756404283093868
9,46,0.097788,0.681079426802045
10,46,0.0891,0.7069505143617303
11,46,0.09482,0.6840918409184092
12,46,0.093012,0.7723951011309953
13,46,0.0927,0.7112514736090905
14,46,0.098384,0.7190775681341719
15,46,0.089596,0.6704038395186646
16,46,0.085888,0.6926020195970788
17,46,0.087024,0.6811685684227563
18,46,0.088464,0.6587033620692989
19,46,0.08832,0.6934656479895702
20,46,0.091724,0.6363626485863919
21,46,0.093392,0.705738064972575
22,46,0.096872,0.7049417244180867
23,46,0.089032,0.7115834000698166
24,46,0.091704,0.7175295076766144
25,46,0.095316,0.7141642230995974
26,46,0.088776,0.7672330395933371
27,46,0.094476,0.7458606968784393
28,46,0.093288,0.7015870803374724
29,46,0.092104,0.7316838085477594
30,46,0.091988,0.7204564173647522
31,46,0.086564,0.7402264183932162
32,46,0.089008,0.765918685515091
33,46,0.090296,0.748294226384606
34,46,0.08786,0.7263526680561909
35,46,0.092224,0.7376905676430765
36,46,0.087256,0.8178557571283915
37,46,0.090564,0.7465025252525253
38,46,0.088432,0.7043813271035698
39,46,0.09478,0.7795779089242232
40,46,0.099628,0.7173823858785439
41,46,0.0878,0.7622426468962895
42,46,0.084508,0.6957556777675934
43,46,0.093592,0.6616611988168893
44,46,0.09674,0.6543338819259822
45,46,0.085524,0.7042418233357485
46,46,0.088564,0.6791308761827713
47,46,0.094372,0.6957906297144985
48,46,0.091572,0.7165461557001688
49,46,0.08828,0.6755859730836561
50,46,0.093112,0.6893152694679413
1,47,0.088864,0.7239512855209743
2,47,0.102988,0.7415514932073417
3,47,0.091388,0.6727969348659003
4,47,0.093448,0.7082631874298542
5,47,0.090052,0.6465707116600664
6,47,0.096792,0.6967815170940171
7,47,0.098064,0.7735278669858109
8,47,0.091688,0.7406278900779496
9,47,0.102064,0.6757882906035623
10,47,0.091776,0.6877468673715323
11,47,0.095416,0.687991096520124
12,47,0.095984,0.7320667939452857
13,47,0.09326,0.6776236656141934
14,47,0.0962,0.7356602430188799
15,47,0.091336,0.6917156943174805
16,47,0.08862,0.6454712062744027
17,47,0.088164,0.6982378405284438
18,47,0.097776,0.6316418515142307
19,47,0.093308,0.6557451300539502
20,47,0.095108,0.6776432428447687
21,47,0.096752,0.7543223569915043
22,47,0.0954,0.6717544723453143
23,47,0.093552,0.7399186538259386
24,47,0.093068,0.6799067715298082
25,47,0.100332,0.6641562437754562
26,47,0.093144,0.8091750209680889
27,47,0.096148,0.7481510609057617
28,47,0.099336,0.7168544820075126
29,47,0.097352,0.7755514266862585
30,47,0.094164,0.7479240662352618
31,47,0.098036,0.7178758667343142
32,47,0.091424,0.727579627183326
33,47,0.095648,0.7525121191691547
34,47,0.094956,0.7146506810135583
35,47,0.099104,0.688217834559298
36,47,0.101268,0.8064042007433447
37,47,0.098096,0.7471216097987752
38,47,0.090908,0.7805284196668715
39,47,0.1012,0.7603410795750285
40,47,0.097036,0.7396639467552001
41,47,0.093124,0.7873529209975645
42,47,0.09086,0.7235695679511362
43,47,0.097312,0.6805325060832529
44,47,0.097304,0.726445699245589
45,47,0.09602,0.723468035709457
46,47,0.092464,0.7284327255998644
47,47,0.097184,0.6840191415397595
48,47,0.095788,0.7120078522133999
49,47,0.094052,0.6883516749213258
50,47,0.095084,0.7599405561662799
1,48,0.088192,0.7455211058443633
2,48,0.090428,0.7385525112439083
3,48,0.090448,0.6907044273449721
4,48,0.09054,0.7483914520178048
5,48,0.08792,0.6545291285433406
6,48,0.094432,0.7353571570853751
7,48,0.093276,0.7860150382367902
8,48,0.099944,0.7825865782801186
9,48,0.097424,0.750682109467758
10,48,0.10094,0.7126468049298891
11,48,0.092592,0.71216306465444
12,48,0.0906,0.7549794364569525
13,48,0.094648,0.7054957359347199
14,48,0.092268,0.7338029945993024
15,48,0.089636,0.7075124002500345
16,48,0.090016,0.6696813391005328
17,48,0.088152,0.7257220007172541
18,48,0.093168,0.7392722404770597
19,48,0.096384,0.6521693222253899
20,48,0.09944,0.6996908849098927
21,48,0.097344,0.784351964283524
22,48,0.096152,0.7226153039832285
23,48,0.093856,0.7124472055502907
24,48,0.090472,0.6637167467902969
25,48,0.099776,0.7523915025213188
26,48,0.09434,0.7029226444544153
27,48,0.090752,0.7359301433223404
28,48,0.098816,0.7329506628399616
29,48,0.098032,0.7667769141064984
30,48,0.09312,0.8011145942180424
31,48,0.089492,0.7117584317187098
32,48,0.094544,0.7390741340239559
33,48,0.098368,0.7433117920922799
34,48,0.094548,0.6390793167167421
35,48,0.09382,0.81783656998517
36,48,0.091148,0.7716269380095211
37,48,0.091352,0.7292936726975365
38,48,0.09558,0.7584620174597976
39,48,0.102184,0.7644415502317274
40,48,0.0964,0.7105731711936963
41,48,0.094504,0.7073320939327106
42,48,0.086884,0.6843842194144337
43,48,0.10156,0.7028274668205424
44,48,0.095228,0.6398746622083425
45,48,0.090476,0.7675696440749662
46,48,0.09338,0.6808622918810523
47,48,0.095288,0.6314004993991279
48,48,0.090912,0.7610301014752281
49,48,0.093712,0.7247971202372316
50,48,0.098244,0.6782001978196984
1,49,0.083408,0.7306796926513531
2,49,0.09382,0.7752542429815501
3,49,0.091412,0.6623607632542853
4,49,0.088524,0.6644083898875923
5,49,0.083108,0.7088502133294745
6,49,0.093128,0.7481301053045961
7,49,0.090696,0.7503957850475576
8,49,0.092244,0.792426874235439
9,49,0.090036,0.6816547114507879
10,49,0.08976,0.6704436395158045
11,49,0.092152,0.6552639263127936
12,49,0.092624,0.8134646525143631
13,49,0.087224,0.7970181575878728
14,49,0.094236,0.730401962185074
15,49,0.087824,0.6834748761500354
16,49,0.091748,0.6586643696419849
17,49,0.085556,0.6635719747273532
18,49,0.092664,0.684998720841877
19,49,0.090944,0.6613289242221769
20,49,0.093196,0.7245775545990755
21,49,0.087812,0.8146679973947717
22,49,0.096096,0.7397176181706568
23,49,0.090064,0.7233092861613466
24,49,0.089988,0.7232854470077229
25,49,0.093936,0.7084031267448353
26,49,0.092772,0.7571828501782454
27,49,0.08898,0.7580718686099064
28,49,0.09314,0.7930553937621075
29,49,0.090968,0.8150923587919596
30,49,0.094852,0.6993680740690106
31,49,0.086988,0.7627537124844849
32,49,0.091204,0.7626912955724177
33,49,0.095752,0.7902708220891751
34,49,0.089932,0.681269237094993
35,49,0.089856,0.7116254842595305
36,49,0.087584,0.7810373629955588
37,49,0.09236,0.7046170030696279
38,49,0.086104,0.7643565967138441
39,49,0.094416,0.7603675671240745
40,49,0.096208,0.7080707968620505
41,49,0.087248,0.7417196677440656
42,49,0.086716,0.7201707631938853
43,49,0.091236,0.7088550966035958
44,49,0.098704,0.7076830621642648
45,49,0.09062,0.6763137263988817
46,49,0.087588,0.7085100896674486
47,49,0.094636,0.6525011924101747
48,49,0.090416,0.775146485438585
49,49,0.090332,0.7214725786101689
50,49,0.09338,0.7354583695967508
1,50,0.087868,0.7264289224408181
2,50,0.088732,0.6640033233555019
3,50,0.090856,0.6568245167203852
4,50,0.092144,0.6996159952449106
5,50,0.087848,0.6452863402407056
6,50,0.089016,0.7334429685852836
7,50,0.091992,0.7920462875693789
8,50,0.090528,0.729040347794524
9,50,0.092396,0.6430434482933748
10,50,0.091244,0.6708373326020385
11,50,0.086844,0.7290328405954132
12,50,0.089052,0.7484973679807457
13,50,0.088764,0.7012996522057477
14,50,0.09464,0.7418088600496676
15,50,0.08936,0.7338847282110766
16,50,0.087168,0.6737619304880245
17,50,0.086096,0.7140690759767588
18,50,0.085724,0.690857230766672
19,50,0.09094,0.6630571730173325
20,50,0.092608,0.7270006757409015
21,50,0.089652,0.7323707494940372
22,50,0.091496,0.741918909399797
23,50,0.086844,0.7669879788787777
24,50,0.087412,0.6755905952752378
25,50,0.090272,0.7593664018102806
26,50,0.090004,0.7529825908858166
27,50,0.088688,0.7492024074361495
28,50,0.08868,0.743916078522118
29,50,0.08968,0.7661093286729095
30,50,0.088696,0.7791964453009985
31,50,0.085656,0.7443538936827528
32,50,0.088192,0.7589070405738388
33,50,0.0914,0.706098573807168
34,50,0.08216,0.7396883255552794
35,50,0.088812,0.7709403746667374
36,50,0.086392,0.799313371458547
37,50,0.08758,0.7143988236624815
38,50,0.083648,0.7828697370421037
39,50,0.090156,0.738391376451078
40,50,0.087996,0.7323118080316255
41,50,0.083684,0.7146309160439253
42,50,0.087996,0.7564941894094758
43,50,0.08976,0.6814016912904428
44,50,0.092212,0.7106548319252842
45,50,0.085872,0.7192439596709729
46,50,0.08442,0.6861764866373684
47,50,0.088548,0.6577482942792751
48,50,0.086844,0.7345303939134272
49,50,0.08748,0.7272374916412176
50,50,0.088152,0.7245479211958812
1,51,0.085764,0.6382597822203583
2,51,0.087944,0.7495324338665762
3,51,0.089392,0.7036766969682239
4,51,0.085652,0.7297024908050942
5,51,0.084648,0.6834968792763927
6,51,0.08712,0.8025178162767826
7,51,0.087216,0.7950479779089206
8,51,0.087984,0.7738617313753101
9,51,0.09,0.6949071586363365
10,51,0.084648,0.6694000827811176
11,51,0.086692,0.7341037707233793
12,51,0.089196,0.7909155059351249
13,51,0.08364,0.7110167492333097
14,51,0.091216,0.7388646613738864
15,51,0.085524,0.7178990086981247
16,51,0.083548,0.6717012717687331
17,51,0.084932,0.7154616076680853
18,51,0.084484,0.729626091340923
19,51,0.085696,0.6595640930329227
20,51,0.085408,0.726386437427818
21,51,0.0868,0.7285097052943832
22,51,0.089712,0.6997935096134531
23,51,0.088408,0.739489258347017
24,51,0.085288,0.6846343637909229
25,51,0.08576,0.7566591564244053
26,51,0.086348,0.7236530033513792
27,51,0.086108,0.7039968025579536
28,51,0.085728,0.7605690450689842
29,51,0.086132,0.7461625571745805
30,51,0.087904,0.7220073967363375
31,51,0.088304,0.664056556292941
32,51,0.088536,0.7202752841110652
33,51,0.088992,0.8090642549241275
34,51,0.081152,0.741935182459927
35,51,0.089436,0.734955411763222
36,51,0.084144,0.7291189575899594
37,51,0.090112,0.7600075617940356
38,51,0.083544,0.725399622628075
39,51,0.089936,0.7976270668858172
40,51,0.088256,0.7359404859404859
41,51,0.084804,0.7094562922251896
42,51,0.086716,0.7024513912343687
43,51,0.085972,0.7024937645371457
44,51,0.085048,0.692502162756906
45,51,0.081924,0.7516827215622396
46,51,0.08846,0.7497296829721898
47,51,0.085312,0.6791074883701782
48,51,0.083204,0.7559585012273633
49,51,0.08644,0.7227688811713509
50,51,0.083752,0.7615237142618988
1,52,0.08782,0.7234259118476847
2,52,0.090812,0.7031126094354584
3,52,0.089252,0.6687910210105247
4,52,0.090024,0.7017319978169443
5,52,0.088928,0.7071443176706335
6,52,0.091704,0.7842608865455966
7,52,0.098168,0.7492871500023373
8,52,0.090932,0.7636387734509944
9,52,0.092616,0.704543942258389
10,52,0.091572,0.706963502954069
11,52,0.090848,0.6354784158603889
12,52,0.093028,0.7564284293245797
13,52,0.090288,0.6904513888888889
14,52,0.091576,0.7032742047682288
15,52,0.089464,0.7250322961190657
16,52,0.091712,0.6870230483904032
17,52,0.0906,0.6971246867764138
18,52,0.091808,0.6994839798300861
19,52,0.094328,0.687034153899381
20,52,0.089064,0.6984144296996505
21,52,0.0944,0.7276719426278709
22,52,0.096032,0.7160663971579077
23,52,0.08904,0.729936230861912
24,52,0.085612,0.6531179826545106
25,52,0.09164,0.7380678799560152
26,52,0.092508,0.7677078583371333
27,52,0.088892,0.7394974780338021
28,52,0.093852,0.7408496732026144
29,52,0.093516,0.8071528323295801
30,52,0.087936,0.7761991891794927
31,52,0.08694,0.7583236662799845
32,52,0.093012,0.7615199542996294
33,52,0.099692,0.6635687347175598
34,52,0.089472,0.7063132420536309
35,52,0.090068,0.734375521511298
36,52,0.087004,0.7062576461697126
37,52,0.089932,0.6724871044193503
38,52,0.090572,0.7537527214392117
39,52,0.096672,0.8021295176676071
40,52,0.089644,0.7537443668343216
41,52,0.08924,0.7127745567495928
42,52,0.086948,0.7067149922035357
43,52,0.09206,0.6931030198554133
44,52,0.094864,0.6919227831766347
45,52,0.087172,0.7031847451082962
46,52,0.088124,0.6562521769418321
47,52,0.092544,0.7229492371350406
48,52,0.087744,0.7336859311749553
49,52,0.088588,0.6932398731265587
50,52,0.093076,0.697851481017939
1,53,0.088712,0.7256682429486534
2,53,0.090492,0.7439744995023372
3,53,0.092664,0.7094180568837885
4,53,0.08816,0.7165579714680319
5,53,0.085592,0.6663194949054563
6,53,0.089492,0.7691265251166105
7,53,0.089428,0.7460043619758387
8,53,0.091772,0.7530645640555618
9,53,0.089504,0.681829815215123
10,53,0.089364,0.7002857073678603
11,53,0.092184,0.6930622436240413
12,53,0.088888,0.76785416062372
13,53,0.084616,0.6994180279363619
14,53,0.094464,0.7442621367428496
15,53,0.087436,0.7320843834113391
16,53,0.092024,0.7222584462314956
17,53,0.084012,0.7356816155751769
18,53,0.093272,0.6690682250773257
19,53,0.089584,0.6911815630783927
20,53,0.093164,0.7148694548864772
21,53,0.089152,0.7370185741889383
22,53,0.093524,0.7699273997035697
23,53,0.090364,0.693899044609945
24,53,0.087184,0.6655699279795063
25,53,0.090936,0.8060262134007494
26,53,0.091664,0.7664930555555556
27,53,0.093568,0.7086253621156902
28,53,0.088128,0.7465990146334289
29,53,0.095632,0.8294451656897072
30,53,0.092768,0.7319584297664199
31,53,0.085596,0.7590145343977734
32,53,0.09368,0.754949091536622
33,53,0.0932,0.7498429590215423
34,53,0.087496,0.7554604759263662
35,53,0.090284,0.7092348945587297
36,53,0.084716,0.8046583358556378
37,53,0.088116,0.7386420134067102
38,53,0.094728,0.7460007238508867
39,53,0.093348,0.7440999706830841
40,53,0.093836,0.7661888140945732
41,53,0.088924,0.7057245737801294
42,53,0.086552,0.6921109832502238
43,53,0.091632,0.7379937482239273
44,53,0.09688,0.6563646478089724
45,53,0.088056,0.6799626275693545
46,53,0.088084,0.7225440090857467
47,53,0.092784,0.692241385945064
48,53,0.088332,0.7420414155462834
49,53,0.089904,0.7791332743604301
50,53,0.090752,0.7154098360655737
1,54,0.08616,0.7226092790421634
2,54,0.088124,0.7424727711050843
3,54,0.089392,0.6451407923777726
4,54,0.088424,0.6996124741751324
5,54,0.084816,0.6451482511829183
6,54,0.090104,0.7358265134330104
7,54,0.0883,0.7961676690458903
8,54,0.089064,0.750376159646453
9,54,0.093024,0.673398401775139
10,54,0.08654,0.6403911987989239
11,54,0.088696,0.7009745874788907
12,54,0.090248,0.7716998604426707
13,54,0.0863,0.6802254499217527
14,54,0.087184,0.7295244951832425
15,54,0.086796,0.7222158215667951
16,54,0.084388,0.6890178379540082
17,54,0.086224,0.698777677587416
18,54,0.085632,0.6975924247003124
19,54,0.084408,0.6724468703971879
20,54,0.086588,0.7145745127207538
21,54,0.089164,0.7026963438923571
22,54,0.088644,0.7269239819156624
23,54,0.087792,0.7488528415571751
24,54,0.085548,0.6579841132847462
25,54,0.086444,0.7440926878600009
26,54,0.09192,0.7317276932167819
27,54,0.085452,0.7522148133180665
28,54,0.091192,0.7028706083976006
29,54,0.088832,0.7978607290984502
30,54,0.085924,0.7924769930406577
31,54,0.086172,0.7241802696030916
32,54,0.086864,0.7534481690863568
33,54,0.092464,0.7500444974274277
34,54,0.08358,0.7616229963151692
35,54,0.08912,0.7553429606007968
36,54,0.085108,0.7297440896476622
37,54,0.087792,0.7146535903449256
38,54,0.084148,0.7827111186645517
39,54,0.092412,0.7716261653675685
40,54,0.090832,0.7443418932211548
41,54,0.083304,0.6993336878926637
42,54,0.084752,0.7200190030378709
43,54,0.086848,0.6855718228778075
44,54,0.0894,0.6968564978831772
45,54,0.083524,0.7071419552316139
46,54,0.084456,0.7080229671011794
47,54,0.087024,0.6662220316643641
48,54,0.08564,0.6975457857010963
49,54,0.089272,0.7299350149063746
50,54,0.08668,0.7108430688312345
1,55,0.085416,0.7664625542815654
2,55,0.091804,0.7681701700167719
3,55,0.092488,0.6843066879187832
4,55,0.087012,0.6815211582373804
5,55,0.087052,0.6831009901953629
6,55,0.088672,0.7681876077021054
7,55,0.088144,0.8102804259352177
8,55,0.089724,0.7769287954568448
9,55,0.092568,0.6919565225773368
10,55,0.086996,0.6972516467405893
11,55,0.090924,0.6954961774875902
12,55,0.091596,0.792416351010101
13,55,0.086512,0.7114652400089588
14,55,0.0922,0.7674192086663025
15,55,0.091972,0.7341576191293124
16,55,0.086324,0.6750533273428615
17,55,0.086976,0.7208448117539027
18,55,0.088316,0.6717488683237007
19,55,0.0906,0.6760852187814965
20,55,0.088764,0.7806309021498895
21,55,0.088732,0.7581287008011146
22,55,0.0914,0.7053685572945203
23,55,0.092396,0.7301373410704024
24,55,0.086704,0.6918524006503262
25,55,0.09086,0.7298737093257641
26,55,0.091784,0.8003848768129375
27,55,0.087804,0.6824897565678477
28,55,0.0873,0.695847404011273
29,55,0.09268,0.7909015801334874
30,55,0.090692,0.7573865522612937
31,55,0.089096,0.7089617875303234
32,55,0.08566,0.7744283174130587
33,55,0.093572,0.6699051816239316
34,55,0.084236,0.7549797792857632
35,55,0.088228,0.7717692475327667
36,55,0.092428,0.7784750294086195
37,55,0.085232,0.7414476053294922
38,55,0.084252,0.7865619199151419
39,55,0.09644,0.7482109831969047
40,55,0.092832,0.6559433574240555
41,55,0.0851,0.7273455768371824
42,55,0.085972,0.7108638009280506
43,55,0.088956,0.735540581126297
44,55,0.088128,0.6859080257408948
45,55,0.085096,0.7110089182585995
46,55,0.085452,0.7297201558625576
47,55,0.088652,0.6434767476611473
48,55,0.086424,0.73758085212245
49,55,0.0858,0.6889038075820114
50,55,0.089712,0.7192480151384261
1,56,0.08526,0.7618462546586395
2,56,0.088532,0.7212068792619334
3,56,0.091748,0.6692713058731024
4,56,0.08802,0.712152011340159
5,56,0.08942,0.6301269936005836
6,56,0.09074,0.7980344483630794
7,56,0.090508,0.739751897951424
8,56,0.088684,0.767470224335689
9,56,0.09216,0.7009571251781882
10,56,0.086884,0.6706134984044723
11,56,0.088416,0.682768858719726
12,56,0.089148,0.749025510400988
13,56,0.087616,0.6764625980791665
14,56,0.089264,0.7282780410742496
15,56,0.088496,0.7284775193013969
16,56,0.088404,0.6713913672913815
17,56,0.087616,0.7160167493223909
18,56,0.084644,0.7109306882828754
19,56,0.088,0.6530961974896948
20,56,0.093416,0.7287795599670734
21,56,0.088104,0.7257111980716707
22,56,0.089348,0.6851033324619978
23,56,0.085884,0.7647557404838958
24,56,0.087204,0.6570977757418436
25,56,0.093296,0.7132624088408204
26,56,0.087336,0.7422128424590613
27,56,0.089084,0.7593598679781991
28,56,0.087528,0.6908092172503798
29,56,0.09216,0.7923828695170996
30,56,0.086432,0.7779240668358134
31,56,0.087104,0.6924906307148538
32,56,0.089056,0.716300810993839
33,56,0.089288,0.670964426692827
34,56,0.086,0.6745066036548479
35,56,0.088508,0.7836321157388687
36,56,0.084724,0.7845292965171183
37,56,0.087928,0.7048199976079417
38,56,0.087792,0.7467017553002077
39,56,0.089708,0.7128959433034092
40,56,0.090716,0.7140899222549697
41,56,0.085712,0.6962131297147498
42,56,0.088296,0.6903557395170205
43,56,0.09566,0.7039877300613497
44,56,0.088444,0.6670890085524231
45,56,0.08482,0.702213528348846
46,56,0.086132,0.6957006840104745
47,56,0.091752,0.6712217674700621
48,56,0.085916,0.7011336324980252
49,56,0.08928,0.6855764959705566
50,56,0.08906,0.7236907335891252
1,57,0.08722,0.6572658005810448
2,57,0.0844,0.6886766229499912
3,57,0.086856,0.6829355501921874
4,57,0.085896,0.7169777366445576
5,57,0.084196,0.6662071059574659
6,57,0.090036,0.7560538154982813
7,57,0.089788,0.7580854038937291
8,57,0.08936,0.7209496732756444
9,57,0.090348,0.7062219809822488
10,57,0.085832,0.6809600564353065
11,57,0.087492,0.7000214261580426
12,57,0.0879,0.8000718718469683
13,57,0.087068,0.7173189554921239
14,57,0.089268,0.7083425130351766
15,57,0.086672,0.7703827255920336
16,57,0.083308,0.6686634966989904
17,57,0.08598,0.6975796338098822
18,57,0.084732,0.714093407782539
19,57,0.084116,0.6844775692762982
20,57,0.085196,0.7038496694513531
21,57,0.085264,0.7246138163569357
22,57,0.088596,0.7506506194935112
23,57,0.085624,0.7809542331129263
24,57,0.083484,0.640509459329684
25,57,0.08684,0.7789712963342581
26,57,0.08758,0.7284210974778459
27,57,0.086472,0.7638635924142056
28,57,0.086424,0.8149529238638149
29,57,0.090532,0.769653180440432
30,57,0.085212,0.7358929841534907
31,57,0.082136,0.7709714525728959
32,57,0.086412,0.8252592239415524
33,57,0.086772,0.7692508871844127
34,57,0.083044,0.690379063772107
35,57,0.087124,0.7848576260340966
36,57,0.08188,0.8369251986332388
37,57,0.086548,0.7152647816437298
38,57,0.085592,0.7523033262047909
39,57,0.088688,0.7251894320391605
40,57,0.086416,0.735971699428412
41,57,0.082424,0.7349574579712128
42,57,0.084724,0.6867868772863875
43,57,0.090104,0.7342373333666913
44,57,0.088072,0.6851999196302994
45,57,0.082016,0.725616087419801
46,57,0.084896,0.6660401155457911
47,57,0.086416,0.7085883880541645
48,57,0.087212,0.7656381248547888
49,57,0.090936,0.6848136867042444
50,57,0.087092,0.6971523085933955
1,58,0.090828,0.7633112548777983
2,58,0.088532,0.7697341947351898
3,58,0.092284,0.7327749125181364
4,58,0.093632,0.6726563836990409
5,58,0.092344,0.6754914988585642
6,58,0.092528,0.8039929319302687
7,58,0.092604,0.7407802636313087
8,58,0.089912,0.7604332260607706
9,58,0.090756,0.7157776239010978
10,58,0.087952,0.6599647761100981
11,58,0.093392,0.7037709215567655
12,58,0.091188,0.7766571041620692
13,58,0.090144,0.6519158061057503
14,58,0.0967,0.7088251254917922
15,58,0.08574,0.700636219041127
16,58,0.08736,0.6512457724409693
17,58,0.086576,0.7006200620062006
18,58,0.08984,0.717090518742497
19,58,0.094192,0.6785602503912364
20,58,0.093444,0.7342605325163044
21,58,0.088292,0.8251376164084003
22,58,0.093168,0.7548912684248794
23,58,0.091848,0.7350399004229567
24,58,0.092816,0.6977288219619507
25,58,0.092944,0.7058784462180968
26,58,0.093272,0.7345712593237346
27,58,0.0914,0.7652072014488122
28,58,0.09148,0.7611238240528858
29,58,0.090204,0.7994885254727775
30,58,0.090916,0.7853195731720677
31,58,0.087084,0.7774285999328854
32,58,0.092332,0.8070305698085023
33,58,0.091716,0.7230650448899075
34,58,0.0872,0.6972243851994677
35,58,0.090836,0.7753013171647779
36,58,0.086544,0.8173928799626166
37,58,0.09366,0.7059952540480179
38,58,0.086692,0.8163934893938747
39,58,0.097252,0.7724517772851531
40,58,0.0973,0.7468227935903314
41,58,0.082712,0.7712819929257584
42,58,0.086796,0.7373346366894754
43,58,0.094568,0.7209727941435258
44,58,0.093896,0.7069978353218168
45,58,0.086512,0.7206390715601191
46,58,0.084556,0.6712352989555062
47,58,0.093352,0.6636200002950766
48,58,0.089788,0.7605831920227478
49,58,0.091096,0.6885096887203555
50,58,0.089964,0.7096683940344988
1,59,0.092584,0.7137641561732795
2,59,0.09022,0.7341202922990444
3,59,0.092452,0.6596305188742163
4,59,0.090424,0.6545451124282623
5,59,0.08746,0.7448964056253724
6,59,0.097736,0.7404851526557926
7,59,0.091168,0.7773273390331159
8,59,0.090656,0.7710998659227541
9,59,0.095236,0.7634481013484833
10,59,0.089776,0.6679239461606695
11,59,0.092244,0.6739174836601307
12,59,0.092656,0.7719661638688744
13,59,0.092992,0.6912634315823382
14,59,0.094052,0.7341937494008245
15,59,0.088616,0.71414498872126
16,59,0.085964,0.6891793484107478
17,59,0.085668,0.6770319668310395
18,59,0.092508,0.7166861542622155
19,59,0.094668,0.7037840443480357
20,59,0.0946,0.7203179625397941
21,59,0.089768,0.7466979248953105
22,59,0.096404,0.7545857279693488
23,59,0.09502,0.7350454750540238
24,59,0.089248,0.7185471642765362
25,59,0.094944,0.7643683813645454
26,59,0.090212,0.7532865739143767
27,59,0.099372,0.7735481011957047
28,59,0.092704,0.7492029317264107
29,59,0.09354,0.7684871737004438
30,59,0.09006,0.7844023723030962
31,59,0.092036,0.7383996882243143
32,59,0.093124,0.7814968177287018
33,59,0.091936,0.7165148296184269
34,59,0.09092,0.7588035431045114
35,59,0.09338,0.7863247863247863
36,59,0.085876,0.8153150561452969
37,59,0.093424,0.7223173787547181
38,59,0.086296,0.7770733269292347
39,59,0.100032,0.8151111111111112
40,59,0.098284,0.7051469448320156
41,59,0.0842,0.6786686510169795
42,59,0.090436,0.7513011562065575
43,59,0.09136,0.6909396667095864
44,59,0.09294,0.7076569486534953
45,59,0.08518,0.6754949763593381
46,59,0.0875,0.7020556856622431
47,59,0.092684,0.7279922422603671
48,59,0.089592,0.7598641572043345
49,59,0.090624,0.7170801449204725
50,59,0.095816,0.7707502444092659
1,60,0.084928,0.6578856292003702
2,60,0.083532,0.7208809207613989
3,60,0.090248,0.6667815933434469
4,60,0.086308,0.7294093205043305
5,60,0.085924,0.6859279597953488
6,60,0.0857,0.8260334956599501
7,60,0.08934,0.7593776253453546
8,60,0.085812,0.7804606618088457
9,60,0.089688,0.6702793750363013
10,60,0.084056,0.6631133380820213
11,60,0.088328,0.6867066502878338
12,60,0.08666,0.7237958217186703
13,60,0.085428,0.7027989498644986
14,60,0.089164,0.7309484234914879
15,60,0.084456,0.7262808140098534
16,60,0.085156,0.6833138459752386
17,60,0.084616,0.6986113769271665
18,60,0.085084,0.6764995083579155
19,60,0.090876,0.6789775691184142
20,60,0.086476,0.710779095701541
21,60,0.085788,0.7157133616904617
22,60,0.091636,0.71061850616354
23,60,0.085484,0.7475068077317977
24,60,0.085912,0.6419216355405964
25,60,0.08766,0.7217471718668845
26,60,0.08392,0.784131048052533
27,60,0.086384,0.7470990303608329
28,60,0.087016,0.7532061045112816
29,60,0.08932,0.8413307741522713
30,60,0.08652,0.7046843177189409
31,60,0.0857,0.7310665618448637
32,60,0.087772,0.7800475616744958
33,60,0.087784,0.7867328523958234
34,60,0.081576,0.7646564845431166
35,60,0.086788,0.7022112264830711
36,60,0.08186,0.711304899176624
37,60,0.08592,0.7496382377167791
38,60,0.084148,0.7470165658213792
39,60,0.087148,0.7518429032272261
40,60,0.0882,0.6990145410308537
41,60,0.081432,0.739264828738513
42,60,0.084472,0.6945196827697876
43,60,0.088116,0.7028183180409302
44,60,0.090428,0.6898738662131518
45,60,0.08388,0.6968257026049359
46,60,0.082304,0.7005654174884944
47,60,0.085312,0.7078107134934043
48,60,0.08482,0.734990556752587
49,60,0.085068,0.6939081939081939
50,60,0.083288,0.7131308333113416
1,61,0.090484,0.7836007506141588
2,61,0.085776,0.7766553968582535
3,61,0.090796,0.6678792454556894
4,61,0.086412,0.7148179300266775
5,61,0.09012,0.6836539516799146
6,61,0.08886,0.7893388098487203
7,61,0.09228,0.7807933194154488
8,61,0.090392,0.7550777040983642
9,61,0.09246,0.6802816579932438
10,61,0.088004,0.6844699983124803
11,61,0.091352,0.6862494084056825
12,61,0.087404,0.7516440513637181
13,61,0.087836,0.6820334384807404
14,61,0.095672,0.7198077702507093
15,61,0.088028,0.6819625131636375
16,61,0.090412,0.7027661753644758
17,61,0.086968,0.6946554826701585
18,61,0.087192,0.7157922688820607
19,61,0.087656,0.6848065150102705
20,61,0.094684,0.6984582996074497
21,61,0.091628,0.7363860215982011
22,61,0.096988,0.673276828847481
23,61,0.090208,0.7061976266122245
24,61,0.085852,0.6899862313791846
25,61,0.090708,0.7170909267983883
26,61,0.087452,0.7643894495167922
27,61,0.088256,0.7856536425874744
28,61,0.088356,0.7137208530412413
29,61,0.094028,0.7459952842801235
30,61,0.088268,0.78250677177542
31,61,0.086736,0.6914946556283493
32,61,0.088768,0.7576303255692568
33,61,0.0916,0.7063081285819105
34,61,0.08178,0.7268674117186289
35,61,0.090484,0.6788110176034889
36,61,0.085616,0.7832562631158654
37,61,0.089468,0.7188640271129417
38,61,0.084416,0.7632311849488799
39,61,0.088676,0.7564243040880749
40,61,0.092236,0.7531692487089788
41,61,0.084168,0.7386243813574912
42,61,0.085592,0.7176905001678415
43,61,0.091076,0.7085073194144469
44,61,0.09292,0.658425444359787
45,61,0.08352,0.7361539432631787
46,61,0.084992,0.6384567443938806
47,61,0.091848,0.6563610637610436
48,61,0.089252,0.7250515270751359
49,61,0.088872,0.6944726452340666
50,61,0.08776,0.6773601028614326
1,62,0.093328,0.7156198080299846
2,62,0.089616,0.70613555117823
3,62,0.09538,0.6787461216557907
4,62,0.090108,0.6944891463719916
5,62,0.090352,0.6601262557285501
6,62,0.091444,0.7319082855995607
7,62,0.094672,0.7381174500657816
8,62,0.0933,0.7549589913692097
9,62,0.095352,0.650364691476335
10,62,0.088008,0.6931731409725269
11,62,0.097356,0.7290048669359015
12,62,0.095756,0.7484271460430305
13,62,0.092932,0.6956743179266359
14,62,0.094252,0.7439219101531315
15,62,0.086844,0.7474383985377342
16,62,0.089288,0.6771507717902238
17,62,0.0888,0.6787839253592678
18,62,0.093068,0.6899837793998378
19,62,0.09538,0.7184244602926113
20,62,0.090148,0.7085055743454842
21,62,0.092364,0.7284394997091332
22,62,0.091572,0.6814181418141815
23,62,0.092928,0.7791061552413433
24,62,0.091152,0.6740863253164266
25,62,0.096256,0.7220433396038423
26,62,0.09338,0.7747126727547157
27,62,0.096952,0.7536978231308699
28,62,0.092608,0.7449752666436589
29,62,0.09374,0.7716960914806165
30,62,0.092776,0.8233395556629914
31,62,0.08992,0.7659176029962548
32,62,0.09146,0.7970590441893616
33,62,0.093064,0.7171551758237411
34,62,0.088876,0.6933713104103052
35,62,0.090144,0.7358840405407099
36,62,0.087572,0.7942317058601899
37,62,0.094408,0.7084027777777778
38,62,0.091312,0.7286166799501359
39,62,0.101804,0.8056456067046083
40,62,0.097496,0.7311141826000154
41,62,0.085568,0.707063753112862
42,62,0.084232,0.7338451524311408
43,62,0.094448,0.6839324930506452
44,62,0.09338,0.6886216832433132
45,62,0.08606,0.6978147075902462
46,62,0.08438,0.7195315097740678
47,62,0.093712,0.6841636775782538
48,62,0.090416,0.7035942412046214
49,62,0.096416,0.6745729072727997
50,62,0.093532,0.7293993130441728
1,63,0.095516,0.6905204183638453
2,63,0.090144,0.7514448654648448
3,63,0.093984,0.7137151193178716
4,63,0.094092,0.7220628342719512
5,63,0.094916,0.6587610581186599
6,63,0.0952,0.7623154366521094
7,63,0.097732,0.7702148637112386
8,63,0.0971,0.7426503632320816
9,63,0.093184,0.6550786603080634
10,63,0.092004,0.6635159053574168
11,63,0.094536,0.6503671245431081
12,63,0.094176,0.7834857427531642
13,63,0.097796,0.6597373297880913
14,63,0.096768,0.7302327019235971
15,63,0.087048,0.6867331475778463
16,63,0.09546,0.6736894413569082
17,63,0.086204,0.6643557666550722
18,63,0.095712,0.6721294780869248
19,63,0.090804,0.6653630987671212
20,63,0.095884,0.6838151034470052
21,63,0.092036,0.8179448527102569
22,63,0.096432,0.6998142479658843
23,63,0.099164,0.7980498101152348
24,63,0.090884,0.6690090605627086
25,63,0.096848,0.8231380014062527
26,63,0.091568,0.7571612196304023
27,63,0.096844,0.7466441499956699
28,63,0.096696,0.7118896038311828
29,63,0.10256,0.7623643947824639
30,63,0.094136,0.7569498235648506
31,63,0.089408,0.7190775681341719
32,63,0.092224,0.7359442546260578
33,63,0.098256,0.686317794225858
34,63,0.090676,0.7376925733161926
35,63,0.095,0.6984467850609584
36,63,0.090884,0.7687293473771168
37,63,0.094052,0.757520903370399
38,63,0.087924,0.761531709167582
39,63,0.098448,0.8304344129898835
40,63,0.098972,0.7450776843489393
41,63,0.089104,0.6799962118521675
42,63,0.092528,0.6827390553324868
43,63,0.096644,0.6823275280140407
44,63,0.0964,0.6937245821830379
45,63,0.087948,0.7214459717015663
46,63,0.089724,0.7216405966405967
47,63,0.097772,0.667130101318843
48,63,0.09744,0.7191830366103517
49,63,0.093064,0.6790936913886341
50,63,0.094788,0.6975498225498225
1,64,0.08648,0.7633428607381042
2,64,0.084392,0.7444097517898256
3,64,0.085132,0.7500258502483872
4,64,0.083252,0.7844954124053913
5,64,0.082644,0.6963376930158233
6,64,0.082768,0.8286654353508746
7,64,0.087104,0.8293337172197031
8,64,0.087088,0.8202715035363907
9,64,0.08486,0.7124205840870567
10,64,0.083988,0.7642745305131697
11,64,0.084548,0.7570807889956827
12,64,0.086516,0.7881488256924811
13,64,0.08698,0.7407654069489061
14,64,0.08898,0.7882945412561714
15,64,0.08472,0.772345967390599
16,64,0.082924,0.6997070991517174
17,64,0.085904,0.6798726463932165
18,64,0.08528,0.7417912371706827
19,64,0.081888,0.7092784055996366
20,64,0.082812,0.7920823275068106
21,64,0.08476,0.8246776187952659
22,64,0.087372,0.7321502871825227
23,64,0.0811,0.7982856146121452
24,64,0.082516,0.7475003930926681
25,64,0.086288,0.8075891146032963
26,64,0.083256,0.8279793057811466
27,64,0.08556,0.8274584369362781
28,64,0.082964,0.7813587684069612
29,64,0.08932,0.8228077512895581
30,64,0.083896,0.8107824320298498
31,64,0.0846,0.6492153079851251
32,64,0.083332,0.7761924367401603
33,64,0.08678,0.7762099522835719
34,64,0.080944,0.7545630846452202
35,64,0.08362,0.8437166955939222
36,64,0.080036,0.7936184964128535
37,64,0.08586,0.7540293507807917
38,64,0.084756,0.7804566748015372
39,64,0.085824,0.8040520366815952
40,64,0.083316,0.7819558185291581
41,64,0.083452,0.8038926167955597
42,64,0.079892,0.7537081138293522
43,64,0.085704,0.7496819466205992
44,64,0.086484,0.724579983508555
45,64,0.08282,0.7371763356276629
46,64,0.08266,0.6695250327389947
47,64,0.088248,0.7280034484507328
48,64,0.083248,0.7653681476802133
49,64,0.08486,0.7748776130484211
50,64,0.082964,0.7364982064205604
1,65,0.088232,0.6805480784951768
2,65,0.087944,0.6666588054022609
3,65,0.08952,0.6466339371367305
4,65,0.088884,0.6516583520222131
5,65,0.08472,0.637722151510866
6,65,0.084036,0.6465979811094682
7,65,0.089676,0.708296783625731
8,65,0.091704,0.6742948498344181
9,65,0.090784,0.6140238772271744
10,65,0.089924,0.5832827112827113
11,65,0.085512,0.6088808059035731
12,65,0.086268,0.6490397418425051
13,65,0.08552,0.6202791461412152
14,65,0.09082,0.6591765805702567
15,65,0.08968,0.6280422582677627
16,65,0.084616,0.5812368629675693
17,65,0.088704,0.6007304450793038
18,65,0.085876,0.5621515582315884
19,65,0.085744,0.6019722859814673
20,65,0.089448,0.5584499404488625
21,65,0.090976,0.6664083747360104
22,65,0.088948,0.6008602012828311
23,65,0.088052,0.6677241563669528
24,65,0.08586,0.5671522313858081
25,65,0.088836,0.6993180233218184
26,65,0.089144,0.5832649599279915
27,65,0.088176,0.7084293751703967
28,65,0.085892,0.6088312210822773
29,65,0.091236,0.7152121146252218
30,65,0.085156,0.674721822335421
31,65,0.085676,0.6314181823784542
32,65,0.085744,0.5802389501673512
33,65,0.088876,0.613626314683135
34,65,0.0831,0.6172739951226734
35,65,0.089636,0.6935497384705614
36,65,0.082964,0.6497193793331133
37,65,0.091544,0.6801896288100563
38,65,0.086876,0.629267276480503
39,65,0.092028,0.5897875941440298
40,65,0.088544,0.5949588707076506
41,65,0.085592,0.5596515609054401
42,65,0.0841,0.6109012515262515
43,65,0.086824,0.5931946742810171
44,65,0.087788,0.5807649331497886
45,65,0.083136,0.6270357085074563
46,65,0.083676,0.5757711742279137
47,65,0.089592,0.553636321666238
48,65,0.087756,0.6032118140345926
49,65,0.08742,0.6231651958368797
50,65,0.083756,0.6728274886642539
1,66,0.084892,0.769000027646457
2,66,0.087268,0.8181022284689391
3,66,0.08654,0.7674675690919346
4,66,0.086552,0.8235757139428845
5,66,0.086692,0.7470555885523219
6,66,0.088304,0.8459685732728307
7,66,0.112832,0.9559590610091838
8,66,0.08728,0.8484737431041138
9,66,0.090552,0.747885625627145
10,66,0.097384,0.7751648262751284
11,66,0.087572,0.753438902710316
12,66,0.090848,0.7978051687031997
13,66,0.092928,0.7090830636461705
14,66,0.094368,0.8153369548617928
15,66,0.085812,0.7947667708245363
16,66,0.322912,0.6969851556359645
17,66,0.087812,0.7429250686204586
18,66,0.084912,0.7302681992337164
19,66,0.084144,0.7286158458965931
20,66,0.08746,0.8020612911608568
21,66,0.085608,0.857962921037406
22,66,0.095892,0.7621904079592324
23,66,0.087556,0.7904870435968548
24,66,0.0854,0.7260453018599119
25,66,0.090204,0.8035512291849749
26,66,0.090312,0.7905301971433516
27,66,0.089428,0.842767206151454
28,66,0.082808,0.774687528228241
29,66,0.088472,0.8511267728182372
30,66,0.092628,0.8291219474783565
31,66,0.087404,0.7468338415764698
32,66,0.089376,0.8574614321287345
33,66,0.092688,0.7571117522408316
34,66,0.08554,0.7801905185308677
35,66,0.091848,0.7850019079335345
36,66,0.08566,0.8043728150174799
37,66,0.090204,0.7621463238331269
38,66,0.083336,0.782515036268146
39,66,0.091772,0.8575201478604333
40,66,0.088212,0.7593447799486875
41,66,0.0847,0.7979212577392365
42,66,0.088028,0.8043595823453554
43,66,0.089292,0.7430635272909705
44,66,0.086744,0.6746989407061155
45,66,0.086848,0.7703439067518315
46,66,0.086636,0.694655257936508
47,66,0.088332,0.7299217563147182
48,66,0.09506,0.7809015005546798
49,66,0.088168,0.7878285299981874
50,66,0.087188,0.762376105367209
1,67,0.090092,0.727203549997312
2,67,0.7826,0.9104859734884894
3,67,0.096892,0.7622933743579883
4,67,0.093952,0.7228021176043614
5,67,0.085968,0.6668798391151332
6,67,0.08372,0.7975062103562213
7,67,0.802952,0.8406101987878817
8,67,0.099344,0.8130535089677755
9,67,0.090776,0.6978576266352975
10,67,0.805548,0.9083455018574716
11,67,0.088544,0.6873018735597636
12,67,0.091832,0.7940300338187107
13,67,0.087884,0.6866449616531314
14,67,0.0933,0.7317073170731707
15,67,0.083232,0.7478008017098251
16,67,0.08486,0.6558532068817309
17,67,0.087716,0.6953393154849465
18,67,0.08458,0.7234720906571238
19,67,0.80854,0.9978451363172253
20,67,0.085396,0.7249242898913952
21,67,0.087132,0.7518895623962777
22,67,0.087916,0.7139264264264265
23,67,0.80258,0.9668563480718176
24,67,0.087116,0.6769836961984601
25,67,0.089304,0.7832883761094642
26,67,0.08842,0.7012441863788745
27,67,0.089628,0.749141509152259
28,67,0.086744,0.7276110423542355
29,67,0.089756,0.8342063258017255
30,67,0.087468,0.7493540051679586
31,67,0.091016,0.677069982795848
32,67,0.085772,0.7574485129977676
33,67,0.09398,0.7588807425510381
34,67,0.08316,0.711668689427119
35,67,0.093772,0.8158927245486619
36,67,0.08714,0.7614756068252824
37,67,0.097444,0.7498232965790217
38,67,0.082696,0.7567057045712127
39,67,0.090312,0.7699815718157181
40,67,0.089536,0.6805702922983817
41,67,0.083968,0.7451111020471056
42,67,0.083996,0.7205983312209547
43,67,0.092704,0.6846040574667919
44,67,0.086936,0.7462458908612755
45,67,0.087676,0.7423660324135366
46,67,0.084036,0.6891402887289071
47,67,0.091628,0.660896168479075
48,67,0.831444,0.959757512228797
49,67,0.088288,0.7265359477124183
50,67,0.08786,0.7100717810677433
1,68,0.086372,0.7785514491459858
2,68,0.08232,0.7541037211431562
3,68,0.085568,0.7361303637987863
4,68,0.08564,0.7393357607856118
5,68,0.083056,0.7132169686062257
6,68,0.082504,0.8365136247154074
7,68,0.087676,0.8452152414194299
8,68,0.085324,0.797209447567138
9,68,0.08558,0.6777609806259193
10,68,0.08396,0.7537782539224708
11,68,0.083952,0.70770911360799
12,68,0.08596,0.8137866724051359
13,68,0.085184,0.7190452058888498
14,68,0.087748,0.7959012100664297
15,68,0.08302,0.7763097884955248
16,68,0.083172,0.6893585531944016
17,68,0.086016,0.7163477160398816
18,68,0.08258,0.7241439764804251
19,68,0.08282,0.697646359300201
20,68,0.081688,0.7870724663177494
21,68,0.083104,0.8085878707392651
22,68,0.087176,0.766334737991071
23,68,0.082112,0.8045816357887016
24,68,0.082276,0.7618623206858501
25,68,0.085644,0.7726184579824996
26,68,0.084212,0.7866714048803601
27,68,0.083552,0.7889233597610019
28,68,0.083648,0.7851686763053127
29,68,0.087532,0.845606416104383
30,68,0.082884,0.8071287187213803
31,68,0.083776,0.6703814262023218
32,68,0.08546,0.7597921988513869
33,68,0.085848,0.785979676382619
34,68,0.08098,0.7573257454434532
35,68,0.08446,0.8339699022269965
36,68,0.081748,0.774873195474054
37,68,0.085544,0.7401407298314514
38,68,0.083272,0.8116725768321513
39,68,0.086648,0.8638641341854951
40,68,0.083484,0.7821098081733193
41,68,0.0807,0.8176707690104247
42,68,0.080444,0.7557797031481241
43,68,0.085596,0.7609293143340986
44,68,0.086708,0.7039669110735101
45,68,0.080232,0.7343261913124927
46,68,0.08124,0.6804548722079317
47,68,0.086656,0.7112393292168573
48,68,0.08444,0.7359656514586091
49,68,0.0849,0.7622378581519428
50,68,0.08236,0.7170603956059671
1,69,0.090796,0.7705061646880113
2,69,0.086004,0.6782350469710504
3,69,0.08968,0.6808072245181497
4,69,0.088212,0.6602155301396322
5,69,0.08432,0.6792900887389076
6,69,0.084644,0.6920238516944148
7,69,0.091104,0.7793416217061537
8,69,0.0923,0.7141454963063633
9,69,0.090276,0.6687707092696898
10,69,0.089116,0.6721472210503289
11,69,0.087344,0.5974818276220145
12,69,0.089112,0.7155614926960802
13,69,0.085748,0.6841773325913559
14,69,0.091508,0.7487325331796504
15,69,0.088644,0.6979207230010385
16,69,0.085372,0.6510300115856464
17,69,0.08802,0.6743329208706137
18,69,0.08524,0.6839788075516753
19,69,0.086972,0.6618084438282796
20,69,0.08714,0.6626138498208395
21,69,0.09084,0.7197830788493749
22,69,0.091208,0.715287845108083
23,69,0.086576,0.7025119247508542
24,69,0.085448,0.6592181233196703
25,69,0.090104,0.7296936367519773
26,69,0.0938,0.7340557597891989
27,69,0.08862,0.7410042735042734
28,69,0.086348,0.726340880974857
29,69,0.08976,0.802718502832528
30,69,0.087136,0.7303598406812251
31,69,0.086204,0.6792002314390374
32,69,0.086684,0.687113501213468
33,69,0.089396,0.6548951954422204
34,69,0.083392,0.7115223576968437
35,69,0.087248,0.7198855362524975
36,69,0.083148,0.7561340805948423
37,69,0.08958,0.7258974103420209
38,69,0.086948,0.6789230533142723
39,69,0.089656,0.7165234801303039
40,69,0.087164,0.6703484549638395
41,69,0.087284,0.6993553871803759
42,69,0.086964,0.6706299266077771
43,69,0.088172,0.6498057310304886
44,69,0.090528,0.6064993905059857
45,69,0.086296,0.6832187857961054
46,69,0.085496,0.6403567368655438
47,69,0.089328,0.6333633363336334
48,69,0.086556,0.66531515368975
49,69,0.086492,0.6465538386068187
50,69,0.084804,0.6882328545036384
1,70,0.0905,0.7435978156389172
2,70,0.082732,0.8096884615004106
3,70,0.089692,0.6730195365319159
4,70,0.089088,0.6759966072943172
5,70,0.083616,0.7053875999270891
6,70,0.08352,0.8234515958981092
7,70,0.579308,0.46209873147564867
8,70,0.091884,0.7145304674957468
9,70,0.089256,0.7272252904367719
10,70,0.089292,0.7120387100474862
11,70,0.092056,0.7280808375469986
12,70,0.100068,0.8032529239766081
13,70,0.09248,0.7726809378185525
14,70,0.089604,0.7402494848147023
15,70,0.086996,0.7144972098849789
16,70,0.086548,0.7043024935619622
17,70,0.088944,0.6841394164093638
18,70,0.084404,0.7312441783100466
19,70,0.086904,0.7048275977182726
20,70,0.084672,0.7918449951892771
21,70,0.086104,0.7449977021246509
22,70,0.089248,0.7197211361426591
23,70,0.090268,0.7876502891836039
24,70,0.085324,0.6395311100945053
25,70,0.089628,0.794478348534041
26,70,0.089776,0.7890252488792635
27,70,0.66588,0.43819115807628206
28,70,0.084732,0.8204192318968045
29,70,0.091072,0.8119782868211817
30,70,0.089808,0.7847471603756019
31,70,0.086216,0.7066602589234149
32,70,0.089952,0.7604830131476386
33,70,0.090364,0.7716256816366226
34,70,0.084376,0.733628787170896
35,70,0.096452,0.7317355455353988
36,70,0.083216,0.7674361861861861
37,70,0.087704,0.725471742107249
38,70,0.081144,0.751645661737951
39,70,0.088092,0.7843147884619728
40,70,0.090704,0.7724612080908838
41,70,0.08398,0.7595810466461153
42,70,0.085804,0.7340153564643361
43,70,0.090496,0.6792193576934721
44,70,0.088056,0.7121191345790276
45,70,0.085972,0.7183181328976875
46,70,0.082,0.7640596539162112
47,70,0.085776,0.7025794102518699
48,70,0.651784,0.4571842315130419
49,70,0.08714,0.7650904735729576
50,70,0.08962,0.7501558989603888
1,71,0.093064,0.771782027929569
2,71,0.091276,0.7650599839587706
3,71,0.092312,0.7144004069887601
4,71,0.093684,0.7169835040287255
5,71,0.085472,0.6932555367337977
6,71,0.086504,0.7295824046718153
7,71,0.794472,0.8435596748357475
8,71,0.091588,0.7339837438383242
9,71,0.094504,0.7408288860041349
10,71,0.786008,0.8607325483568401
11,71,0.091612,0.6487508709067383
12,71,0.093868,0.7466635800212815
13,71,0.087928,0.7077683405354394
14,71,0.094956,0.7516546530175461
15,71,0.0894,0.7072105057605936
16,71,0.092376,0.7390582306647687
17,71,0.08846,0.7198737459136512
18,71,0.089852,0.7057846631270153
19,71,0.093788,0.7410112904007365
20,71,0.093072,0.7872325821825842
21,71,0.091224,0.7831366244494111
22,71,0.092932,0.7101912078934137
23,71,0.098036,0.8012590634784731
24,71,0.094296,0.7136737185019322
25,71,0.094896,0.8012802434000804
26,71,0.091316,0.7609903520053652
27,71,0.09378,0.7756470870053077
28,71,0.0893,0.74517149091405
29,71,0.093812,0.8261091574310884
30,71,0.100064,0.7119460712275083
31,71,0.100608,0.8282726423902894
32,71,0.087572,0.7303448040245641
33,71,0.090876,0.7032775328290976
34,71,0.085812,0.7024887068500539
35,71,0.105872,0.7573470704684406
36,71,0.090052,0.7500371886249558
37,71,0.094968,0.7256703360393487
38,71,0.08454,0.7660782306337216
39,71,0.09156,0.7645918614586122
40,71,0.095416,0.7097140497574068
41,71,0.091332,0.7215415035778249
42,71,0.08872,0.721690300671264
43,71,0.090108,0.6930512420820492
44,71,0.103224,0.7264469038835336
45,71,0.088336,0.7596747411817796
46,71,0.088572,0.670691664018642
47,71,0.093948,0.6779965357105526
48,71,0.804012,0.8708239386794598
49,71,0.095536,0.7440879722460931
50,71,0.090904,0.716552957648449
1,72,0.086164,0.7864679546832969
2,72,0.083128,0.7905332118530087
3,72,0.087552,0.7510964048425641
4,72,0.0857,0.8068802338479701
5,72,0.083004,0.754235010657029
6,72,0.084648,0.8134377988456366
7,72,0.088768,0.8715314677057503
8,72,0.083264,0.8179672196186367
9,72,0.085064,0.7238647418866508
10,72,0.084584,0.764826091158886
11,72,0.085328,0.7138879220327184
12,72,0.0851,0.8162678174447495
13,72,0.084912,0.7240450774167038
14,72,0.087488,0.7954627096631574
15,72,0.08446,0.7621673536723786
16,72,0.082152,0.7138738256231729
17,72,0.08358,0.759586447018733
18,72,0.084148,0.71257722091708
19,72,0.082412,0.6973252239879668
20,72,0.086596,0.7773445871693502
21,72,0.083008,0.8456872659463834
22,72,0.08648,0.8004328639289429
23,72,0.085556,0.7982464842292232
24,72,0.084084,0.6995089721836599
25,72,0.087304,0.8098560183036321
26,72,0.084232,0.760567007938479
27,72,0.082836,0.8082673572573684
28,72,0.08118,0.8126906094951978
29,72,0.0876,0.7624429375526304
30,72,0.084044,0.8193202058670132
31,72,0.084272,0.7005076576692263
32,72,0.084908,0.7428879233272538
33,72,0.086392,0.7528780080184192
34,72,0.081164,0.7387737056428156
35,72,0.088556,0.8326205057523528
36,72,0.082036,0.765266976231851
37,72,0.087232,0.780977574154372
38,72,0.084696,0.7933355165425561
39,72,0.089972,0.8307279308451739
40,72,0.086216,0.7692908168359521
41,72,0.084216,0.8085586569402582
42,72,0.08358,0.804372590255871
43,72,0.084344,0.7673258160676925
44,72,0.082964,0.7227649794288318
45,72,0.081448,0.7433580454142771
46,72,0.08222,0.713529826062924
47,72,0.089064,0.669275822857766
48,72,0.08234,0.7544958860715137
49,72,0.086172,0.7866635179937397
50,72,0.085244,0.7930083577277163
1,73,0.086116,0.7175010049692523
2,73,0.090788,0.7032186822298764
3,73,0.088424,0.6944424199726292
4,73,0.087632,0.63934276481805
5,73,0.085452,0.6519349295361011
6,73,0.083896,0.7395195414419165
7,73,0.08844,0.7873041672310263
8,73,0.08414,0.7237104946356048
9,73,0.087568,0.6574877022161366
10,73,0.08646,0.679084107138505
11,73,0.087632,0.6998157470470174
12,73,0.087992,0.7404683252468945
13,73,0.086636,0.6877013105160925
14,73,0.087688,0.7168840543217337
15,73,0.085528,0.731728575120116
16,73,0.08608,0.6324706586964284
17,73,0.085012,0.680257670539172
18,73,0.083864,0.6785092564694855
19,73,0.080824,0.634030313087731
20,73,0.085748,0.6625364402259996
21,73,0.085708,0.7108545172454946
22,73,0.092636,0.6915993668619227
23,73,0.087844,0.6958039388594944
24,73,0.085464,0.675415669672986
25,73,0.087724,0.7062033896901411
26,73,0.084868,0.7463146314631462
27,73,0.085684,0.774493320838616
28,73,0.084612,0.6697593529148773
29,73,0.090928,0.8215602875677548
30,73,0.083816,0.729301193866228
31,73,0.08524,0.665775509377405
32,73,0.083644,0.6913063869702396
33,73,0.084532,0.7356992751687415
34,73,0.082524,0.7673645116268067
35,73,0.089112,0.7436638572348199
36,73,0.083792,0.7632158641382732
37,73,0.088252,0.7109082629574432
38,73,0.081108,0.7086915896247181
39,73,0.086108,0.7369427811044578
40,73,0.086508,0.6919709535008458
41,73,0.085536,0.6961673818482305
42,73,0.085784,0.6901592045997053
43,73,0.088284,0.7214112381024229
44,73,0.087236,0.6935599585121778
45,73,0.0814,0.6714006169516437
46,73,0.082164,0.681518639998285
47,73,0.087664,0.6507340587015215
48,73,0.085416,0.7098808150711265
49,73,0.086588,0.6611410382949037
50,73,0.082472,0.6811880088981115
1,74,0.094004,0.7605877019452686
2,74,0.08922,0.7975168830228305
3,74,0.096324,0.7824656449837346
4,74,0.088956,0.7627199301462563
5,74,0.086732,0.7018387989068853
6,74,0.09692,0.859097906266962
7,74,0.096448,0.8567370003166573
8,74,0.088084,0.7738350390255229
9,74,0.098672,0.7133816861080473
10,74,0.085252,0.74110209213572
11,74,0.089476,0.7757733548313201
12,74,0.095908,0.829679911411058
13,74,0.094936,0.7337858309699825
14,74,0.094988,0.7667167759212711
15,74,0.094512,0.7958790236245996
16,74,0.096396,0.7093083074222858
17,74,0.088612,0.7633264036911309
18,74,0.09048,0.7354457751164338
19,74,0.091332,0.7364390002474636
20,74,0.094948,0.7733108122094299
21,74,0.089016,0.8111815657507563
22,74,0.092448,0.796451914098973
23,74,0.091152,0.8251640029034334
24,74,0.092492,0.7320247138660995
25,74,0.093764,0.8454301440916964
26,74,0.090328,0.8251243781094527
27,74,0.0955,0.7796806208491903
28,74,0.088688,0.7827769714562167
29,74,0.095712,0.7878632285965946
30,74,0.089368,0.7828907295515274
31,74,0.09394,0.7625218031065811
32,74,0.086848,0.8204545129503297
33,74,0.093108,0.7860905540137733
34,74,0.084404,0.7866127774232433
35,74,0.095796,0.8242870844128509
36,74,0.087696,0.8042195502115342
37,74,0.093684,0.7799633067857082
38,74,0.089904,0.7882526598464337
39,74,0.092048,0.8522580855230414
40,74,0.091356,0.7638457903944629
41,74,0.081108,0.7480473991215062
42,74,0.09076,0.8300702394779049
43,74,0.089244,0.7616737732921278
44,74,0.100748,0.7387960932081061
45,74,0.082552,0.7594701763266685
46,74,0.085276,0.7145986375236152
47,74,0.093812,0.7680357194920302
48,74,0.087924,0.7084027208179025
49,74,0.088112,0.7542591501342238
50,74,0.10344,0.8227325982634376
1,75,0.087336,0.7430474054368899
2,75,0.087092,0.7371104791339316
3,75,0.093256,0.7235289203928448
4,75,0.093528,0.7198943265688121
5,75,0.089,0.6618340705744304
6,75,0.093448,0.773511555404092
7,75,0.098468,0.8180777312246003
8,75,0.088104,0.760239470422238
9,75,0.095432,0.714111122640748
10,75,0.087972,0.6840369419638374
11,75,0.088888,0.7052139201136336
12,75,0.107588,0.8178130816017191
13,75,0.107588,0.8045626139518697
14,75,0.094228,0.7611765286726406
15,75,0.091812,0.7509733959311424
16,75,0.085824,0.68984454067327
17,75,0.0884,0.7041463774531503
18,75,0.097288,0.7769420508576342
19,75,0.087864,0.692033313020516
20,75,0.101348,0.8318364140098417
21,75,0.093572,0.8632724277092819
22,75,0.093792,0.7108470338042323
23,75,0.088676,0.8431741112211174
24,75,0.09164,0.6250950651799008
25,75,0.104996,0.7405208400925747
26,75,0.090012,0.6998662566271042
27,75,0.097144,0.816153979950704
28,75,0.093748,0.763958895982941
29,75,0.104496,0.8021558002680184
30,75,0.09442,0.7913241834563088
31,75,0.089828,0.724933712238727
32,75,0.09478,0.7400023946360152
33,75,0.089532,0.7198277462226678
34,75,0.0911,0.6830516617461313
35,75,0.0969,0.7588210180230865
36,75,0.088868,0.7831130788667516
37,75,0.09132,0.7862592752730719
38,75,0.089692,0.7781964164529406
39,75,0.094716,0.7927020115271576
40,75,0.097404,0.7842449943416963
41,75,0.084756,0.7298890873409627
42,75,0.090248,0.7453592984853661
43,75,0.091488,0.7314439614594334
44,75,0.089184,0.6339515455304928
45,75,0.090964,0.7806928104575164
46,75,0.08892,0.6547012080290294
47,75,0.098148,0.7229133620364075
48,75,0.103756,0.7569946452476574
49,75,0.092524,0.7279718504008417
50,75,0.100652,0.7800246327710294
1,76,0.086732,0.7795074709968327
2,76,0.084368,0.7544502808783832
3,76,0.089056,0.6879127189204708
4,76,0.087104,0.6747423713861823
5,76,0.083516,0.6791614097064513
6,76,0.082684,0.836187362836004
7,76,0.08694,0.8121324535817782
8,76,0.08264,0.8126536999776436
9,76,0.084784,0.7562621343772877
10,76,0.08574,0.7275039123630673
11,76,0.084992,0.7128699646247249
12,76,0.085636,0.7517027364687865
13,76,0.083968,0.6896518108801153
14,76,0.085312,0.7366847310004285
15,76,0.082172,0.7059353829428999
16,76,0.08216,0.6637785406789821
17,76,0.083292,0.6865827289134061
18,76,0.082468,0.7265356609199293
19,76,0.082232,0.6741448094389271
20,76,0.083652,0.7362208446443282
21,76,0.084644,0.7637080215524963
22,76,0.088012,0.7635162291917867
23,76,0.084708,0.7285130265464894
24,76,0.0827,0.6474931304681065
25,76,0.088192,0.746821104150183
26,76,0.084132,0.7127109091779493
27,76,0.0828,0.7176845327069542
28,76,0.081848,0.7291484158271281
29,76,0.088444,0.7699807398552169
30,76,0.082724,0.7513878462664849
31,76,0.08474,0.7035085920343169
32,76,0.08384,0.7479756992831834
33,76,0.085376,0.7425805935525158
34,76,0.08126,0.7316251371258424
35,76,0.088068,0.7115237715671133
36,76,0.082148,0.8060468024294392
37,76,0.08668,0.7252455079548865
38,76,0.084512,0.7629942217257596
39,76,0.085036,0.8150859001728168
40,76,0.08354,0.6988245128708946
41,76,0.081512,0.7364536686584683
42,76,0.08152,0.7094058387238191
43,76,0.086132,0.6965783112444778
44,76,0.085796,0.6636685450079468
45,76,0.080064,0.741758631954209
46,76,0.083284,0.6248733356898787
47,76,0.088792,0.6977359957246271
48,76,0.082524,0.7345256475067518
49,76,0.08562,0.706685175279964
50,76,0.082584,0.717413308006831
1,77,0.089416,0.7188435929803718
2,77,0.085616,0.7076792947647161
3,77,0.091356,0.678755740004227
4,77,0.086692,0.6723541674197785
5,77,0.085376,0.6191225609269333
6,77,0.085096,0.7622058018609743
7,77,0.0953,0.7181325629691507
8,77,0.090412,0.7046166307778058
9,77,0.090156,0.6877192982456141
10,77,0.08744,0.6439577984256925
11,77,0.09018,0.6454579012718548
12,77,0.093992,0.7601532567049808
13,77,0.088236,0.7021239119303636
14,77,0.09236,0.7412329272794389
15,77,0.08574,0.6783334970208866
16,77,0.086972,0.7003462503369202
17,77,0.089652,0.7228609819121447
18,77,0.08698,0.6702399488960754
19,77,0.082156,0.6382139527342008
20,77,0.083484,0.7085487875653999
21,77,0.088564,0.724051651515723
22,77,0.096064,0.697835264528878
23,77,0.088608,0.7136096632745925
24,77,0.084676,0.6146499969525202
25,77,0.088252,0.7391991367017382
26,77,0.088428,0.7237138577344763
27,77,0.088144,0.7168430500761893
28,77,0.085888,0.6522292138204542
29,77,0.089984,0.8043652247046216
30,77,0.089052,0.7393358290676649
31,77,0.09048,0.7180373805130962
32,77,0.088628,0.7455291363275125
33,77,0.087492,0.7351052305787681
34,77,0.084576,0.6819276706757016
35,77,0.091504,0.767248587859861
36,77,0.085456,0.7794637356936744
37,77,0.091056,0.7213323906807415
38,77,0.080788,0.7443314979528448
39,77,0.087884,0.6752806709855996
40,77,0.08778,0.6529905601980811
41,77,0.087024,0.762062753072546
42,77,0.083988,0.6735887917216865
43,77,0.088964,0.6443576388888889
44,77,0.089804,0.6626877446137114
45,77,0.086256,0.7156659765355418
46,77,0.083276,0.6412378336706178
47,77,0.088944,0.5983748657243441
48,77,0.087128,0.7331851794427863
49,77,0.0892,0.6595818213236565
50,77,0.087392,0.7058808864956498
1,78,0.09506,0.7089654960872048
2,78,0.100184,0.6724579040309236
3,78,0.1004,0.7029517436224535
4,78,0.091904,0.6831641334700761
5,78,0.091888,0.6559517979312288
6,78,0.091812,0.7597060980853377
7,78,0.097336,0.755576925360022
8,78,0.103508,0.785465702692506
9,78,0.105648,0.7190372419188109
10,78,0.088396,0.6147552051969855
11,78,0.091524,0.6546006886345552
12,78,0.1069,0.8030641642531907
13,78,0.099528,0.6732903894720988
14,78,0.101684,0.7003096172874972
15,78,0.097012,0.6760172804246541
16,78,0.101036,0.7045636394297873
17,78,0.093324,0.6865844578166788
18,78,0.086576,0.6296904770053965
19,78,0.095588,0.7131507542310522
20,78,0.09654,0.7174446237235896
21,78,0.095796,0.7737259538412276
22,78,0.098012,0.7401012838030834
23,78,0.093244,0.7600024912805182
24,78,0.08968,0.6634078373118688
25,78,0.101064,0.7488909311639833
26,78,0.098108,0.6746832694354559
27,78,0.109888,0.8647689641970484
28,78,0.10074,0.7166621017072947
29,78,0.096996,0.7628527034927959
30,78,0.088148,0.6796241144082832
31,78,0.096808,0.6608578850931567
32,78,0.092412,0.7468752965837677
33,78,0.105708,0.8128129527982689
34,78,0.095228,0.7282866746585808
35,78,0.097896,0.772426795026073
36,78,0.090808,0.7721664548370643
37,78,0.103912,0.8258771666165715
38,78,0.09178,0.6983505413266227
39,78,0.1024,0.8116441785114964
40,78,0.11354,0.8306293752695664
41,78,0.0991,0.7879345034332879
42,78,0.093312,0.7603772331805804
43,78,0.09882,0.6952931192061627
44,78,0.104496,0.7872691633137316
45,78,0.086116,0.7050923995231537
46,78,0.094144,0.687450284064134
47,78,0.09596,0.7018612024203539
48,78,0.097872,0.7395651048607972
49,78,0.088712,0.6807058048801774
50,78,0.091448,0.6946549340726903
1,79,0.100388,0.6903770886781138
2,79,0.102136,0.6798314902580305
3,79,0.10234,0.7005957416807671
4,79,0.100636,0.7176325478914583
5,79,0.092004,0.6405064302260565
6,79,0.095088,0.7662463349121404
7,79,0.108804,0.7599619986977082
8,79,0.107664,0.8107328508040885
9,79,0.107136,0.6622106732111063
10,79,0.100512,0.6926762345481557
11,79,0.098516,0.6423688656380553
12,79,0.121404,0.8361735330836454
13,79,0.112908,0.7137332826821737
14,79,0.106404,0.69109033641603
15,79,0.09494,0.6530304168499976
16,79,0.105788,0.6985570250632706
17,79,0.098824,0.698337810977874
18,79,0.099996,0.6467788388661513
19,79,0.108848,0.7025475421600287
20,79,0.11594,0.7731440522556785
21,79,0.107332,0.742708852614348
22,79,0.101964,0.6914011669395121
23,79,0.097024,0.6966951965453315
24,79,0.106528,0.7409492932912436
25,79,0.09992,0.7327222841528823
26,79,0.126648,0.7430027275724606
27,79,0.106636,0.713428045142755
28,79,0.113112,0.7692749411927494
29,79,0.105992,0.7521283989227695
30,79,0.101212,0.6509815339102731
31,79,0.11166,0.7892275439445251
32,79,0.095432,0.6934075198111618
33,79,0.108336,0.7716502069684822
34,79,0.091036,0.7322833673028225
35,79,0.143064,0.8200768917007298
36,79,0.092792,0.7223898949251063
37,79,0.111228,0.7416289299818386
38,79,0.087752,0.6923609076407201
39,79,0.117376,0.7100905792031642
40,79,0.105568,0.6998525073746312
41,79,0.100696,0.7113536039960504
42,79,0.102884,0.6249523046398047
43,79,0.095376,0.6966945601969488
44,79,0.117204,0.7770402028836148
45,79,0.091744,0.6992050874403816
46,79,0.100104,0.6926530204407902
47,79,0.098256,0.736040220106988
48,79,0.096928,0.6948491097363577
49,79,0.093928,0.6968577840476818
50,79,0.093188,0.6474276184171016
1,80,0.092348,0.6157866565914172
2,80,0.094944,0.5816882817846012
3,80,0.093652,0.6383447147531655
4,80,0.095468,0.6918697454646046
5,80,0.093668,0.5486156109624204
6,80,0.09324,0.6392993450586085
7,80,0.09842,0.6900154476750706
8,80,0.098004,0.6715184167749171
9,80,0.092936,0.6225632604942949
10,80,0.095784,0.6160677531464048
11,80,0.095168,0.5613211991031222
12,80,0.092936,0.7016643733917924
13,80,0.089964,0.5842574271030863
14,80,0.096596,0.6334241131836321
15,80,0.088044,0.6497779928711898
16,80,0.092696,0.554827565287636
17,80,0.095268,0.6426868379963709
18,80,0.094308,0.6510353249645314
19,80,0.092116,0.5915280956013221
20,80,0.092064,0.6453720441888068
21,80,0.092216,0.6533802007339612
22,80,0.095064,0.5980042103867257
23,80,0.091548,0.6581480983537988
24,80,0.089204,0.6451882750590656
25,80,0.097464,0.564446169580915
26,80,0.095264,0.6478194519684594
27,80,0.091788,0.6324969124800617
28,80,0.095072,0.6458556712704934
29,80,0.092368,0.6110329299183789
30,80,0.094284,0.6796497584541062
31,80,0.091568,0.6299941367117384
32,80,0.092584,0.5900066303846632
33,80,0.097964,0.6218451347738473
34,80,0.091644,0.6139664254418352
35,80,0.095816,0.6913141870263672
36,80,0.090356,0.6769780630855884
37,80,0.092452,0.606906906906907
38,80,0.093632,0.6578770623448679
39,80,0.100812,0.6779868568903918
40,80,0.096968,0.5824091291978576
41,80,0.089016,0.6995106788571983
42,80,0.0917,0.5661814911105858
43,80,0.098772,0.6298418985510146
44,80,0.097372,0.5889233974297527
45,80,0.089712,0.6103016072136983
46,80,0.087052,0.599494256876873
47,80,0.096752,0.6046372465855214
48,80,0.092604,0.5607112916747276
49,80,0.094088,0.6372345239105229
50,80,0.092292,0.622692915222254
1,81,0.090032,0.6330534065110538
2,81,0.089568,0.5825476974759835
3,81,0.089212,0.5714178848187478
4,81,0.089464,0.5976156776587729
5,81,0.09036,0.6009231825281752
6,81,0.085072,0.6457572162910241
7,81,0.093092,0.6657690838349782
8,81,0.09086,0.6415895317412978
9,81,0.090008,0.5757840932602067
10,81,0.087636,0.580046338650711
11,81,0.086556,0.5938111940001376
12,81,0.088608,0.569211974789199
13,81,0.085432,0.6138965266226885
14,81,0.091732,0.6011159766866465
15,81,0.08894,0.5856923987604025
16,81,0.086192,0.5160499576356146
17,81,0.090884,0.6615280564340312
18,81,0.088952,0.5796172628600024
19,81,0.087648,0.5414784591304234
20,81,0.088072,0.5709196790880648
21,81,0.089764,0.5682809751109228
22,81,0.089884,0.6409303882195448
23,81,0.086968,0.6230686687227512
24,81,0.089056,0.5315398529807951
25,81,0.089816,0.6180095539103202
26,81,0.08976,0.6040852172927644
27,81,0.090004,0.5978720946109168
28,81,0.087608,0.6129937587933423
29,81,0.089596,0.6431401600610612
30,81,0.087096,0.6182872541575477
31,81,0.085124,0.6530181528027129
32,81,0.08548,0.625887095538082
33,81,0.090192,0.5729078186304251
34,81,0.08614,0.5576154050519793
35,81,0.09002,0.627314586956284
36,81,0.084656,0.54091144041543
37,81,0.087088,0.616684309246569
38,81,0.087912,0.6281173036748026
39,81,0.091844,0.5708920373725672
40,81,0.09242,0.5630150486601441
41,81,0.086028,0.5720411663807891
42,81,0.085004,0.6304529046616495
43,81,0.093636,0.5575837213509679
44,81,0.092156,0.5349448043147043
45,81,0.086776,0.5803531586664117
46,81,0.085904,0.6026143790849673
47,81,0.090968,0.531990435703356
48,81,0.087616,0.5745673988278465
49,81,0.088532,0.6158480953527923
50,81,0.08944,0.5621800662451069
1,82,0.098272,0.8972618982469581
2,82,0.090504,0.7974541219933341
3,82,0.09306,0.7241969457609269
4,82,0.095456,0.794474802671524
5,82,0.087572,0.7103281804992747
6,82,0.095768,0.880563494364596
7,82,0.352992,0.31773097533855876
8,82,0.090484,0.8279482105709843
9,82,0.100424,0.802166444363607
10,82,0.092824,0.7162267618968392
11,82,0.088568,0.7480716912636513
12,82,0.325772,0.28824481865284973
13,82,0.085644,0.7805680493086791
14,82,0.093408,0.7560903149138443
15,82,0.091692,0.8057722135559022
16,82,0.089024,0.7704542853873442
17,82,0.091664,0.7766242263026953
18,82,0.086448,0.711826974335542
19,82,0.09934,0.7873405204640282
20,82,0.091796,0.780389160818032
21,82,0.09012,0.8080305337975051
22,82,0.089884,0.7668681027671416
23,82,0.091336,0.8103578154425611
24,82,0.09218,0.7510288065843621
25,82,0.094232,0.8753634921299593
26,82,0.095148,0.8454193698282486
27,82,0.088016,0.8530040358897213
28,82,0.088456,0.7735904411372487
29,82,0.091832,0.8630063362751753
30,82,0.088808,0.8443478551926287
31,82,0.090448,0.7521729724226575
32,82,0.090128,0.8295251083094449
33,82,0.093208,0.750904278057282
34,82,0.086796,0.7839144622266219
35,82,0.08826,0.8257917804858488
36,82,0.084928,0.8425788677776279
37,82,0.091324,0.769544626593807
38,82,0.092,0.7931546643950812
39,82,0.091516,0.8302178335504812
40,82,0.090428,0.7722508770101768
41,82,0.090128,0.7419536675963435
42,82,0.085784,0.7364898690485602
43,82,0.089772,0.7146974770332757
44,82,0.086632,0.7175860383053801
45,82,0.087404,0.749808474405614
46,82,0.087024,0.7637129670584977
47,82,0.090168,0.7059536610807045
48,82,0.089772,0.7673185730252543
49,82,0.090884,0.8143124796350604
50,82,0.092132,0.7969869806725193
1,83,0.086848,0.7308635272725706
2,83,0.086248,0.6987901021255639
3,83,0.091692,0.7015018847412764
4,83,0.494252,0.2844355926448843
5,83,0.088,0.6446688882018161
6,83,0.08756,0.7608267498727567
7,83,0.654688,0.16788571531312735
8,83,0.563452,0.20965997420304688
9,83,0.090792,0.6820260752750794
10,83,0.08642,0.7231876222840078
11,83,0.088404,0.7095111969239402
12,83,0.089704,0.7862878484727225
13,83,0.083448,0.6889349082170068
14,83,0.093468,0.7166546616757393
15,83,0.087532,0.7360492775691567
16,83,0.082676,0.6852900756495716
17,83,0.085568,0.7220404701320732
18,83,0.088992,0.7291018878692129
19,83,0.218328,0.6102172391456506
20,83,0.091224,0.7220760874859955
21,83,0.085956,0.7412549195897735
22,83,0.086372,0.7460260752972726
23,83,0.090664,0.7665995456422966
24,83,0.08476,0.6463238331268071
25,83,0.094312,0.8527118051297424
26,83,0.0844,0.7498673848288245
27,83,0.087704,0.7270066978411461
28,83,0.084812,0.7591482880023349
29,83,0.089192,0.8157323505232724
30,83,0.089588,0.7154379533609707
31,83,0.09052,0.7359785388982469
32,83,0.087552,0.7597064739296686
33,83,0.089272,0.6920413287910049
34,83,0.085,0.7064166848339509
35,83,0.088052,0.7705727115347816
36,83,0.084408,0.8041784139376852
37,83,0.084816,0.7527363589451099
38,83,0.084712,0.7280536073578037
39,83,0.100112,0.8199554414724982
40,83,0.091828,0.7395892520401526
41,83,0.085996,0.7215379981065496
42,83,0.0841,0.7310679395598282
43,83,0.087744,0.7067554859583495
44,83,0.08568,0.6866839650555989
45,83,0.083784,0.7594624549736769
46,83,0.084192,0.7121698088607266
47,83,0.086752,0.6713689552741399
48,83,0.099148,0.8518648018648018
49,83,0.090268,0.6793820933165196
50,83,0.102468,0.8914327210742364
1,84,0.0937,0.7058595581596313
2,84,0.089048,0.6530657390879827
3,84,0.092648,0.6216548732604286
4,84,0.090972,0.7114800347222221
5,84,0.090436,0.6103682902355398
6,84,0.092264,0.7035388853570671
7,84,0.096292,0.7166517662700869
8,84,0.0944,0.6881844250265303
9,84,0.089824,0.6682593119618073
10,84,0.092808,0.6690765212907853
11,84,0.090612,0.5755515139267792
12,84,0.089528,0.7010079019512983
13,84,0.088648,0.6104255973375297
14,84,0.093928,0.6547727766905849
15,84,0.09148,0.6391677419825179
16,84,0.089572,0.5718521681373944
17,84,0.093256,0.6146391067945046
18,84,0.09152,0.6482145227664942
19,84,0.090944,0.569872505266521
20,84,0.090532,0.6567078663967765
21,84,0.090872,0.6539335091953378
22,84,0.093996,0.6531337178208518
23,84,0.088912,0.6557153973237045
24,84,0.088132,0.6031792344766475
25,84,0.091904,0.6836586837624576
26,84,0.09394,0.6084489109490642
27,84,0.08654,0.6627835805472091
28,84,0.089492,0.6850527264747399
29,84,0.092356,0.6719915886582553
30,84,0.087576,0.788691617805542
31,84,0.086704,0.6191877332674476
32,84,0.089612,0.676534355260228
33,84,0.093788,0.6494883633755402
34,84,0.085208,0.6355153653530857
35,84,0.094564,0.7138531210136752
36,84,0.083312,0.7956762980055243
37,84,0.092356,0.6220824997618367
38,84,0.090076,0.6994205089443184
39,84,0.094436,0.7425244965108291
40,84,0.094696,0.6219208433104891
41,84,0.086736,0.650639749564783
42,84,0.087632,0.7307271919937152
43,84,0.094092,0.6113619378154529
44,84,0.09306,0.5706071764617784
45,84,0.086888,0.6331498359182866
46,84,0.086728,0.5645089811237138
47,84,0.09336,0.6001056363063859
48,84,0.088436,0.6247762540865989
49,84,0.089952,0.6274353107746651
50,84,0.089456,0.7096463756769099
1,85,0.088044,0.6817352256081455
2,85,0.085296,0.64554207177158
3,85,0.090504,0.5979678321337415
4,85,0.09068,0.6036475356713715
5,85,0.0862,0.6376467499778018
6,85,0.083728,0.7028251956120681
7,85,0.09006,0.7047680018038041
8,85,0.090916,0.7031981465558422
9,85,0.088748,0.6305817417337107
10,85,0.086692,0.6108890221422701
11,85,0.089104,0.6289799218135708
12,85,0.087388,0.6614682792276682
13,85,0.085204,0.6686597275607782
14,85,0.08788,0.6696280502250651
15,85,0.088424,0.6765323008464176
16,85,0.082616,0.6053948210334806
17,85,0.087424,0.6703534197813373
18,85,0.08826,0.586684657523657
19,85,0.085744,0.6089184478556686
20,85,0.086908,0.663276742187531
21,85,0.087684,0.6259769857281626
22,85,0.088604,0.667975833177015
23,85,0.087408,0.6299863588746448
24,85,0.087132,0.6271705360673332
25,85,0.088392,0.690034522068746
26,85,0.087596,0.6896714244503765
27,85,0.084548,0.6406939751417788
28,85,0.087188,0.6797240967838167
29,85,0.085512,0.7292521107136462
30,85,0.085408,0.7269123591977706
31,85,0.083116,0.65468088417156
32,85,0.085128,0.6867444786017178
33,85,0.087424,0.6393352561461337
34,85,0.081368,0.6903861308116628
35,85,0.087696,0.6763040381184977
36,85,0.082248,0.6689640055473357
37,85,0.087404,0.7037990104671689
38,85,0.085708,0.6514698555057299
39,85,0.089048,0.6798360927544471
40,85,0.088112,0.672245930140667
41,85,0.085768,0.6339719384406297
42,85,0.087344,0.6476102231487916
43,85,0.090336,0.6214934238744535
44,85,0.08792,0.5968933984717525
45,85,0.083568,0.6407242134894358
46,85,0.086912,0.6266066086457897
47,85,0.087176,0.5928976752699983
48,85,0.085432,0.6509669592521231
49,85,0.085252,0.6625005041338979
50,85,0.086744,0.6803776293538694
1,86,0.08934,0.7294353287503973
2,86,0.089144,0.6912651265126513
3,86,0.091204,0.6653839168142396
4,86,0.091892,0.7464103521214384
5,86,0.140976,0.9147504089521449
6,86,0.086056,0.7458837900998513
7,86,0.489984,0.21772946137345633
8,86,0.091412,0.781584201388889
9,86,0.094764,0.786785421009412
10,86,0.091596,0.7533935702540353
11,86,0.091156,0.7081361118101241
12,86,0.091564,0.8089081807179954
13,86,0.521336,0.21696289661024937
14,86,0.09372,0.7092957658803801
15,86,0.083428,0.7268559439310744
16,86,0.08758,0.6711884458418687
17,86,0.091208,0.750382012660991
18,86,0.087656,0.6751541825633175
19,86,0.086536,0.6999408495996934
20,86,0.09088,0.7592869274285203
21,86,0.085324,0.6875036399184659
22,86,0.089428,0.7257908878407493
23,86,0.092536,0.8407486650574209
24,86,0.08986,0.6869067212927112
25,86,0.624648,0.163454043355926
26,86,0.372664,0.32639847543530304
27,86,0.088648,0.7055899502096437
28,86,0.087164,0.8175485948339134
29,86,0.092908,0.8542671100027709
30,86,0.087432,0.8172388570349921
31,86,0.087676,0.725715521958793
32,86,0.08454,0.7411409958286848
33,86,0.092584,0.7330788370980944
34,86,0.085604,0.7192862193250212
35,86,0.089616,0.7705890069526433
36,86,0.086456,0.7373618417035234
37,86,0.084644,0.6787731740699267
38,86,0.084152,0.7816914690959844
39,86,0.091024,0.8305424517457953
40,86,0.088964,0.7451023166683777
41,86,0.086004,0.7883994105807267
42,86,0.082916,0.7189121130420081
43,86,0.0899,0.6826097534177772
44,86,0.088792,0.7121652305422658
45,86,0.08436,0.6408945940056655
46,86,0.083992,0.6944593638370973
47,86,0.087588,0.6462560720654246
48,86,0.646772,0.1582642758597542
49,86,0.088396,0.7420991896494773
50,86,0.088544,0.769047934614535
1,87,0.089452,0.7681104340038879
2,87,0.087108,0.6797732179246615
3,87,0.094504,0.7082972057480433
4,87,0.300824,0.5102054197851195
5,87,0.086008,0.6374354511169132
6,87,0.088436,0.728800753038112
7,87,0.147788,0.9090680325941917
8,87,0.088612,0.6932240860423273
9,87,0.474824,0.3778056066781559
10,87,0.116884,0.7953599150707974
11,87,0.089,0.6547042671500577
12,87,0.088888,0.6848628125223869
13,87,0.088028,0.7233407904548844
14,87,0.095136,0.753352960418711
15,87,0.089748,0.7090446077177079
16,87,0.084412,0.6990470584220584
17,87,0.0881,0.7609934226445808
18,87,0.089232,0.6604449363415918
19,87,0.08782,0.6458012518482766
20,87,0.090988,0.7035219870516937
21,87,0.085812,0.7164551427946868
22,87,0.088976,0.7148208657194252
23,87,0.100384,0.7336445102703348
24,87,0.089912,0.6510616815106168
25,87,0.092156,0.7184057031756318
26,87,0.089432,0.7548403200055084
27,87,0.0908,0.6737585382907283
28,87,0.087152,0.7024507424417809
29,87,0.08972,0.7949318683686111
30,87,0.087284,0.6997770345596432
31,87,0.088736,0.7128683859731662
32,87,0.084104,0.710923449839706
33,87,0.091432,0.728608223226349
34,87,0.08246,0.7525614348690304
35,87,0.098664,0.7776896960379233
36,87,0.085812,0.6851549418916355
37,87,0.097828,0.6794054057936662
38,87,0.083268,0.7842437275985663
39,87,0.093076,0.7022059109091615
40,87,0.092064,0.7336057384503085
41,87,0.088048,0.6973807716480163
42,87,0.082388,0.6598501106286704
43,87,0.088876,0.6834461768305281
44,87,0.088484,0.7009965286700849
45,87,0.084892,0.6523885471253892
46,87,0.085052,0.6731830868159295
47,87,0.090368,0.7056049614794464
48,87,0.091808,0.7494167833100047
49,87,0.093864,0.6966685790782177
50,87,0.091248,0.6815502044314721
1,88,0.086036,0.7912255923331143
2,88,0.091176,0.7273659902315411
3,88,0.094068,0.7100992111991868
4,88,0.090216,0.6918652489002817
5,88,0.084792,0.7110266487399594
6,88,0.090404,0.7761072291573979
7,88,0.096504,0.7934329800706527
8,88,0.087976,0.7820462492949802
9,88,0.091712,0.725188859708848
10,88,0.089,0.7747430912219702
11,88,0.09124,0.6875024313579037
12,88,0.085568,0.7743926557570071
13,88,0.086084,0.7249480940479737
14,88,0.091412,0.7562412495993792
15,88,0.087904,0.7209979384913122
16,88,0.088048,0.663522897897898
17,88,0.090716,0.7076549093228396
18,88,0.088204,0.7555372146238362
19,88,0.08906,0.6500854700854701
20,88,0.088528,0.7407421662839083
21,88,0.08938,0.7893523182662816
22,88,0.090204,0.745917733946465
23,88,0.08802,0.7554662921102491
24,88,0.08526,0.6997768140201375
25,88,0.094244,0.7154456333196905
26,88,0.089444,0.7537840695185787
27,88,0.086032,0.7762558333562541
28,88,0.088772,0.724059927160819
29,88,0.089448,0.7583628186684293
30,88,0.088416,0.7359152530826351
31,88,0.0894,0.7183255399688265
32,88,0.08996,0.6785935835762023
33,88,0.089256,0.6772023206701367
34,88,0.085392,0.6928961199825919
35,88,0.0937,0.7452535887499695
36,88,0.084248,0.8133501099747863
37,88,0.091156,0.711269892822345
38,88,0.085024,0.7072772152277792
39,88,0.094056,0.8227623548724465
40,88,0.090728,0.7115947285697013
41,88,0.086396,0.7661481391224294
42,88,0.090748,0.7120746653765522
43,88,0.09572,0.7076523610208217
44,88,0.08652,0.6611130945297314
45,88,0.083316,0.7140939124616474
46,88,0.085816,0.6633456068153925
47,88,0.091828,0.6903202032543977
48,88,0.086484,0.6928826416778224
49,88,0.0876,0.7077947708019128
50,88,0.089716,0.7056174592770617
1,89,0.087884,0.6343761310170106
2,89,0.091408,0.6959522828496871
3,89,0.088088,0.6744069912609238
4,89,0.087804,0.6714836337995809
5,89,0.08396,0.6294597529470337
6,89,0.082512,0.7107543018535488
7,89,0.089,0.7361528925444999
8,89,0.08754,0.7096276850636498
9,89,0.087828,0.6414852899171665
10,89,0.083952,0.6660207435932248
11,89,0.089944,0.6200933633946121
12,89,0.084468,0.7411024568294837
13,89,0.085184,0.6836936959352425
14,89,0.090956,0.6074996400818857
15,89,0.087132,0.6640018661511029
16,89,0.07962,0.6455603706801153
17,89,0.086184,0.6625334131258728
18,89,0.083076,0.648989898989899
19,89,0.084856,0.645801865661287
20,89,0.084664,0.7022463034836703
21,89,0.083272,0.71293987254087
22,89,0.089388,0.6957854406130268
23,89,0.086928,0.646233373990823
24,89,0.084616,0.6121767474726754
25,89,0.089728,0.7066796289545104
26,89,0.085368,0.6436098733998161
27,89,0.085912,0.7094742025589431
28,89,0.083604,0.6505593819467221
29,89,0.087772,0.7691793369973656
30,89,0.086304,0.724196670538134
31,89,0.083708,0.6857740036979213
32,89,0.086572,0.6900363995311247
33,89,0.085444,0.7593098171314219
34,89,0.082584,0.7250301492161204
35,89,0.087928,0.6960417125651758
36,89,0.080256,0.7626423183188413
37,89,0.086432,0.7071257867986132
38,89,0.082032,0.6670629801084381
39,89,0.090472,0.7174477576704845
40,89,0.086888,0.6969990079365079
41,89,0.08262,0.6766763712490094
42,89,0.08424,0.6776529338327091
43,89,0.08982,0.6253840182798167
44,89,0.087752,0.646678180771445
45,89,0.0814,0.6936184048648458
46,89,0.084472,0.667260493326617
47,89,0.088904,0.6963729942476536
48,89,0.084056,0.6978041248577855
49,89,0.08858,0.6725885031437638
50,89,0.083456,0.681835073139421
1,90,0.094112,0.8911466098686546
2,90,0.093548,0.8491040309483403
3,90,0.094492,0.7496599135208668
4,90,0.100832,0.8563064734151199
5,90,0.08582,0.7081259731609115
6,90,0.093704,0.943069430694307
7,90,0.096048,0.8343921177438267
8,90,0.0906,0.7838628101785996
9,90,0.094564,0.767442532651199
10,90,0.085984,0.7578003242743127
11,90,0.099324,0.7763759327432082
12,90,0.107876,0.9667865707434053
13,90,0.091664,0.7111940417523882
14,90,0.097208,0.791872577069322
15,90,0.091956,0.8239712561860213
16,90,0.093312,0.7608006810772648
17,90,0.090132,0.741410549060657
18,90,0.095612,0.7715698342360086
19,90,0.108704,0.8818008362765397
20,90,0.090984,0.8138238270801706
21,90,0.09344,0.8376339136634808
22,90,0.094052,0.8202443511403347
23,90,0.088244,0.8468965317584389
24,90,0.090932,0.7977362882412256
25,90,0.098792,0.8425900898001915
26,90,0.097332,0.8491493466631589
27,90,0.099032,0.8398030078011641
28,90,0.090312,0.7490031746031747
29,90,0.093424,0.9041905755520778
30,90,0.089352,0.8167008177807313
31,90,0.088812,0.8153263419473885
32,90,0.0885,0.8315816882071675
33,90,0.09594,0.8615955155414966
34,90,0.086044,0.7673550137714796
35,90,0.098596,0.8805210247057615
36,90,0.092352,0.8800879615716691
37,90,0.091908,0.8321154898741105
38,90,0.086284,0.8024497901255483
39,90,0.099904,0.8837900998512852
40,90,0.1005,0.8303232414068744
41,90,0.08594,0.7508056859362673
42,90,0.097076,0.8916572551396121
43,90,0.096248,0.7753136448292094
44,90,0.099332,0.7884071270169
45,90,0.088664,0.7785894588495536
46,90,0.088152,0.7615427259048072
47,90,0.098428,0.8283024950582406
48,90,0.089236,0.7593820994398487
49,90,0.089908,0.8043743890518085
50,90,0.096736,0.84477821695213
1,91,0.098248,0.8291691124552316
2,91,0.092084,0.8074508552124067
3,91,0.093264,0.7311386450569343
4,91,0.097908,0.7307461545810644
5,91,0.093,0.7436997275226621
6,91,0.087504,0.8234411787043365
7,91,0.096364,0.7967499078819549
8,91,0.09448,0.821564111001426
9,91,0.102204,0.8143479783162496
10,91,0.088124,0.7716826058307065
11,91,0.088464,0.6924934090734752
12,91,0.110016,0.9617551706801201
13,91,0.115116,0.8761954860277273
14,91,0.103348,0.7944018037593896
15,91,0.093336,0.764132699841627
16,91,0.099392,0.7994389273659309
17,91,0.095912,0.7811267395996129
18,91,0.089884,0.7251747095066783
19,91,0.109932,0.8053249154319547
20,91,0.091724,0.7806252295460928
21,91,0.100728,0.9371779572428978
22,91,0.094844,0.7798444369293203
23,91,0.089992,0.795481409843112
24,91,0.091668,0.7035417629424242
25,91,0.097148,0.769778229137701
26,91,0.093872,0.7783673606899805
27,91,0.099596,0.8092674051347766
28,91,0.098868,0.8979519629856433
29,91,0.089656,0.8347869307524945
30,91,0.096352,0.8332571015363974
31,91,0.090072,0.7817162946222064
32,91,0.092348,0.8518904739393602
33,91,0.091264,0.7398828838909404
34,91,0.088016,0.7872313401014307
35,91,0.09642,0.7926795229108603
36,91,0.095484,0.8314380478559582
37,91,0.101208,0.7747512234592971
38,91,0.094028,0.7964950664950666
39,91,0.097384,0.791394820086991
40,91,0.09878,0.8299375894452491
41,91,0.087464,0.7522022180108092
42,91,0.093016,0.7653399668325042
43,91,0.095092,0.7823084086002647
44,91,0.101352,0.746786298741606
45,91,0.088852,0.7847911233004401
46,91,0.092456,0.7782651634665948
47,91,0.093764,0.7544773088142979
48,91,0.086664,0.7368068600848814
49,91,0.090808,0.693952898250923
50,91,0.096372,0.8150084353044185
1,92,0.088124,0.7095937018824815
2,92,0.085792,0.6789868775428343
3,92,0.090164,0.663706708220664
4,92,0.088664,0.7163489456307135
5,92,0.08362,0.6333954596357103
6,92,0.088924,0.7459381197767412
7,92,0.088124,0.7592665753617082
8,92,0.087172,0.7119184594920084
9,92,0.089416,0.7075068256816527
10,92,0.085748,0.6910217233135848
11,92,0.087124,0.6462518013684605
12,92,0.085552,0.7413740417447221
13,92,0.084776,0.6897504366518876
14,92,0.090176,0.6888605009679493
15,92,0.083704,0.7420710962522028
16,92,0.082796,0.6484016030854911
17,92,0.086524,0.7575688615807487
18,92,0.088864,0.6688629084795219
19,92,0.086448,0.6550816779128901
20,92,0.084988,0.6869582274307512
21,92,0.08578,0.6990819449166951
22,92,0.088936,0.710909001281672
23,92,0.085208,0.7884665915915916
24,92,0.08732,0.6302459492706046
25,92,0.089484,0.731138804178223
26,92,0.086644,0.6884533198807312
27,92,0.084188,0.7196040767638494
28,92,0.083572,0.7019093574078398
29,92,0.084876,0.7584131277119843
30,92,0.087276,0.7099236960384656
31,92,0.083972,0.6830855370181212
32,92,0.084392,0.7246187363834422
33,92,0.090996,0.7224909409226008
34,92,0.081248,0.6934519879936976
35,92,0.089648,0.7093003392146814
36,92,0.084176,0.7352190718770248
37,92,0.087032,0.6361242759347024
38,92,0.084672,0.7034813617588959
39,92,0.092224,0.7538673169511662
40,92,0.08694,0.6819055263669974
41,92,0.082108,0.7031615692808123
42,92,0.086588,0.7383571618551801
43,92,0.090088,0.680523335286077
44,92,0.08614,0.6231701218403346
45,92,0.082228,0.7157995888084384
46,92,0.084484,0.6820467243314514
47,92,0.08936,0.7166641964329825
48,92,0.083508,0.7182627964051769
49,92,0.088144,0.6993040998042653
50,92,0.082548,0.6682906563939874
1,93,0.087724,0.6815947372225837
2,93,0.084696,0.6306130630578034
3,93,0.08956,0.6217138160646163
4,93,0.087584,0.6145948414276666
5,93,0.084476,0.6487291421809663
6,93,0.085848,0.6490900790277385
7,93,0.08924,0.6430892201826248
8,93,0.086816,0.6525764328719994
9,93,0.087796,0.6302588814579627
10,93,0.0843,0.5981027803951482
11,93,0.087624,0.6280075878564305
12,93,0.086568,0.6659246493369717
13,93,0.085456,0.6230469644902634
14,93,0.092348,0.6614686164932124
15,93,0.087568,0.617311062310064
16,93,0.082704,0.5949158651566028
17,93,0.088668,0.7048420673774964
18,93,0.086068,0.6026012412837409
19,93,0.088132,0.5601559881790208
20,93,0.086184,0.6350707070707071
21,93,0.088328,0.6502584023874924
22,93,0.092156,0.6308856682769727
23,93,0.08642,0.6207160008731719
24,93,0.084036,0.5486364080447738
25,93,0.08918,0.6830117740180074
26,93,0.089296,0.6551939829435368
27,93,0.084916,0.6041275937842765
28,93,0.08382,0.6855963636056405
29,93,0.086128,0.650113522983494
30,93,0.087608,0.6672668830604718
31,93,0.08572,0.6538362385230134
32,93,0.085496,0.6860989892208422
33,93,0.088912,0.6692294189924521
34,93,0.086092,0.6489623429977281
35,93,0.088544,0.7029518485829166
36,93,0.081044,0.6164717523930365
37,93,0.08544,0.614062883117373
38,93,0.083384,0.6379366790433983
39,93,0.08948,0.6337610252767419
40,93,0.089084,0.5916436142052248
41,93,0.083692,0.6237770206721069
42,93,0.0863,0.606524599373189
43,93,0.090196,0.6411742028276358
44,93,0.088812,0.602077890559196
45,93,0.082488,0.6688140051855493
46,93,0.0809,0.6189805790195654
47,93,0.088516,0.6278523564638572
48,93,0.090316,0.6863952466170608
49,93,0.086472,0.6473087597842019
50,93,0.083548,0.6234672106163982
1,94,0.096784,0.8370080111459421
2,94,0.094424,0.7693812424882921
3,94,0.097396,0.7034274096128041
4,94,0.097604,0.7215454321408937
5,94,0.091716,0.6439768161759863
6,94,0.089012,0.8049140813311562
7,94,0.099188,0.8034011514741739
8,94,0.093472,0.7355862329955594
9,94,0.098948,0.7340492975123472
10,94,0.091056,0.6743961352657005
11,94,0.0917,0.6295757810733094
12,94,0.102368,0.842249043858342
13,94,0.10406,0.7367801606443156
14,94,0.0969,0.6733772308578008
15,94,0.089584,0.6719931932351947
16,94,0.093936,0.7292839647549066
17,94,0.091576,0.7258108410000202
18,94,0.087092,0.6426711288058008
19,94,0.11184,0.7790229183690074
20,94,0.097684,0.7440557481528173
21,94,0.100968,0.7616802861434789
22,94,0.09304,0.728600080224629
23,94,0.091376,0.7431895620377296
24,94,0.093392,0.6915842510781831
25,94,0.103808,0.7656752668070618
26,94,0.095104,0.7512755410470319
27,94,0.099668,0.8796638700014581
28,94,0.095748,0.6943874250802945
29,94,0.087652,0.7058065745435265
30,94,0.087328,0.6886544394786757
31,94,0.084104,0.6380782706811569
32,94,0.09058,0.7898596854194849
33,94,0.090988,0.6951484146394293
34,94,0.088344,0.7061321821358825
35,94,0.096156,0.744430208555769
36,94,0.09134,0.8450483395211643
37,94,0.091904,0.6685292010707687
38,94,0.0888,0.7808491926375328
39,94,0.098388,0.7285775517093579
40,94,0.093744,0.6723347670730166
41,94,0.087904,0.6473620027150779
42,94,0.10436,0.8107644409895214
43,94,0.090624,0.6669375856161117
44,94,0.091888,0.6524587742138016
45,94,0.088968,0.7047198686049876
46,94,0.085208,0.6173865462877467
47,94,0.099976,0.7429466370522239
48,94,0.089268,0.7945745347636505
49,94,0.0914,0.715051301210821
50,94,0.089496,0.676206785996356
1,95,0.097184,0.6801348994405727
2,95,0.093668,0.6731415430300188
3,95,0.099948,0.6651478593446346
4,95,0.100444,0.6627017143796288
5,95,0.099596,0.6669583242190349
6,95,0.096488,0.7425534675773554
7,95,0.104432,0.7077065147317617
8,95,0.098844,0.7042719813458281
9,95,0.10876,0.7225543802272302
10,95,0.094996,0.6475944029135519
11,95,0.089616,0.6177586917387815
12,95,0.116684,0.7680365939007934
13,95,0.115772,0.7931033285777265
14,95,0.093376,0.6897396899455288
15,95,0.091196,0.6509384911350283
16,95,0.092528,0.6320379234890753
17,95,0.097668,0.7397443790098075
18,95,0.111596,0.744555197737225
19,95,0.110752,0.6772491292009529
20,95,0.096452,0.6722617487699843
21,95,0.110548,0.853497454034957
22,95,0.096632,0.7277083333333334
23,95,0.096368,0.6320791902739646
24,95,0.100324,0.6767572057827759
25,95,0.10784,0.7592682270648373
26,95,0.103364,0.6975320231985647
27,95,0.104228,0.7208227351900925
28,95,0.10132,0.7105178745841758
29,95,0.095624,0.6923708907038318
30,95,0.094684,0.6641738358298034
31,95,0.098404,0.759566645038243
32,95,0.094028,0.6949721479246204
33,95,0.095864,0.7047804937094785
34,95,0.087304,0.6662788304760096
35,95,0.098704,0.7028485141692689
36,95,0.092088,0.6722432051296592
37,95,0.102492,0.6747740563530037
38,95,0.085608,0.6714689678708985
39,95,0.098472,0.7497785238028629
40,95,0.101868,0.6932792868674108
41,95,0.091016,0.6724018533184885
42,95,0.103572,0.711176036781804
43,95,0.09318,0.6350690996579718
44,95,0.101964,0.6855822255559724
45,95,0.090136,0.7243788595981693
46,95,0.09472,0.6197756446529556
47,95,0.099032,0.6280881245500718
48,95,0.08804,0.6720514280292248
49,95,0.0894,0.6021715850017375
50,95,0.093908,0.6722650442494281
1,96,0.090952,0.6704246007195068
2,96,0.093872,0.6644085346375422
3,96,0.100356,0.6381050026046592
4,96,0.091504,0.659046785397659
5,96,0.091092,0.6558114995172987
6,96,0.096716,0.7150694396987023
7,96,0.09904,0.7891543144788244
8,96,0.101988,0.794064975227997
9,96,0.097284,0.6594918482374521
10,96,0.09188,0.6147310174359406
11,96,0.096372,0.6955921635155548
12,96,0.096312,0.722614650661742
13,96,0.09118,0.6765802396612031
14,96,0.09924,0.7116653032949379
15,96,0.09026,0.750115559626647
16,96,0.090332,0.664244241494808
17,96,0.097008,0.6655742371675117
18,96,0.103124,0.6354069140807233
19,96,0.0955,0.6675399879691838
20,96,0.105052,0.7325174263595773
21,96,0.107144,0.7137587807990912
22,96,0.09562,0.7051213469760949
23,96,0.096704,0.7046810265639353
24,96,0.091108,0.6394408380107132
25,96,0.098092,0.682102758729748
26,96,0.090864,0.6490280938146017
27,96,0.09206,0.7205659748571611
28,96,0.098612,0.6891550708015033
29,96,0.101964,0.7294824585508839
30,96,0.10008,0.7088941327273787
31,96,0.096104,0.70118180930271
32,96,0.100392,0.7575722614487671
33,96,0.103012,0.6640446544729721
34,96,0.093248,0.76343870881686
35,96,0.096812,0.6918015746638358
36,96,0.09196,0.7415071947782228
37,96,0.100424,0.7331853645412967
38,96,0.089668,0.7532754085156337
39,96,0.110892,0.7668658334037104
40,96,0.098708,0.7141514131347588
41,96,0.093148,0.6972968594505775
42,96,0.094892,0.6499976828829215
43,96,0.095368,0.6659822039698836
44,96,0.100504,0.7218133734078839
45,96,0.09404,0.674966192620332
46,96,0.093656,0.6772921483676416
47,96,0.102904,0.6402323468328142
48,96,0.099168,0.7359284187669168
49,96,0.100708,0.7042326500210498
50,96,0.097616,0.6689930988431771
1,97,0.085012,0.7324627556825699
2,97,0.090376,0.7604028715311261
3,97,0.088128,0.6961584184213526
4,97,0.09028,0.6856833533385112
5,97,0.087916,0.73459284056075
6,97,0.089892,0.726183970856102
7,97,0.09016,0.8062678062678063
8,97,0.093644,0.7827114301228534
9,97,0.094156,0.6837494278231767
10,97,0.08648,0.6851469914227722
11,97,0.09496,0.6855866538395566
12,97,0.092844,0.7616141107267593
13,97,0.088852,0.6717534832358262
14,97,0.09456,0.703555647452539
15,97,0.08596,0.7264444271225781
16,97,0.086412,0.6615560085998943
17,97,0.091392,0.6872954304550908
18,97,0.091784,0.6849616060690165
19,97,0.089,0.6740259791179019
20,97,0.091944,0.7645793913842219
21,97,0.092628,0.7605341631012577
22,97,0.091728,0.744911883401562
23,97,0.088336,0.7722488888888889
24,97,0.087312,0.6756819538061652
25,97,0.093808,0.7927661724778814
26,97,0.088688,0.7690095621184856
27,97,0.08792,0.7617692351817288
28,97,0.08928,0.7495351447692005
29,97,0.096496,0.8100741645876822
30,97,0.091932,0.7706460344864334
31,97,0.09008,0.7306321796117714
32,97,0.093596,0.8022701052211552
33,97,0.091028,0.7289095599604625
34,97,0.087912,0.7463996185026227
35,97,0.089556,0.725548081714001
36,97,0.086528,0.7745025792188651
37,97,0.090676,0.7044672303172033
38,97,0.087156,0.7789987789987789
39,97,0.094328,0.7544739718429339
40,97,0.0908,0.6915479179189797
41,97,0.093416,0.7291421809663157
42,97,0.09,0.7086207454904627
43,97,0.091528,0.6409677713868346
44,97,0.09418,0.7011775799811404
45,97,0.08872,0.7232567179525762
46,97,0.085524,0.6753887969264096
47,97,0.097432,0.7499607214680745
48,97,0.090784,0.6987372385766677
49,97,0.094784,0.6565447136912732
50,97,0.091292,0.7528074292780175
1,98,0.087808,0.7195859296820472
2,98,0.085912,0.7497650763112305
3,98,0.090096,0.7137927526501048
4,98,0.089916,0.690164999247483
5,98,0.088092,0.7094790968030403
6,98,0.086144,0.7730337283666785
7,98,0.094336,0.7753388043183194
8,98,0.0888,0.7213784827689654
9,98,0.08986,0.6595049701183072
10,98,0.088612,0.7515782459510798
11,98,0.08986,0.7145044713953204
12,98,0.089712,0.7602852677839079
13,98,0.08606,0.7033882263865228
14,98,0.093424,0.7635799232683361
15,98,0.091924,0.6508836499883949
16,98,0.0856,0.6840731932884133
17,98,0.08478,0.7365532625890968
18,98,0.085748,0.7385183130100098
19,98,0.086664,0.6820504059484878
20,98,0.091876,0.7629993276756607
21,98,0.08826,0.7376080211298305
22,98,0.09452,0.7524953504048599
23,98,0.092092,0.7422879547944415
24,98,0.086772,0.6649970782202187
25,98,0.089728,0.7519900816553375
26,98,0.089064,0.7677521215709493
27,98,0.090648,0.7937762870680934
28,98,0.090832,0.734435507893953
29,98,0.090352,0.8395622895622895
30,98,0.08632,0.7939763359383373
31,98,0.088952,0.6853503336795482
32,98,0.09076,0.7992929333458162
33,98,0.088916,0.7554490011608366
34,98,0.084428,0.7788412437398398
35,98,0.091988,0.8098371889169215
36,98,0.086276,0.7830148267904765
37,98,0.09106,0.6766324094259317
38,98,0.086676,0.6844902987875524
39,98,0.089496,0.8245697185978218
40,98,0.091564,0.7427439375665718
41,98,0.086412,0.7059154763855797
42,98,0.088732,0.7085386080730449
43,98,0.092184,0.6693155736162847
44,98,0.0896,0.6589129521408655
45,98,0.084228,0.6960416027803331
46,98,0.086824,0.6693714317676059
47,98,0.092088,0.6800500971778335
48,98,0.087344,0.7371853808666676
49,98,0.088832,0.7015947367993038
50,98,0.090048,0.7600626050763429
1,99,0.085776,0.7674892904130419
2,99,0.08832,0.7770269364332355
3,99,0.086836,0.6775614166807948
4,99,0.090644,0.6722204938527659
5,99,0.087144,0.6318298246411737
6,99,0.0865,0.7800167580115658
7,99,0.092624,0.7481415513253429
8,99,0.0857,0.772211915069058
9,99,0.088436,0.6863280232441639
10,99,0.087668,0.6580953606538837
11,99,0.085528,0.7216185691474861
12,99,0.087108,0.7209931264036954
13,99,0.08662,0.6889997331526982
14,99,0.09168,0.722434366577364
15,99,0.087428,0.7924440769831427
16,99,0.082072,0.7288266652111419
17,99,0.08652,0.7098240642342661
18,99,0.085836,0.7279176658673061
19,99,0.084128,0.7198976209604839
20,99,0.086176,0.7911042245394605
21,99,0.088996,0.786641380516214
22,99,0.089416,0.7327863557619305
23,99,0.087128,0.7672307575126237
24,99,0.085224,0.681965382467895
25,99,0.08714,0.7847273624475696
26,99,0.08624,0.701461911163038
27,99,0.08646,0.7646992616603638
28,99,0.08944,0.7080865441371028
29,99,0.090296,0.7655150393296485
30,99,0.08854,0.760723147819922
31,99,0.085504,0.7004302708175145
32,99,0.08884,0.7191692627206646
33,99,0.089796,0.6927634144206514
34,99,0.087428,0.7359937644799284
35,99,0.08774,0.716562272029784
36,99,0.0827,0.799120464128829
37,99,0.088108,0.7380407778634456
38,99,0.083844,0.7617547171557332
39,99,0.08866,0.734107009694258
40,99,0.088844,0.7248946100572117
41,99,0.084724,0.7885236153584777
42,99,0.087652,0.7231613323519209
43,99,0.086292,0.6876817944318963
44,99,0.088964,0.7106513126834575
45,99,0.083836,0.6877834953306652
46,99,0.085416,0.7037715448705718
47,99,0.088072,0.7185358235887646
48,99,0.086236,0.7275646844230055
49,99,0.087268,0.7603488449504028
50,99,0.086356,0.7180232310042587
1,100,0.085996,0.7371429823984568
2,100,0.094752,0.6693831228262859
3,100,0.097204,0.6625350637957687
4,100,0.086428,0.6757138406386431
5,100,0.089576,0.7401775682776215
6,100,0.090288,0.7272175796966883
7,100,0.090312,0.7611651985782723
8,100,0.092772,0.7105490015469823
9,100,0.093288,0.6734281965889596
10,100,0.093252,0.6342132279022844
11,100,0.093272,0.6726608629401813
12,100,0.094364,0.7799559332703809
13,100,0.089776,0.7081325740984086
14,100,0.095312,0.7416858539223523
15,100,0.091096,0.6770802088861202
16,100,0.089844,0.6910674603174602
17,100,0.08546,0.7181145826595079
18,100,0.089116,0.7664985950261299
19,100,0.094232,0.6620681858792725
20,100,0.098124,0.6878141453617761
21,100,0.096816,0.7408724152361732
22,100,0.092752,0.7352898233318733
23,100,0.09486,0.7211401610418982
24,100,0.088264,0.6599690160860096
25,100,0.098064,0.7086574971949144
26,100,0.091232,0.7695746561296024
27,100,0.093048,0.6785287273083871
28,100,0.093004,0.7106532205493116
29,100,0.095992,0.7810078479966955
30,100,0.096048,0.7447180937219076
31,100,0.090332,0.7337448559670782
32,100,0.095184,0.7529098031621543
33,100,0.098144,0.7167450195319821
34,100,0.089028,0.7166251379126533
35,100,0.088452,0.7613342451581226
36,100,0.089788,0.7716212023892232
37,100,0.098628,0.6565175430403787
38,100,0.090276,0.7840223517850138
39,100,0.09848,0.7935370608528795
40,100,0.092704,0.7375468404799395
41,100,0.090856,0.7314588124737245
42,100,0.091516,0.7080732492311854
43,100,0.092552,0.6570827799911466
44,100,0.09992,0.7215833120363272
45,100,0.091444,0.6608548509338676
46,100,0.092024,0.705399394283551
47,100,0.093968,0.7075966326680762
48,100,0.093388,0.7574205655378231
49,100,0.093172,0.6879626453211358
50,100,0.093388,0.7110532020205578
1,101,0.087468,0.7758803300927991
2,101,0.089436,0.7931962700820132
3,101,0.090292,0.6583268000590835
4,101,0.088552,0.6999234727106943
5,101,0.087452,0.6935631619842146
6,101,0.089572,0.7443345090898287
7,101,0.089804,0.7385331516802907
8,101,0.092648,0.7746588992143315
9,101,0.093544,0.6486432828332053
10,101,0.089096,0.653320215678648
11,101,0.097548,0.7291535066058719
12,101,0.091596,0.7637981465207996
13,101,0.089436,0.720820723983397
14,101,0.095872,0.7566344448064879
15,101,0.088172,0.6993826933526165
16,101,0.087148,0.7015637368876952
17,101,0.0868,0.6828300567507358
18,101,0.086248,0.6521455260570305
19,101,0.08772,0.7073862576045982
20,101,0.092688,0.7305277091707427
21,101,0.092392,0.7499192325853028
22,101,0.091572,0.7455987159976383
23,101,0.091288,0.7592599655068669
24,101,0.087384,0.6845909468018374
25,101,0.091588,0.7518194685225664
26,101,0.089376,0.7440634143022385
27,101,0.089844,0.8237122126496581
28,101,0.088504,0.7399543554632407
29,101,0.095596,0.847456191953224
30,101,0.089776,0.7659159687216427
31,101,0.090304,0.7280518075224984
32,101,0.090804,0.7637202889428408
33,101,0.095136,0.7416982402460548
34,101,0.086076,0.7207017995962719
35,101,0.084748,0.763445150756304
36,101,0.08914,0.8554904937468373
37,101,0.096212,0.8155368065989478
38,101,0.093276,0.7743308694478197
39,101,0.09774,0.729764349159373
40,101,0.090324,0.7232136625818503
41,101,0.087252,0.7431950808757294
42,101,0.08876,0.6923794925026051
43,101,0.090528,0.6579001019367992
44,101,0.095136,0.6724687656720734
45,101,0.083908,0.6878605133413742
46,101,0.087688,0.7006043700604371
47,101,0.095376,0.7033165966458312
48,101,0.089904,0.7295531617793737
49,101,0.08974,0.7104129285827626
50,101,0.08726,0.7458577763810322
1,102,0.087604,0.6515116342054151
2,102,0.087972,0.7129053744640107
3,102,0.089348,0.6256216307339365
4,102,0.086004,0.7098824357978964
5,102,0.086104,0.6839396737457679
6,102,0.083716,0.8062641847598453
7,102,0.092064,0.7440889780651233
8,102,0.086996,0.7731024108631134
9,102,0.090812,0.7120578519055677
10,102,0.085328,0.7199625993454885
11,102,0.086364,0.7572527885027884
12,102,0.08714,0.7702660786772937
13,102,0.08282,0.6826096586504469
14,102,0.090884,0.7182435392028034
15,102,0.083512,0.7551240560949299
16,102,0.083172,0.6627546821822753
17,102,0.085844,0.7555097901972396
18,102,0.086448,0.7176334245127863
19,102,0.08312,0.6902772421476625
20,102,0.085652,0.6911142747722997
21,102,0.085624,0.738535630176497
22,102,0.086424,0.7467123692557449
23,102,0.088048,0.7029421433267586
24,102,0.08512,0.708769451400929
25,102,0.087876,0.7296788157900332
26,102,0.08734,0.7399900387622079
27,102,0.087404,0.7667916610865586
28,102,0.08648,0.7115051281400875
29,102,0.088456,0.7751860312879912
30,102,0.086344,0.733246408935828
31,102,0.084356,0.7316735270218065
32,102,0.087496,0.7447461547156359
33,102,0.090212,0.7528891953670714
34,102,0.081976,0.7134644099317794
35,102,0.091268,0.7061459539700163
36,102,0.08616,0.7754545787143746
37,102,0.0897,0.7168990797835461
38,102,0.08232,0.7464960897890014
39,102,0.089968,0.7726609910499891
40,102,0.086876,0.698544061302682
41,102,0.084048,0.7393705532619157
42,102,0.085652,0.6962867999782144
43,102,0.088052,0.7044268260554568
44,102,0.087256,0.7129605144413803
45,102,0.08278,0.6801333928078337
46,102,0.085224,0.7367201662466286
47,102,0.087888,0.7044790893343231
48,102,0.086684,0.7635659957665124
49,102,0.085368,0.6983404553001762
50,102,0.08528,0.736400416953764
1,103,0.087152,0.7581141342411589
2,103,0.089484,0.7497423925638034
3,103,0.09038,0.6872423621416626
4,103,0.0898,0.667969954963292
5,103,0.086852,0.6788546896601907
6,103,0.089988,0.7487673431945877
7,103,0.09002,0.7598254213966288
8,103,0.091324,0.7222587239012995
9,103,0.090372,0.6540270628254914
10,103,0.089872,0.7028583849581567
11,103,0.08872,0.698141661801907
12,103,0.083764,0.7714327189630628
13,103,0.085844,0.7010364764007148
14,103,0.093148,0.7245068019074047
15,103,0.09018,0.6998017728540713
16,103,0.087028,0.688984501730429
17,103,0.087164,0.7356345659823413
18,103,0.087616,0.7304764710151425
19,103,0.087152,0.7094673763851228
20,103,0.089272,0.779471490644675
21,103,0.092952,0.7514724078198466
22,103,0.092488,0.7432972844250652
23,103,0.090064,0.7446851640694286
24,103,0.08458,0.650596381684278
25,103,0.091296,0.6981071126080877
26,103,0.089672,0.7721828211189913
27,103,0.08982,0.756078199153815
28,103,0.08908,0.7088748972102557
29,103,0.09138,0.832156571287006
30,103,0.087436,0.7622009144582057
31,103,0.086396,0.8237891182963251
32,103,0.088888,0.7449640872863
33,103,0.090692,0.702386789932985
34,103,0.082272,0.7320470425332276
35,103,0.089512,0.7832933653077537
36,103,0.08474,0.7851911396927475
37,103,0.089392,0.7602918367170103
38,103,0.085184,0.7339347204035114
39,103,0.0927,0.7608506617837643
40,103,0.092468,0.7706113696273128
41,103,0.086944,0.7276956654103259
42,103,0.090756,0.7061276599150748
43,103,0.087,0.6796254554561834
44,103,0.090116,0.7028860706643704
45,103,0.084808,0.6841030513673226
46,103,0.085544,0.7182858250921078
47,103,0.093296,0.6577950667750891
48,103,0.088472,0.7365816682848724
49,103,0.089028,0.657723736379303
50,103,0.087596,0.7171102118343146
1,104,0.08906,0.6880059659113568
2,104,0.086064,0.7029638037583554
3,104,0.090284,0.6768449021547294
4,104,0.087784,0.765641715384035
5,104,0.089384,0.6434389479805654
6,104,0.089488,0.7168681635002879
7,104,0.090856,0.7986497732562539
8,104,0.089556,0.7299482427581602
9,104,0.089388,0.656563227604107
10,104,0.089632,0.6460693984516381
11,104,0.095416,0.6753449899076486
12,104,0.088992,0.7153990308013638
13,104,0.087848,0.7276133494579169
14,104,0.092444,0.711607909215684
15,104,0.087568,0.7058460109547918
16,104,0.087108,0.6286972867690357
17,104,0.089544,0.6794945749210273
18,104,0.09218,0.685632077936047
19,104,0.090252,0.6993997014472623
20,104,0.091968,0.7167134730323323
21,104,0.093524,0.701067574452318
22,104,0.090276,0.7019224996097362
23,104,0.088196,0.7158711107777195
24,104,0.084788,0.7142850962016882
25,104,0.089728,0.6973657864597099
26,104,0.086232,0.657993419748682
27,104,0.087308,0.7675572194713937
28,104,0.089204,0.7227893488223294
29,104,0.089228,0.7396841137258392
30,104,0.08992,0.7688356536753609
31,104,0.08778,0.6710187627216638
32,104,0.090932,0.758086717136958
33,104,0.093316,0.6918420106621387
34,104,0.084632,0.7247770051973593
35,104,0.089412,0.7498780268597695
36,104,0.08522,0.7600452513357322
37,104,0.089288,0.7102754064043437
38,104,0.0886,0.7219714825401601
39,104,0.0896,0.7439486285537361
40,104,0.091588,0.6749710091855107
41,104,0.087824,0.762759535655058
42,104,0.086228,0.7279765071209546
43,104,0.09254,0.718724966223083
44,104,0.08734,0.6914987032612468
45,104,0.085944,0.7097798493840367
46,104,0.085532,0.6314057303362116
47,104,0.091472,0.6665004231652762
48,104,0.086652,0.7014240526111799
49,104,0.088432,0.7140297838987795
50,104,0.091568,0.749555104393814
1,105,0.087812,0.6860492796075061
2,105,0.088124,0.7416797846077091
3,105,0.089828,0.653694937317183
4,105,0.086028,0.7086403753959784
5,105,0.084948,0.6614805652567585
6,105,0.08742,0.7761133438882799
7,105,0.091444,0.7303567923046721
8,105,0.086416,0.748783810079782
9,105,0.087156,0.7024880823469375
10,105,0.087372,0.6766485542091428
11,105,0.089696,0.7110337101537835
12,105,0.084864,0.771051051051051
13,105,0.086444,0.7540556289505407
14,105,0.092412,0.7388263475012059
15,105,0.084088,0.7274544479458915
16,105,0.08452,0.6686512329733231
17,105,0.085584,0.6730847545977292
18,105,0.08764,0.6563951067051218
19,105,0.087196,0.7483692342738986
20,105,0.086176,0.7660161586551946
21,105,0.086564,0.7393565458880244
22,105,0.090016,0.7301913674862196
23,105,0.084856,0.751492068655489
24,105,0.083508,0.6723247940224824
25,105,0.0874,0.7517408416590978
26,105,0.086188,0.714349563907086
27,105,0.086452,0.736557242028474
28,105,0.084876,0.7698570861819223
29,105,0.08534,0.7470948422275856
30,105,0.090036,0.6827171378749584
31,105,0.084544,0.7073840288803692
32,105,0.086652,0.7260739252159873
33,105,0.090076,0.7657628423953724
34,105,0.082804,0.6672682835119383
35,105,0.08564,0.683942548512343
36,105,0.082292,0.764708386547467
37,105,0.08902,0.7180617651929128
38,105,0.087056,0.7608789525933642
39,105,0.091,0.7344252004922488
40,105,0.089316,0.674319259285315
41,105,0.084108,0.7410814802806373
42,105,0.083348,0.7484301808614985
43,105,0.091908,0.7440379454224405
44,105,0.086064,0.6923242884407933
45,105,0.081652,0.7144905066846422
46,105,0.083736,0.7234115119704116
47,105,0.086664,0.7021466494834612
48,105,0.084716,0.6920364050056883
49,105,0.084616,0.701722702529619
50,105,0.089064,0.683025417885251
1,106,0.08606,0.7505573577903266
2,106,0.09052,0.7669054947707854
3,106,0.09098,0.6669745484400658
4,106,0.092196,0.7075356656603327
5,106,0.087668,0.6973061365005595
6,106,0.087452,0.8373098501937649
7,106,0.094044,0.7786145274886997
8,106,0.090016,0.8298489156492168
9,106,0.0928,0.7032097032097032
10,106,0.087352,0.6841547301124868
11,106,0.096736,0.7095478864795774
12,106,0.088788,0.7504733316944627
13,106,0.08806,0.7346762798758649
14,106,0.091476,0.7400184433940807
15,106,0.087304,0.6829947648212157
16,106,0.08686,0.6259650234396509
17,106,0.08584,0.7093193663901314
18,106,0.089864,0.7034646684392877
19,106,0.084628,0.6685830108715681
20,106,0.090236,0.7254298463554221
21,106,0.093748,0.752734674152978
22,106,0.093472,0.7137679880452305
23,106,0.091,0.7191505581710319
24,106,0.094712,0.6789719747442727
25,106,0.090196,0.7296107113414447
26,106,0.091536,0.7355350837166664
27,106,0.094396,0.8174715598576463
28,106,0.097908,0.7144479296659809
29,106,0.087944,0.8124763705103969
30,106,0.089284,0.8062782275926001
31,106,0.091188,0.7222953376715167
32,106,0.090932,0.7868585523428311
33,106,0.091796,0.7557721284159541
34,106,0.084628,0.7534279539428281
35,106,0.092608,0.6994480038277958
36,106,0.084668,0.8247778219923068
37,106,0.091064,0.7736238492495294
38,106,0.086016,0.7752131820221838
39,106,0.096656,0.8205309446393613
40,106,0.093836,0.7037204276176141
41,106,0.085856,0.7450516332048043
42,106,0.087124,0.7309595608134231
43,106,0.089768,0.6965618177019602
44,106,0.092532,0.7384610362317953
45,106,0.085096,0.7359186707012794
46,106,0.085848,0.6957006628823479
47,106,0.09224,0.7343827658412977
48,106,0.086856,0.6584795321637428
49,106,0.091324,0.747261698874602
50,106,0.09086,0.7029882366058985
1,107,0.085252,0.7228613415418863
2,107,0.091884,0.7094575821803085
3,107,0.090912,0.7155419768353499
4,107,0.090896,0.7253140950137416
5,107,0.088524,0.65708632718942
6,107,0.096516,0.7729941211913952
7,107,0.094036,0.8226379455676036
8,107,0.08882,0.7783697413163845
9,107,0.094792,0.650759970708532
10,107,0.089124,0.725325558308515
11,107,0.091732,0.7099773242630386
12,107,0.0932,0.7710970597267974
13,107,0.091384,0.7521422423746248
14,107,0.093436,0.7290500225794978
15,107,0.09162,0.6887561887911099
16,107,0.087408,0.6650485820053199
17,107,0.08452,0.7293821267568285
18,107,0.089696,0.7189462644210007
19,107,0.090004,0.7037586965881609
20,107,0.089816,0.7395480796753717
21,107,0.092108,0.7542402605536765
22,107,0.092428,0.7340607981793058
23,107,0.09332,0.7371908305658579
24,107,0.086692,0.699700710811822
25,107,0.091904,0.7501551482134007
26,107,0.091696,0.7185667752442997
27,107,0.091924,0.7076796395925623
28,107,0.0928,0.7072599072669622
29,107,0.089208,0.7832943430697591
30,107,0.084984,0.773696485090788
31,107,0.088248,0.7358311899369138
32,107,0.090056,0.7451949896039354
33,107,0.0958,0.7194479123318075
34,107,0.087084,0.7156147945621629
35,107,0.090084,0.7032737879993249
36,107,0.089176,0.7573396699258568
37,107,0.094752,0.7025460180064652
38,107,0.087588,0.7840323767476086
39,107,0.094528,0.8149076976663184
40,107,0.093792,0.7211751203871318
41,107,0.085768,0.7678394935209856
42,107,0.085588,0.706879560958619
43,107,0.091852,0.6694123423219276
44,107,0.095352,0.7075577535087118
45,107,0.088512,0.7197066406347775
46,107,0.087588,0.6744596716972407
47,107,0.090784,0.6710780259167356
48,107,0.08762,0.6749440796162726
49,107,0.093216,0.7256272465780204
50,107,0.091804,0.719453793170002
1,108,0.083452,0.7280747623453065
2,108,0.087192,0.7308030675610144
3,108,0.089572,0.6872417713445914
4,108,0.086816,0.7132270711214082
5,108,0.085364,0.6724761846480223
6,108,0.085736,0.8038161096171085
7,108,0.090108,0.7841674835951922
8,108,0.09052,0.7253331690589129
9,108,0.086092,0.684269524513427
10,108,0.085808,0.6348119042927625
11,108,0.088524,0.6951183970856102
12,108,0.086564,0.793802123260622
13,108,0.08506,0.7446921728554052
14,108,0.091532,0.7044495133097314
15,108,0.084148,0.7220374037403741
16,108,0.08182,0.6823026432040823
17,108,0.084456,0.7110531348294676
18,108,0.086128,0.7451341666556205
19,108,0.087936,0.669321279105084
20,108,0.087324,0.7344289950122863
21,108,0.089524,0.7308179412907998
22,108,0.090008,0.7024396318658583
23,108,0.084032,0.7552696213204295
24,108,0.083924,0.6895376200470649
25,108,0.089948,0.7561083258345117
26,108,0.088748,0.7260394001517647
27,108,0.086208,0.7374930547352487
28,108,0.087676,0.7342357977554089
29,108,0.089676,0.7970922512546981
30,108,0.089916,0.7242909997852766
31,108,0.082812,0.6613312439370197
32,108,0.089508,0.7406646111682083
33,108,0.089396,0.7385638309107114
34,108,0.084676,0.7223468990467691
35,108,0.086724,0.8130576868428531
36,108,0.082492,0.7080745889881938
37,108,0.085908,0.7880724769148466
38,108,0.087384,0.8476775656499159
39,108,0.087344,0.7574648634314506
40,108,0.086152,0.7322595522141296
41,108,0.083532,0.7517871162348664
42,108,0.081704,0.7051126651126651
43,108,0.088616,0.6897709653837194
44,108,0.086068,0.6837540532775109
45,108,0.084472,0.6935373933659321
46,108,0.082044,0.7052470978441128
47,108,0.086092,0.7169513696522007
48,108,0.08636,0.785409111461765
49,108,0.089084,0.6470505910165485
50,108,0.089456,0.7171545086807485
1,109,0.087888,0.7158365742483168
2,109,0.087576,0.7198753389591057
3,109,0.088576,0.6504792039253451
4,109,0.088892,0.6883924145760382
5,109,0.087664,0.6440401534468105
6,109,0.088136,0.7362852430154946
7,109,0.091124,0.7757922603753018
8,109,0.089212,0.7594197241738225
9,109,0.092576,0.6777633861279645
10,109,0.08986,0.6411827740941666
11,109,0.091172,0.7389299122349021
12,109,0.0883,0.7238928605952096
13,109,0.088028,0.7198120529440144
14,109,0.093912,0.7566446547079309
15,109,0.092268,0.6607735094216154
16,109,0.090268,0.7167926235722845
17,109,0.085436,0.7349574173103586
18,109,0.092564,0.6676800311114102
19,109,0.092228,0.6593045531497816
20,109,0.088388,0.7334140178779965
21,109,0.087224,0.7175102599179207
22,109,0.092584,0.7702383672226031
23,109,0.093612,0.6629512028400696
24,109,0.085736,0.6340823666206971
25,109,0.092104,0.7027873018117266
26,109,0.089168,0.7297474004501276
27,109,0.092024,0.7029147893913303
28,109,0.088212,0.6542460069564948
29,109,0.096956,0.7587614889247761
30,109,0.088524,0.8012816989152741
31,109,0.087528,0.7262530401210947
32,109,0.094976,0.7329699411462653
33,109,0.093924,0.7043712810539233
34,109,0.087572,0.6698056001426788
35,109,0.093848,0.6787222502758608
36,109,0.087936,0.7579934550086754
37,109,0.092908,0.7413497102637192
38,109,0.090496,0.7355004220251385
39,109,0.091744,0.7158286062237605
40,109,0.091316,0.6598784194528876
41,109,0.085212,0.7144265753837542
42,109,0.08574,0.6711596089356026
43,109,0.093192,0.6569885855788533
44,109,0.092796,0.706763029555203
45,109,0.086632,0.7457830530827564
46,109,0.08596,0.6758665869150361
47,109,0.091772,0.6450105643988912
48,109,0.088916,0.6789162549904634
49,109,0.090196,0.6811382037648639
50,109,0.089076,0.674197630998421
1,110,0.08742,0.7524498182392918
2,110,0.090368,0.7740859737568461
3,110,0.100004,0.7407987945010469
4,110,0.091864,0.6829556892484768
5,110,0.088996,0.6669075621762967
6,110,0.089832,0.7390876395987128
7,110,0.098896,0.7793625067531065
8,110,0.091976,0.7719828285155883
9,110,0.097244,0.6735703168147813
10,110,0.085572,0.6526790991784387
11,110,0.091608,0.6677360237299024
12,110,0.094804,0.7908220649296834
13,110,0.089908,0.6710512579601212
14,110,0.093712,0.7405064824912153
15,110,0.088656,0.6836678181390772
16,110,0.092748,0.7057352215881069
17,110,0.091484,0.7130987703260578
18,110,0.090048,0.7363197189284145
19,110,0.092764,0.6581783468600957
20,110,0.09598,0.717989472835539
21,110,0.092188,0.683229552017034
22,110,0.093096,0.734201786139461
23,110,0.08518,0.7229402753842673
24,110,0.090968,0.6364891518737673
25,110,0.096724,0.7562442459676938
26,110,0.094664,0.7102542448046213
27,110,0.094728,0.717423332439251
28,110,0.091328,0.7307457525738563
29,110,0.092288,0.7855505032839766
30,110,0.09756,0.6859477124183007
31,110,0.08984,0.6683440337787032
32,110,0.091472,0.7440551130390702
33,110,0.096684,0.6791265715645355
34,110,0.089736,0.699219392771858
35,110,0.092268,0.7072448685958461
36,110,0.089016,0.75335689961025
37,110,0.094684,0.7323538261750918
38,110,0.08768,0.7148120237796198
39,110,0.093116,0.773685544153047
40,110,0.096828,0.7200590578217277
41,110,0.09002,0.7174971363115693
42,110,0.090396,0.6567005288848118
43,110,0.096344,0.7187538282494181
44,110,0.097092,0.6813213919087054
45,110,0.089368,0.7191995771600349
46,110,0.090236,0.6661421964963861
47,110,0.099016,0.681955880206609
48,110,0.091564,0.7209863080092088
49,110,0.09248,0.6833087081515079
50,110,0.096676,0.7421633813866824
1,111,0.091764,0.6871143586174902
2,111,0.093536,0.7729386412611999
3,111,0.097768,0.7165615041067954
4,111,0.094132,0.6718606748883565
5,111,0.091704,0.6412270242874384
6,111,0.094032,0.7260087521464917
7,111,0.101392,0.7164976129322479
8,111,0.097884,0.6936706825548211
9,111,0.102232,0.6843200923995172
10,111,0.093716,0.6510058624104555
11,111,0.09522,0.7043799649054694
12,111,0.097632,0.7246934295182762
13,111,0.099372,0.7398514154354396
14,111,0.101792,0.6548181590168046
15,111,0.08826,0.6777698327573193
16,111,0.091716,0.6357618530582699
17,111,0.092684,0.6574639187416154
18,111,0.098608,0.6589751065572632
19,111,0.103792,0.7196502386999921
20,111,0.097352,0.7202467027232186
21,111,0.096968,0.7398735485582119
22,111,0.103976,0.7312090444300424
23,111,0.094072,0.6364175751989236
24,111,0.095856,0.6550994017421949
25,111,0.102832,0.7733891469312077
26,111,0.09584,0.6779032795102872
27,111,0.09878,0.703018714491368
28,111,0.09828,0.663845520335033
29,111,0.10024,0.6836118775039904
30,111,0.09552,0.676046485223398
31,111,0.10318,0.7010996008130679
32,111,0.09478,0.6802521912734992
33,111,0.102172,0.6682329010933129
34,111,0.096852,0.6713922014313056
35,111,0.101732,0.7390643861310751
36,111,0.09756,0.7413582188668694
37,111,0.096232,0.690982640972639
38,111,0.089824,0.7072562358276644
39,111,0.101108,0.7997389483462057
40,111,0.104828,0.7762991557180912
41,111,0.093588,0.6763485011667565
42,111,0.095172,0.6701399149929769
43,111,0.100312,0.6907434052757795
44,111,0.102736,0.6866772966667357
45,111,0.098172,0.7166181391671257
46,111,0.09684,0.6597606968236783
47,111,0.0988,0.6785055891222574
48,111,0.0985,0.7327309833306681
49,111,0.094016,0.7156502944958395
50,111,0.09436,0.7080714426271255
1,112,0.0943,0.7318165204678362
2,112,0.098036,0.7647107871164475
3,112,0.095792,0.6899860990313924
4,112,0.089756,0.7164687369378673
5,112,0.09044,0.6415770609318996
6,112,0.098632,0.7520828957501926
7,112,0.096616,0.7714202199568856
8,112,0.091648,0.7392136244613513
9,112,0.096416,0.6710038179910661
10,112,0.09614,0.6550911905242615
11,112,0.094652,0.694574963114289
12,112,0.09476,0.6740019000905857
13,112,0.0911,0.647625604749901
14,112,0.096212,0.7241495063143153
15,112,0.093284,0.7304984161353704
16,112,0.090392,0.6857997045605044
17,112,0.091984,0.7063500527294918
18,112,0.093584,0.6796415843294541
19,112,0.100104,0.642933903803469
20,112,0.096468,0.6853815075354757
21,112,0.099056,0.7859727505081608
22,112,0.1002,0.7591035765842964
23,112,0.095084,0.7284382284382284
24,112,0.092456,0.6807625399218122
25,112,0.095624,0.7421260935430397
26,112,0.094116,0.7639632715131078
27,112,0.087028,0.7787457396046353
28,112,0.09484,0.6860512464183915
29,112,0.100608,0.7441082020476785
30,112,0.097284,0.7903344040853306
31,112,0.0909,0.7276045190789608
32,112,0.092548,0.7507626083897271
33,112,0.099288,0.7838914128666777
34,112,0.094492,0.7172138652204573
35,112,0.0973,0.7739170860873609
36,112,0.09114,0.7380931675218135
37,112,0.091408,0.769403665600637
38,112,0.09288,0.7720136749536209
39,112,0.099908,0.7982015436143876
40,112,0.095832,0.7398514519349924
41,112,0.090452,0.7806741947215979
42,112,0.093252,0.7292998477929985
43,112,0.100212,0.6554810984296007
44,112,0.099308,0.6862360963912173
45,112,0.09132,0.7308272278769403
46,112,0.101504,0.6602662181286372
47,112,0.102712,0.7091936520106344
48,112,0.095224,0.6983414560429181
49,112,0.09418,0.6833618272071506
50,112,0.10042,0.6910680811179278
1,113,0.087516,0.7256579254896461
2,113,0.091644,0.6905614456613443
3,113,0.088188,0.6657935333317672
4,113,0.087904,0.678029940310894
5,113,0.086132,0.6770371997120652
6,113,0.088824,0.7201073055087653
7,113,0.098128,0.7475518220355462
8,113,0.089192,0.7753835416142099
9,113,0.091888,0.6198992309732166
10,113,0.088748,0.6603154734999943
11,113,0.092812,0.6344147058088515
12,113,0.09108,0.7286145121371557
13,113,0.08794,0.6949974944694998
14,113,0.090456,0.6917717973600953
15,113,0.089524,0.6680088498998198
16,113,0.087884,0.6619168249947224
17,113,0.086504,0.6716455126039605
18,113,0.08964,0.6432311535987313
19,113,0.087932,0.6835891997847027
20,113,0.090908,0.6954973499905357
21,113,0.09116,0.7238097564152665
22,113,0.09504,0.713631156930126
23,113,0.090848,0.71712898807932
24,113,0.087888,0.6675408131925249
25,113,0.088824,0.7776621528472639
26,113,0.087024,0.7133545551008034
27,113,0.092792,0.687195781762009
28,113,0.093848,0.7052139993582532
29,113,0.094388,0.8081331428818768
30,113,0.091764,0.7393745417397823
31,113,0.0846,0.7374685711228802
32,113,0.093696,0.7439042195941014
33,113,0.093236,0.7066337668007608
34,113,0.088156,0.6908027993062378
35,113,0.089776,0.6842113552248208
36,113,0.086212,0.752286717675493
37,113,0.089524,0.7199386085428193
38,113,0.089604,0.7333492500303674
39,113,0.097176,0.7145694789035032
40,113,0.095492,0.7032223586664847
41,113,0.089004,0.7033769741043068
42,113,0.083692,0.7103651354534747
43,113,0.092108,0.6730270078019176
44,113,0.095168,0.6717779971481846
45,113,0.088376,0.7124928551902383
46,113,0.093916,0.6558005335075399
47,113,0.096412,0.6863941001518343
48,113,0.088612,0.7094007596989189
49,113,0.091128,0.7063563258259874
50,113,0.098124,0.7136543799287974
1,114,0.089236,0.7990145416304033
2,114,0.088124,0.6957374514232233
3,114,0.089896,0.7540721349621874
4,114,0.090772,0.7449054863992624
5,114,0.090012,0.6943221542169249
6,114,0.090836,0.8022173959673959
7,114,0.09316,0.777684492613511
8,114,0.08844,0.7710658030651646
9,114,0.095552,0.6988712569887127
10,114,0.090568,0.6899786143346857
11,114,0.086836,0.7339258682582933
12,114,0.089664,0.7789424922242075
13,114,0.08538,0.7028689826996657
14,114,0.096696,0.7463661874132931
15,114,0.091468,0.7671390713215809
16,114,0.089588,0.6844629156010231
17,114,0.086928,0.6783969903202629
18,114,0.091448,0.7403283138637502
19,114,0.088716,0.6946361823568828
20,114,0.086612,0.7475897137619854
21,114,0.089432,0.7712441515275091
22,114,0.093392,0.6971697169716972
23,114,0.089212,0.7888566073942557
24,114,0.088184,0.7155105611798526
25,114,0.091232,0.813075444259852
26,114,0.093404,0.7750412170737775
27,114,0.088644,0.7538096601011284
28,114,0.087436,0.7447620290611677
29,114,0.091652,0.7357933427791125
30,114,0.087536,0.7904296320708943
31,114,0.088568,0.724057868973379
32,114,0.091564,0.7619913375882557
33,114,0.091388,0.6983485877374275
34,114,0.084668,0.7293161103611354
35,114,0.088788,0.8032110868540412
36,114,0.08542,0.8658767194314819
37,114,0.089276,0.7497621435367328
38,114,0.085436,0.8170568012824229
39,114,0.09148,0.7340477950234048
40,114,0.090856,0.7241159526873813
41,114,0.085028,0.7576207536974221
42,114,0.088244,0.7150198056054856
43,114,0.085964,0.6863581827402377
44,114,0.08868,0.7131137383200734
45,114,0.083252,0.71578598861078
46,114,0.085332,0.6408451807464849
47,114,0.087572,0.6777973966904096
48,114,0.088856,0.7163800418037707
49,114,0.08954,0.7457637931914459
50,114,0.089376,0.7753093276558981
1,115,0.08414,0.7245396119144729
2,115,0.087872,0.7074907669631175
3,115,0.090352,0.6604423798029482
4,115,0.086688,0.6834044147898312
5,115,0.086604,0.5657787782154693
6,115,0.084624,0.814996400708185
7,115,0.087392,0.7204333815432239
8,115,0.087996,0.7558445539135195
9,115,0.086676,0.6689104871610271
10,115,0.085368,0.6669137512708655
11,115,0.086012,0.7037359842695399
12,115,0.086884,0.7773460223967422
13,115,0.083732,0.7879182652846972
14,115,0.088208,0.8020529950630575
15,115,0.087704,0.6658555791794629
16,115,0.085704,0.6611083079042425
17,115,0.085484,0.7100292869523639
18,115,0.087028,0.6807147796338757
19,115,0.084328,0.6926863572433193
20,115,0.087416,0.7442648331528522
21,115,0.087072,0.755759981238855
22,115,0.088804,0.7188017893412084
23,115,0.088176,0.7636855078023378
24,115,0.08448,0.6211289471352571
25,115,0.084092,0.8075656936433024
26,115,0.087016,0.7098874925043925
27,115,0.086504,0.7860843751152413
28,115,0.084264,0.7847425992865075
29,115,0.088132,0.7469051667813302
30,115,0.087612,0.72453041343965
31,115,0.083792,0.6989430265532354
32,115,0.08748,0.7687923288406089
33,115,0.08992,0.7417608822115993
34,115,0.084276,0.7128945207086707
35,115,0.089772,0.7526459608205364
36,115,0.082676,0.7696951617943693
37,115,0.085944,0.7608502540932232
38,115,0.083192,0.7559418759235327
39,115,0.08946,0.7386229314420805
40,115,0.090152,0.6979494481738083
41,115,0.084688,0.7755256827244766
42,115,0.086556,0.7169857852954559
43,115,0.088532,0.6961323056224216
44,115,0.088712,0.7063603227259696
45,115,0.085748,0.7172119182551949
46,115,0.08414,0.6885467486113751
47,115,0.08948,0.6724814347765167
48,115,0.084432,0.7397777509036428
49,115,0.084844,0.7976720936875178
50,115,0.083968,0.710140013649266
1,116,0.087028,0.657850506192911
2,116,0.096488,0.7257609399574428
3,116,0.090212,0.6607760817152287
4,116,0.08926,0.7068574384288617
5,116,0.092088,0.7001225475801747
6,116,0.092112,0.6946835561154268
7,116,0.093788,0.7549547109256044
8,116,0.093916,0.756425099352974
9,116,0.09224,0.6719907328797878
10,116,0.087176,0.719168137622174
11,116,0.08946,0.6810470017355577
12,116,0.089064,0.7386713482431367
13,116,0.089376,0.7196752804114767
14,116,0.091708,0.763364440036955
15,116,0.087996,0.7045427393208343
16,116,0.0893,0.6477264143817508
17,116,0.089896,0.7456614099517535
18,116,0.0963,0.617529063217753
19,116,0.09394,0.614204679988058
20,116,0.098008,0.7354786200753999
21,116,0.095268,0.673375054896794
22,116,0.091596,0.6990427894726498
23,116,0.088332,0.7372887505816162
24,116,0.087612,0.675521556609044
25,116,0.093708,0.7511901256380055
26,116,0.09452,0.7468512736104052
27,116,0.092068,0.7452079483777091
28,116,0.094064,0.7224644445232159
29,116,0.094672,0.8111505106790147
30,116,0.089284,0.783948637064364
31,116,0.091148,0.7509552453372678
32,116,0.091796,0.7623046833703351
33,116,0.091492,0.7293445199746872
34,116,0.088384,0.7536014471012318
35,116,0.088844,0.790858432036097
36,116,0.087212,0.7431714686240194
37,116,0.094248,0.7193262765461687
38,116,0.094224,0.7823800131492439
39,116,0.097996,0.8002761140665237
40,116,0.089624,0.6697217866062612
41,116,0.09358,0.7203268020312587
42,116,0.086016,0.6828338768896273
43,116,0.089536,0.6952289465257765
44,116,0.095588,0.7067751234018603
45,116,0.089664,0.7078877927982787
46,116,0.090504,0.6449538491241359
47,116,0.091344,0.7092948526036366
48,116,0.087444,0.7265071884405958
49,116,0.09266,0.6516984252429457
50,116,0.093104,0.7048176581250511
1,117,0.087612,0.7076620188653384
2,117,0.089372,0.7364667501232882
3,117,0.09158,0.6716239316239316
4,117,0.087272,0.6543253188636293
5,117,0.084152,0.6739474753505651
6,117,0.087792,0.7380068090374496
7,117,0.086968,0.7523176645530801
8,117,0.0935,0.6811006424305415
9,117,0.090352,0.6578682583993403
10,117,0.088768,0.6635058039644587
11,117,0.090752,0.630641921222887
12,117,0.087876,0.7276564515034277
13,117,0.0853,0.6817871971246204
14,117,0.09228,0.7091555555555555
15,117,0.087832,0.6658331957319998
16,117,0.084572,0.6604749045081868
17,117,0.085652,0.723475941155327
18,117,0.08824,0.6349909621462366
19,117,0.090372,0.686551648386135
20,117,0.08592,0.6774351443954968
21,117,0.088828,0.7197093460702275
22,117,0.091312,0.6855108877721944
23,117,0.087748,0.7054531918853527
24,117,0.084576,0.6583772068159578
25,117,0.08996,0.7590428779007283
26,117,0.090656,0.728856274553406
27,117,0.089672,0.6662929184342646
28,117,0.086804,0.7229973564293433
29,117,0.088356,0.834965640644928
30,117,0.090372,0.7858280289897265
31,117,0.08566,0.7134942027125315
32,117,0.09086,0.6997045233704167
33,117,0.09444,0.704940319830407
34,117,0.082964,0.709989443124835
35,117,0.088216,0.6563315586178098
36,117,0.086824,0.7378075012710704
37,117,0.087784,0.731895841602752
38,117,0.088808,0.7507677708764665
39,117,0.090272,0.7458147698123396
40,117,0.092752,0.6933294786547172
41,117,0.08612,0.6708880171759731
42,117,0.083948,0.6827083911205251
43,117,0.09158,0.6538915619709524
44,117,0.092168,0.7014858701274276
45,117,0.084144,0.6879468543982713
46,117,0.0858,0.690218835093312
47,117,0.093668,0.670810887018981
48,117,0.087128,0.6741370953851576
49,117,0.088744,0.6474624177978369
50,117,0.08592,0.6530025810378698
1,118,0.086468,0.7339301304353492
2,118,0.089308,0.7734067559358742
3,118,0.090508,0.6483625907651686
4,118,0.086136,0.6856771668434511
5,118,0.084296,0.6506180871828237
6,118,0.089608,0.7531969254643741
7,118,0.089148,0.751155302786053
8,118,0.087352,0.7725533569826047
9,118,0.090772,0.6988614055751865
10,118,0.086888,0.6957682767273793
11,118,0.08778,0.6962840323767476
12,118,0.086592,0.7631669875117232
13,118,0.085772,0.6951985828048097
14,118,0.092732,0.7052491959527666
15,118,0.088072,0.7031038138204768
16,118,0.08614,0.7362898254174373
17,118,0.084844,0.7736759409891684
18,118,0.086144,0.7022740911398992
19,118,0.083452,0.6984422628363492
20,118,0.08706,0.7355783777241802
21,118,0.087228,0.7295920771382431
22,118,0.087712,0.7788239538239538
23,118,0.0896,0.7090111749797613
24,118,0.085456,0.646450677477946
25,118,0.089372,0.7029898180198781
26,118,0.091484,0.7521083642616008
27,118,0.087296,0.7132137236386529
28,118,0.084452,0.8008187437610382
29,118,0.088056,0.8000643855776306
30,118,0.090808,0.7434398186487323
31,118,0.084868,0.7180342247754026
32,118,0.088468,0.7537125379074233
33,118,0.089868,0.7096911685907741
34,118,0.085284,0.7049100156494522
35,118,0.088616,0.7732801064537591
36,118,0.083704,0.740162178287636
37,118,0.086176,0.6839291132596911
38,118,0.083536,0.7448606898561813
39,118,0.09002,0.7720959843717977
40,118,0.086852,0.7189282634827189
41,118,0.084276,0.7010467795680964
42,118,0.084732,0.7420788357231083
43,118,0.086504,0.6570485876776502
44,118,0.087732,0.6853230368245438
45,118,0.084136,0.7012319932027961
46,118,0.084156,0.7295745757745278
47,118,0.087792,0.6933163921875254
48,118,0.08358,0.7354229406654152
49,118,0.091792,0.716649232286068
50,118,0.084712,0.6798801490666733
1,119,0.084888,0.7117021643231322
2,119,0.089148,0.6847963240720901
3,119,0.088844,0.6347250205208567
4,119,0.086096,0.7143538936827527
5,119,0.085084,0.6695906432748537
6,119,0.08998,0.7803801899628793
7,119,0.090336,0.6947408068193082
8,119,0.088884,0.7197357761575373
9,119,0.090444,0.6769482782657187
10,119,0.08754,0.6818524020596559
11,119,0.087044,0.6994751959737433
12,119,0.08308,0.740991452991453
13,119,0.086884,0.6630628918115108
14,119,0.089756,0.7094176488991277
15,119,0.091576,0.713363103812542
16,119,0.084608,0.6689449443542967
17,119,0.083612,0.6761069056854844
18,119,0.087996,0.6683871526547454
19,119,0.08648,0.7216444547158668
20,119,0.089124,0.701767400381045
21,119,0.087352,0.6826804631682681
22,119,0.08838,0.7219080413545803
23,119,0.089564,0.6680314875387601
24,119,0.083668,0.6198691439998446
25,119,0.085352,0.7187414926301869
26,119,0.088572,0.7651106450520799
27,119,0.08676,0.6782189227329152
28,119,0.087292,0.7215100258595107
29,119,0.088076,0.7927516203038555
30,119,0.088112,0.7260098131117361
31,119,0.085116,0.7096796314154077
32,119,0.08704,0.6992568316864459
33,119,0.088048,0.6934210526315789
34,119,0.082236,0.6939875730994153
35,119,0.084316,0.7909730246358826
36,119,0.084304,0.7321650062017365
37,119,0.086884,0.7363061797752809
38,119,0.083104,0.7070026908184026
39,119,0.091536,0.6955156072533584
40,119,0.089216,0.6791943243647589
41,119,0.08346,0.728492928967759
42,119,0.088468,0.6357315984181655
43,119,0.086448,0.6708840403163232
44,119,0.089496,0.6426282771115004
45,119,0.084568,0.6644574875682726
46,119,0.08358,0.6517864024892394
47,119,0.085844,0.6870813238946538
48,119,0.08562,0.6798796135479924
49,119,0.088044,0.6916533952530889
50,119,0.087512,0.6905451125523677
1,120,0.085776,0.7492644305354945
2,120,0.09102,0.7231999543724996
3,120,0.090848,0.63878158212361
4,120,0.0887,0.72241016388513
5,120,0.088948,0.6962446598651805
6,120,0.092988,0.7870112811002935
7,120,0.091744,0.7281438927309614
8,120,0.093032,0.7535306971345486
9,120,0.092116,0.6826365192614804
10,120,0.089048,0.6461255295909536
11,120,0.093312,0.7060962033988027
12,120,0.087132,0.7778457938839917
13,120,0.08742,0.7109071684992249
14,120,0.092128,0.6747494047889844
15,120,0.089808,0.7309862559281208
16,120,0.088248,0.6793016145982612
17,120,0.084168,0.7681300722417219
18,120,0.0873,0.6532836773450391
19,120,0.091364,0.6840222175806664
20,120,0.08988,0.7051783501451101
21,120,0.09024,0.8220071417738622
22,120,0.09428,0.7654555146466336
23,120,0.086568,0.7511199645861001
24,120,0.086348,0.7009186812451934
25,120,0.092392,0.7741410734665373
26,120,0.089884,0.732616595118003
27,120,0.088068,0.7748135629593863
28,120,0.089904,0.7189354211290838
29,120,0.090596,0.754510903029917
30,120,0.093576,0.7466288610235225
31,120,0.085112,0.7210684813641519
32,120,0.091296,0.7117311990770784
33,120,0.089512,0.7181644123278365
34,120,0.084316,0.6724074555914871
35,120,0.091268,0.7558620631422516
36,120,0.085264,0.7541267521783839
37,120,0.085504,0.6603628314325586
38,120,0.087044,0.7171536473862055
39,120,0.09118,0.7504430502011573
40,120,0.091132,0.7196575586671853
41,120,0.088836,0.7050361768500826
42,120,0.085608,0.7082923882571648
43,120,0.096336,0.6658923732094464
44,120,0.089952,0.7226733240229217
45,120,0.087488,0.6826468275570072
46,120,0.08346,0.671698223322745
47,120,0.087576,0.6720481391392824
48,120,0.087948,0.7346728556530064
49,120,0.090284,0.7410427757012874
50,120,0.091452,0.7496297969530408
1,121,0.087984,0.7274067296940125
2,121,0.087936,0.7584059556926701
3,121,0.088764,0.6999634502923976
4,121,0.086116,0.7257140142435747
5,121,0.08394,0.693960629854131
6,121,0.085768,0.8072938231416837
7,121,0.089088,0.7612743177960569
8,121,0.088324,0.796265095997991
9,121,0.085988,0.6891643709825529
10,121,0.083848,0.7085174323884001
11,121,0.084132,0.7670934817907678
12,121,0.0835,0.7302495756810375
13,121,0.083956,0.665023193514855
14,121,0.089032,0.7397298674821611
15,121,0.083876,0.7847320127407282
16,121,0.083548,0.725909005904197
17,121,0.08668,0.6838265264530855
18,121,0.083312,0.6900274380080519
19,121,0.087048,0.6638336933899928
20,121,0.084936,0.7335525588837176
21,121,0.087216,0.7354817834724648
22,121,0.088216,0.7281780010402
23,121,0.084172,0.7466664854974002
24,121,0.085556,0.6853217158176944
25,121,0.085616,0.7676506411572307
26,121,0.085816,0.728805891590216
27,121,0.084972,0.7355946164985983
28,121,0.086864,0.7479418577563283
29,121,0.088856,0.8418295606747411
30,121,0.085848,0.7692728416331664
31,121,0.085148,0.7059854649675009
32,121,0.089432,0.7161969369924966
33,121,0.085156,0.7210105274129665
34,121,0.081532,0.7578405877421097
35,121,0.088072,0.7710202991452991
36,121,0.081996,0.7586699479520252
37,121,0.084192,0.7259539117562581
38,121,0.082664,0.7908616542520174
39,121,0.087092,0.7363511339457159
40,121,0.089348,0.7321764153159501
41,121,0.085728,0.7037318666092144
42,121,0.082884,0.6910645692729236
43,121,0.090552,0.6863666075629299
44,121,0.090128,0.7036420980734848
45,121,0.084548,0.7244094834022891
46,121,0.085512,0.6816649772965133
47,121,0.0866,0.708343847253764
48,121,0.087784,0.6677787242097293
49,121,0.088108,0.7104240224111923
50,121,0.083796,0.7239761885779585
1,122,0.094416,0.7624316889332987
2,122,0.088872,0.7909229110560766
3,122,0.093128,0.7014674174383794
4,122,0.090692,0.7825822274777734
5,122,0.08888,0.6726078505141712
6,122,0.09212,0.7713319879769415
7,122,0.092168,0.8292635368911743
8,122,0.090512,0.8228881459161725
9,122,0.096564,0.7128700480123785
10,122,0.089544,0.6783235963685236
11,122,0.093184,0.7017290842831666
12,122,0.08966,0.7431190718157181
13,122,0.090036,0.7310709519711653
14,122,0.099228,0.7891610717958023
15,122,0.089512,0.7180107858877773
16,122,0.08734,0.7689066222437173
17,122,0.085072,0.6940984447893924
18,122,0.088248,0.7586357941952044
19,122,0.092596,0.695389951495585
20,122,0.09008,0.7203147177303568
21,122,0.087056,0.8244920184564241
22,122,0.093472,0.7592378776780431
23,122,0.091816,0.7797528180979241
24,122,0.090992,0.6877931524275557
25,122,0.092136,0.8151767402581735
26,122,0.089976,0.7611550592006617
27,122,0.089484,0.7603391635178476
28,122,0.096256,0.758944568981448
29,122,0.089316,0.8018417059630568
30,122,0.08614,0.8012729078695269
31,122,0.090568,0.7596010870122545
32,122,0.089992,0.7998128503432576
33,122,0.093844,0.7118797332429073
34,122,0.086536,0.7581780760146976
35,122,0.09162,0.8684466872894362
36,122,0.083396,0.7951307388410753
37,122,0.094908,0.7519085666250398
38,122,0.08912,0.7531247306266702
39,122,0.095324,0.7857689460941127
40,122,0.08948,0.744403651012187
41,122,0.087368,0.7462448317370598
42,122,0.087412,0.7572085137945194
43,122,0.092984,0.7516412641858009
44,122,0.09208,0.7232189240452805
45,122,0.082976,0.7477114441592374
46,122,0.087428,0.6741797306953775
47,122,0.090064,0.6565670341326666
48,122,0.08894,0.7266493349911458
49,122,0.09126,0.7481138352226364
50,122,0.092184,0.6775682633113933
1,123,0.086056,0.7679082964476223
2,123,0.089692,0.7142652646388797
3,123,0.095536,0.7259547424619447
4,123,0.089168,0.7209593603158606
5,123,0.095236,0.7555215828065536
6,123,0.090784,0.7696712546138189
7,123,0.094504,0.8173283905983242
8,123,0.09182,0.8178274182887514
9,123,0.095716,0.6917676971025515
10,123,0.08986,0.6981176630684934
11,123,0.089612,0.7166674877656255
12,123,0.092884,0.8478003523840987
13,123,0.088032,0.6854144046326457
14,123,0.095448,0.7699907277486482
15,123,0.088532,0.7552189342936172
16,123,0.08828,0.682802339012994
17,123,0.084856,0.7538132579515545
18,123,0.094868,0.780605999841252
19,123,0.090992,0.7369670307820402
20,123,0.094184,0.7686856231862396
21,123,0.091812,0.7884068573021037
22,123,0.0989,0.768343964651854
23,123,0.090576,0.76374883557204
24,123,0.088076,0.6576818779604996
25,123,0.09226,0.8152685177747432
26,123,0.088976,0.7644990290243007
27,123,0.099724,0.7748204478242502
28,123,0.091752,0.794133768323752
29,123,0.084656,0.8146171716288068
30,123,0.092492,0.8609336173233936
31,123,0.089416,0.7973664959765911
32,123,0.089136,0.7614367568555281
33,123,0.097044,0.7953000074721661
34,123,0.086068,0.7389600014046918
35,123,0.095336,0.8141218081435473
36,123,0.087724,0.7588904756867308
37,123,0.091032,0.7743108240715524
38,123,0.0891,0.8082796764074623
39,123,0.094332,0.7960320207887235
40,123,0.095292,0.7022381548499677
41,123,0.088728,0.7842630714996905
42,123,0.088352,0.7741794700512136
43,123,0.09602,0.7294000933706816
44,123,0.098668,0.7329842931937173
45,123,0.087408,0.7464353923030637
46,123,0.084732,0.6786804701125569
47,123,0.0943,0.7248817966903074
48,123,0.08882,0.7141694954450474
49,123,0.09404,0.7654735272184937
50,123,0.090872,0.7418267526020483
1,124,0.084724,0.7036367444106799
2,124,0.084704,0.6634316833292693
3,124,0.08918,0.6926309127542049
4,124,0.083872,0.706163600457333
5,124,0.084344,0.676443979648581
6,124,0.090944,0.7684246722544594
7,124,0.089248,0.7232942740796144
8,124,0.087236,0.7738507457303108
9,124,0.08624,0.6780832225028571
10,124,0.085728,0.6678377876313473
11,124,0.087476,0.663314328883223
12,124,0.083836,0.7885326198413721
13,124,0.085184,0.6859247060976167
14,124,0.086444,0.7486175756852449
15,124,0.084108,0.7416344481394364
16,124,0.081428,0.7457371084359887
17,124,0.084028,0.7324080022843273
18,124,0.081888,0.6842268842268843
19,124,0.086472,0.6903570236903569
20,124,0.084944,0.7701238461467526
21,124,0.08738,0.7669033583422651
22,124,0.090444,0.7173127183019467
23,124,0.087616,0.7550362256756341
24,124,0.086452,0.7124922727773121
25,124,0.089568,0.7093791604069718
26,124,0.087832,0.7840011957659017
27,124,0.086552,0.7008822842656526
28,124,0.0882,0.7778942511434548
29,124,0.086128,0.8054562309627864
30,124,0.089696,0.7352372565054204
31,124,0.08472,0.6710159199080913
32,124,0.086292,0.7348888888888889
33,124,0.085372,0.7438057725259808
34,124,0.083328,0.6915397326894591
35,124,0.086056,0.7441802938344243
36,124,0.083952,0.7268335529205094
37,124,0.085612,0.709839370266665
38,124,0.083848,0.7871576581723994
39,124,0.087756,0.7882862569862937
40,124,0.089088,0.6966941915619875
41,124,0.08274,0.7205135421273402
42,124,0.084588,0.6950109488896512
43,124,0.093036,0.6687380087547732
44,124,0.091284,0.6752504891094189
45,124,0.080856,0.6932341198785034
46,124,0.08098,0.709887307316238
47,124,0.088132,0.6926609595148921
48,124,0.084316,0.7685366792323349
49,124,0.086228,0.6772519667121774
50,124,0.085832,0.705931877123287
1,125,0.087832,0.626006616909299
2,125,0.086104,0.6888740234213699
3,125,0.089064,0.6572914150303115
4,125,0.089612,0.5994861547245218
5,125,0.084188,0.6664203824793429
6,125,0.08722,0.7344044187659682
7,125,0.09116,0.6607771192021826
8,125,0.08744,0.6561756561756561
9,125,0.089544,0.6344675733185309
10,125,0.084592,0.6627755211573414
11,125,0.089148,0.6465120319694206
12,125,0.08748,0.6782485943678466
13,125,0.084244,0.6586622807017544
14,125,0.09098,0.7204551363296611
15,125,0.087132,0.6350609164297377
16,125,0.085516,0.6309318585879622
17,125,0.084544,0.663953061972864
18,125,0.089084,0.6376952906103602
19,125,0.089772,0.574422519532178
20,125,0.089232,0.6654946330142153
21,125,0.086976,0.6633306027472071
22,125,0.093056,0.6729805639815751
23,125,0.09048,0.6399347750699101
24,125,0.086212,0.582558226856769
25,125,0.092132,0.6684529584752966
26,125,0.089328,0.6822385638329367
27,125,0.088604,0.6367029397311967
28,125,0.091184,0.68469967611179
29,125,0.092572,0.724496918929328
30,125,0.091044,0.6837553110994704
31,125,0.089476,0.6565542171431187
32,125,0.090872,0.672781784234115
33,125,0.091576,0.6606401108676517
34,125,0.083232,0.6485544724747383
35,125,0.0898,0.6263568607698429
36,125,0.082324,0.6736743988984218
37,125,0.086252,0.6629492686857085
38,125,0.087756,0.6478925214784063
39,125,0.087672,0.6967768358111153
40,125,0.090052,0.6375254943690698
41,125,0.083356,0.6796227433322372
42,125,0.088344,0.6402411596832417
43,125,0.093504,0.6596871874347392
44,125,0.092048,0.6288483731166775
45,125,0.084648,0.6878167052585656
46,125,0.08424,0.619504673797822
47,125,0.088624,0.6336283846872083
48,125,0.086744,0.6858752909469558
49,125,0.090652,0.6843330642425094
50,125,0.087372,0.6936267586895741
1,126,0.09206,0.7183180369355949
2,126,0.090296,0.7110471727509278
3,126,0.093636,0.6830873621713317
4,126,0.08804,0.7023868191076943
5,126,0.089144,0.6783607086487103
6,126,0.089224,0.7976686811072633
7,126,0.093344,0.7833654882219411
8,126,0.090688,0.765406324905281
9,126,0.09326,0.6465581986510104
10,126,0.088096,0.6847836561626675
11,126,0.097672,0.6769730613650056
12,126,0.098408,0.783604676065672
13,126,0.085916,0.6938583450969614
14,126,0.093544,0.766807651558759
15,126,0.088616,0.7027458375682173
16,126,0.087448,0.6521469275021625
17,126,0.087044,0.737138674497371
18,126,0.09552,0.6666123866905498
19,126,0.090276,0.69097148182371
20,126,0.093484,0.7295421028020576
21,126,0.091788,0.7448647169999004
22,126,0.096104,0.7156326348026565
23,126,0.09032,0.7379525874675157
24,126,0.090536,0.6824517526431838
25,126,0.095604,0.7571005929101028
26,126,0.091096,0.7576944433847497
27,126,0.091484,0.7707473812736971
28,126,0.09382,0.7297808689555723
29,126,0.089496,0.7258006865996691
30,126,0.0948,0.7105787269778533
31,126,0.085304,0.719955488008175
32,126,0.087932,0.7358221605794422
33,126,0.09298,0.7242586869195078
34,126,0.08638,0.6928425763912157
35,126,0.09028,0.7041318002127105
36,126,0.091416,0.8152021184608734
37,126,0.094116,0.7243170951095962
38,126,0.090556,0.7686199839382399
39,126,0.095516,0.7804619016208457
40,126,0.098284,0.6948918411604978
41,126,0.087024,0.6401579244218838
42,126,0.088828,0.7137226741282753
43,126,0.0983,0.6782695904178624
44,126,0.092236,0.6853726027502408
45,126,0.091644,0.7197501762868944
46,126,0.088252,0.708191499457421
47,126,0.093816,0.6743280905231276
48,126,0.090488,0.7391482288873855
49,126,0.094908,0.7217366546932344
50,126,0.091956,0.7056656955399229
1,127,0.092216,0.6682404997201657
2,127,0.094304,0.7437422193214643
3,127,0.093932,0.6556807256235827
4,127,0.092284,0.7052435826364563
5,127,0.086496,0.6464561534628799
6,127,0.098548,0.7677459502094752
7,127,0.096216,0.6778809182784649
8,127,0.092324,0.6819141422817767
9,127,0.097916,0.6748072758924526
10,127,0.09186,0.6614708905709746
11,127,0.093492,0.6348912507669011
12,127,0.097388,0.7927721677721677
13,127,0.09434,0.6415375996369104
14,127,0.093036,0.6800382477106175
15,127,0.089072,0.6675991980230336
16,127,0.091248,0.6560398170567662
17,127,0.08704,0.6324646133284734
18,127,0.09658,0.6836551825031087
19,127,0.095692,0.6502102140328917
20,127,0.093284,0.6430280688138662
21,127,0.087456,0.6898853718900613
22,127,0.096132,0.677709580128591
23,127,0.097232,0.6947768973761083
24,127,0.091336,0.6362214803662731
25,127,0.100108,0.7047650095082858
26,127,0.093384,0.6625757157323023
27,127,0.092636,0.6849496616099119
28,127,0.091612,0.7043485485057799
29,127,0.094688,0.7051647509578545
30,127,0.094904,0.6967475153317367
31,127,0.096132,0.72685960018596
32,127,0.095728,0.7035675381263617
33,127,0.095772,0.6981841398606651
34,127,0.087616,0.6797897735251048
35,127,0.095692,0.6854194875437467
36,127,0.093828,0.641439418244038
37,127,0.095856,0.673384911411559
38,127,0.090188,0.6844220199311584
39,127,0.09424,0.7201346991418613
40,127,0.09974,0.7060012234019313
41,127,0.090492,0.6690192382112793
42,127,0.090768,0.6622776622776623
43,127,0.095868,0.6203483285519543
44,127,0.099624,0.6729100429166536
45,127,0.095848,0.7073470642483862
46,127,0.091632,0.659164611820967
47,127,0.096472,0.6213131957308823
48,127,0.090008,0.7169293672697536
49,127,0.098556,0.7168400969267934
50,127,0.093852,0.6990473778913405
1,128,0.110484,0.9705913810775881
2,128,0.100984,0.9970444502970182
3,128,0.1005,0.8774005149659241
4,128,0.089996,0.759660620447059
5,128,0.110172,0.9586030414444272
6,128,0.098648,0.8955862683905483
7,128,0.101616,0.9812991232470913
8,128,0.091632,0.8930972003039337
9,128,0.102,0.8696203992154148
10,128,0.089704,0.8381375661375661
11,128,0.1228,0.9043302319653327
12,128,0.102356,0.9771804722682961
13,128,0.102828,0.8887333134542501
14,128,0.100524,0.9188479052823316
15,128,0.094608,0.8729537942352589
16,128,0.089204,0.7647431030118957
17,128,0.091132,0.8141620075178131
18,128,0.08834,0.7974001398658933
19,128,0.095836,0.7985285866754411
20,128,0.102956,0.9897412553905127
21,128,0.0983,0.9954556410307911
22,128,0.096424,0.9203822564541435
23,128,0.104624,0.9698640966758273
24,128,0.092404,0.8299431499284847
25,128,0.099592,0.9401471222954081
26,128,0.088208,0.8351642064309417
27,128,0.094704,0.9448161032319449
28,128,0.103108,0.9872620300392233
29,128,0.102256,0.9330846245314018
30,128,0.10722,0.932001262539626
31,128,0.097252,0.7967340029622991
32,128,0.110344,0.9618639156137706
33,128,0.105504,0.9329454142421724
34,128,0.103188,0.9237908024765649
35,128,0.095988,0.9266418728017068
36,128,0.091328,0.9180063503510723
37,128,0.100204,0.9327240486872137
38,128,0.107592,0.9688772568793068
39,128,0.101076,0.9796631821195928
40,128,0.110724,0.9352218647807938
41,128,0.084716,0.8105564984454405
42,128,0.103252,0.932386483585093
43,128,0.102928,0.9298695110823432
44,128,0.117196,0.9794088576237682
45,128,0.09668,0.9535058998566024
46,128,0.093068,0.8180079688345803
47,128,0.106136,0.9376221405390214
48,128,0.095896,0.903403721100814
49,128,0.10802,0.9830947235728436
50,128,0.104896,0.9709156259742167
1,129,0.204336,0.4829376956607432
2,129,0.201924,0.4536330595938297
3,129,0.21322,0.5176798904885033
4,129,0.19232,0.5627555217247179
5,129,0.218936,0.4507367110626034
6,129,0.210956,0.44401605005139994
7,129,0.180388,0.5769687563086459
8,129,0.190792,0.5561876541255563
9,129,0.12258,0.9343445460548696
10,129,0.227104,0.42514064373328414
11,129,0.213428,0.4913550586028861
12,129,0.201476,0.4655068011980688
13,129,0.207892,0.46995797941261164
14,129,0.098032,0.927671578669756
15,129,0.1761,0.5206216393722735
16,129,0.100692,0.9434320584251463
17,129,0.19034,0.5226430477319893
18,129,0.178788,0.6018315436045818
19,129,0.08496,0.7972799589427766
20,129,0.216748,0.4252021765926104
21,129,0.181904,0.5281792879388303
22,129,0.167656,0.6720757576620875
23,129,0.216288,0.4216680864245334
24,129,0.181252,0.5836175068279971
25,129,0.222232,0.400264449137407
26,129,0.153364,0.73597735309608
27,129,0.221764,0.4455192518835422
28,129,0.22138,0.44674838636263065
29,129,0.180808,0.5230418701914824
30,129,0.22452,0.4046355766545658
31,129,0.185228,0.5694903319462905
32,129,0.229448,0.42793486531730335
33,129,0.23052,0.44219021805089204
34,129,0.19902,0.5110269390066905
35,129,0.217516,0.41865298712517934
36,129,0.176592,0.48296455014107814
37,129,0.2101,0.4687873480206801
38,129,0.232976,0.3897809870311841
39,129,0.1794,0.5507065395990799
40,129,0.210312,0.4893660636498745
41,129,0.180152,0.50567383832883
42,129,0.1633,0.6586295528229693
43,129,0.202272,0.525112668654162
44,129,0.225108,0.5079155507721572
45,129,0.149232,0.6894574836475567
46,129,0.19332,0.5508008343803751
47,129,0.21152,0.5114249550329758
48,129,0.195296,0.572244261727666
49,129,0.189664,0.6126503581565077
50,129,0.178464,0.597131931166348
1,130,0.64412,0.1408654627817926
2,130,0.638052,0.15195922877502158
3,130,0.637772,0.15228649786338413
4,130,0.091856,0.7411751121667985
5,130,0.638204,0.14913645656938646
6,130,0.087152,0.8882467459662213
7,130,0.7397,0.3760973731898233
8,130,0.639856,0.1433994991168565
9,130,0.729904,0.36683466764514083
10,130,0.634492,0.1512421893529476
11,130,0.641844,0.15917175691940816
12,130,0.749224,0.4549999345643952
13,130,0.749772,0.4567234626710981
14,130,0.744568,0.4420986975510352
15,130,0.647024,0.1323554319529102
16,130,0.633952,0.15457742134924804
17,130,0.734984,0.4451167041084415
18,130,0.646328,0.15315492987296359
19,130,0.738988,0.4065104122469069
20,130,0.088728,0.8260640969669657
21,130,0.7363,0.36896180989083427
22,130,0.090576,0.7652046783625731
23,130,0.721292,0.40890196131480944
24,130,0.745516,0.38589693772556727
25,130,0.736836,0.38900334257912195
26,130,0.091104,0.8417399954445514
27,130,0.734516,0.39576626861598635
28,130,0.64864,0.12816229067187232
29,130,0.279912,0.36036858749411693
30,130,0.589632,0.15665407695699687
31,130,0.087244,0.7752987076322848
32,130,0.093324,0.8444508154943935
33,130,0.647416,0.1479116034589951
34,130,0.64358,0.13862669160199678
35,130,0.087548,0.8295774177065276
36,130,0.085592,0.8221989599841042
37,130,0.63546,0.1531103915872614
38,130,0.649604,0.1372263412560483
39,130,0.090668,0.8451409982375221
40,130,0.643204,0.15199476662727116
41,130,0.643392,0.14042452883136708
42,130,0.089536,0.8039408061483116
43,130,0.735872,0.36012210978574255
44,130,0.641272,0.1545251450997422
45,130,0.639036,0.14355413893024377
46,130,0.646376,0.14277312303764578
47,130,0.649092,0.1441760642257362
48,130,0.742676,0.42514719752827224
49,130,0.647024,0.14007672168611915
50,130,0.74042,0.46894419744354066
1,131,0.692612,0.11640790443542254
2,131,0.689408,0.1086697523654922
3,131,0.834948,0.9331299437418045
4,131,0.087832,0.7232862137102903
5,131,0.69486,0.12102561110787002
6,131,0.088148,0.7890195971643567
7,131,0.851836,0.9508327415602389
8,131,0.691776,0.11314616265854611
9,131,0.840704,0.9402542714307234
10,131,0.090904,0.7602177747105283
11,131,0.682784,0.12976177820155319
12,131,0.852,0.9763846548828945
13,131,0.84252,0.9607374470758301
14,131,0.092796,0.7584818118966106
15,131,0.70192,0.11313812220581607
16,131,0.08728,0.7308722961819625
17,131,0.090428,0.7996535331560713
18,131,0.09036,0.7663749050479939
19,131,0.091264,0.6975367712209817
20,131,0.690544,0.11415839396505033
21,131,0.679992,0.12552818674880842
22,131,0.676248,0.13319002860536666
23,131,0.845148,0.962411271554158
24,131,0.089276,0.6816359230581011
25,131,0.091908,0.7264873140857394
26,131,0.825676,0.9781155018825406
27,131,0.840364,0.9507827949997485
28,131,0.693836,0.11387594259304304
29,131,0.835872,0.9220767040225472
30,131,0.694516,0.11169052792797696
31,131,0.663888,0.12394533667785125
32,131,0.089536,0.7638791163926025
33,131,0.70134,0.1115665496669325
34,131,0.082152,0.745352608655361
35,131,0.841592,0.9666989879046833
36,131,0.685208,0.109481489165166
37,131,0.845796,0.9921060154367622
38,131,0.689008,0.10963162317324698
39,131,0.244196,0.6146139159041683
40,131,0.693668,0.11679640800177575
41,131,0.089368,0.7668705763176624
42,131,0.097712,0.6982454590300327
43,131,0.08744,0.6670186721089081
44,131,0.70084,0.12519811863649372
45,131,0.679956,0.11319559626129626
46,131,0.689652,0.11391535199520728
47,131,0.706292,0.1227051975338408
48,131,0.859868,0.9808360312190469
49,131,0.700332,0.11779818424844203
50,131,0.842252,0.9647946407600904
1,132,0.12126,0.8660229984812324
2,132,0.112052,0.9527289315431413
3,132,0.144832,0.7435515807098909
4,132,0.112184,0.9803428116784282
5,132,0.139508,0.7572867844893983
6,132,0.126652,0.7430166961080402
7,132,0.098688,0.9559246124422147
8,132,0.10752,0.9054170249355116
9,132,0.096236,0.794690628281231
10,132,0.086144,0.8200545755025174
11,132,0.153672,0.7281739146745196
12,132,0.112596,0.8960469093150233
13,132,0.095444,0.823039145319222
14,132,0.108576,0.9658180696070003
15,132,0.106704,0.9095882997702329
16,132,0.095852,0.8378058492500341
17,132,0.085672,0.7812311936968216
18,132,0.092324,0.8498364720522179
19,132,0.094864,0.8404215481731129
20,132,0.119224,0.8459097823471596
21,132,0.121448,0.8458341840717742
22,132,0.120888,0.8650079791092413
23,132,0.091224,0.851329807187336
24,132,0.097104,0.9006839957950697
25,132,0.115,0.8685465108887731
26,132,0.112532,0.8987137774804634
27,132,0.098644,0.9910564866542521
28,132,0.13202,0.7775424891102797
29,132,0.114868,0.8601440398122989
30,132,0.139716,0.729225341215066
31,132,0.09812,0.8612597613667895
32,132,0.115636,0.8948620542486615
33,132,0.130028,0.8765074137562406
34,132,0.116212,0.9687503971330174
35,132,0.108268,0.9698393681221157
36,132,0.126072,0.7836599077952487
37,132,0.124044,0.9188569127007945
38,132,0.132948,0.7787128784796884
39,132,0.116024,0.8369060977039406
40,132,0.124924,0.8401320984436812
41,132,0.08444,0.8251968814374563
42,132,0.125528,0.801165216251335
43,132,0.128456,0.9208765894476694
44,132,0.14972,0.7369714137063907
45,132,0.11452,0.9115706152872994
46,132,0.125872,0.9258088132213897
47,132,0.122336,0.9570496665983383
48,132,0.109736,0.9603620962002464
49,132,0.146764,0.7408457444019089
50,132,0.113404,0.9841141071535879
1,133,0.43326,0.17464900374158981
2,133,0.432348,0.1573188602101727
3,133,0.444628,0.18970748988783998
4,133,0.33892,0.2464607325892833
5,133,0.449344,0.17614883180586033
6,133,0.449816,0.15960062386180918
7,133,0.414844,0.19317104880136052
8,133,0.43574,0.1664407191675159
9,133,0.457832,0.17810543572523194
10,133,0.4402,0.17125792860780592
11,133,0.461348,0.1799856733102023
12,133,0.09076,0.8614563985331238
13,133,0.403896,0.20765622203133954
14,133,0.440168,0.17822121676738947
15,133,0.430428,0.17286563419531642
16,133,0.433884,0.1741343142854458
17,133,0.460948,0.17991927663684124
18,133,0.426904,0.17775843215525572
19,133,0.087688,0.7953559745653691
20,133,0.439608,0.1563993034519858
21,133,0.456528,0.16834717308968222
22,133,0.435568,0.19531031721871703
23,133,0.44564,0.1659150466207569
24,133,0.445176,0.1800549898167006
25,133,0.382096,0.1983760810770648
26,133,0.440648,0.18263237350770115
27,133,0.459144,0.16009059928927438
28,133,0.433296,0.17945257501906667
29,133,0.438328,0.16075757716493744
30,133,0.456136,0.1619103543155959
31,133,0.091136,0.8156705354883032
32,133,0.462232,0.16436469091973616
33,133,0.4585,0.16506670483542193
34,133,0.44938,0.169791300334649
35,133,0.444024,0.1567656194307246
36,133,0.424088,0.15086199088513502
37,133,0.457352,0.16911833134995674
38,133,0.45622,0.1542178870037911
39,133,0.473052,0.14791478259706997
40,133,0.451036,0.17459033931045012
41,133,0.421608,0.16239127285215255
42,133,0.411136,0.18944001342184097
43,133,0.427748,0.19471218149316596
44,133,0.431888,0.19211005645133322
45,133,0.431984,0.16821275066002467
46,133,0.38822,0.22551144584887747
47,133,0.451616,0.17847762443332194
48,133,0.427576,0.19023448943460153
49,133,0.4455,0.1799587880638022
50,133,0.45048,0.17614822310720105
1,134,0.678072,0.11827698502927207
2,134,0.686088,0.11243425544600044
3,134,0.672368,0.1346135009332226
4,134,0.674336,0.1234189710776352
5,134,0.08536,0.6959382800090765
6,134,0.6949,0.1035994596734751
7,134,0.743372,0.4547839566267663
8,134,0.690772,0.12148981178139932
9,134,0.7296,0.4526758397068176
10,134,0.677488,0.12406251309339253
11,134,0.686868,0.12887133147287147
12,134,0.745792,0.5102509381291321
13,134,0.750224,0.4777552147181853
14,134,0.734296,0.4993196288048082
15,134,0.687092,0.1153125
16,134,0.69694,0.12124903862932777
17,134,0.723824,0.480202572908784
18,134,0.696996,0.11317074367593297
19,134,0.727668,0.45915755700904937
20,134,0.693036,0.11802973856931052
21,134,0.729432,0.45974723623690167
22,134,0.69228,0.13020966304897175
23,134,0.734968,0.4775760038055235
24,134,0.73758,0.4223776497291759
25,134,0.72754,0.45615818752130144
26,134,0.725284,0.4771414873181053
27,134,0.746384,0.5052720153651293
28,134,0.696252,0.11268061706467701
29,134,0.711988,0.4710912696718302
30,134,0.69852,0.11183473118695164
31,134,0.684668,0.12007933062319928
32,134,0.68696,0.11632655869803275
33,134,0.689796,0.11959754179541904
34,134,0.696244,0.11752008106795521
35,134,0.087484,0.7563382205828563
36,134,0.095284,0.9517569952604755
37,134,0.689164,0.12161017447674624
38,134,0.698592,0.10466268021570858
39,134,0.092144,0.7416634789011052
40,134,0.686284,0.1227202637315893
41,134,0.091788,0.8990579327346364
42,134,0.68856,0.11901585308428819
43,134,0.731136,0.4255925570593407
44,134,0.700124,0.12469951749025424
45,134,0.687128,0.10520195658219772
46,134,0.678236,0.11895028633081582
47,134,0.698856,0.12330531584464412
48,134,0.745276,0.45469472700311425
49,134,0.089876,0.7479269681058945
50,134,0.7152,0.451673954186517
1,135,0.704108,0.10274061806913089
2,135,0.089468,0.8434789618691289
3,135,0.755824,0.8201975096890151
4,135,0.787116,0.839512077294686
5,135,0.092836,0.8182526016987235
6,135,0.697516,0.10088961883695562
7,135,0.794864,0.8510402157954849
8,135,0.714008,0.09892313152747674
9,135,0.100368,0.6941778904614683
10,135,0.69968,0.11234436811799822
11,135,0.100068,0.8032863449362591
12,135,0.796608,0.8528478817155378
13,135,0.774736,0.8273076413720037
14,135,0.782604,0.8460340523096441
15,135,0.71056,0.10184322439971383
16,135,0.094176,0.7590518781338164
17,135,0.780112,0.8238176048168282
18,135,0.70512,0.09942422340259433
19,135,0.703068,0.11390195329078895
20,135,0.708036,0.10443565465482438
21,135,0.096368,0.842838601817022
22,135,0.7143,0.11394881546688544
23,135,0.7964,0.8500374396834898
24,135,0.087724,0.7277429280565755
25,135,0.093808,0.7960527446834117
26,135,0.56508,0.18756970243433618
27,135,0.794336,0.841883192537529
28,135,0.709328,0.10469912242058524
29,135,0.767616,0.8937744474291909
30,135,0.700372,0.09965616115705396
31,135,0.682164,0.10699106100391802
32,135,0.69798,0.10245701574854874
33,135,0.708852,0.1076009121399122
34,135,0.089088,0.7589228745914554
35,135,0.09768,0.7556762384789218
36,135,0.094408,0.9272979697987397
37,135,0.773952,0.8523689856910321
38,135,0.701872,0.1079542760177226
39,135,0.792252,0.8561067269167828
40,135,0.791736,0.8862133541598435
41,135,0.085528,0.8221116542520175
42,135,0.789972,0.8042084046561161
43,135,0.0957,0.7988615041330698
44,135,0.698168,0.11696859015530811
45,135,0.686268,0.10876102633210678
46,135,0.707904,0.10971459728355536
47,135,0.710108,0.10979698267833861
48,135,0.79348,0.8783838907843777
49,135,0.095508,0.7736482174544946
50,135,0.100296,0.6979624909023767
1,136,0.087284,0.803125523713759
2,136,0.084312,0.8547948553447592
3,136,0.087608,0.8079053373615308
4,136,0.084728,0.7786272011499886
5,136,0.085624,0.7461232807834867
6,136,0.084844,0.8922949156640437
7,136,0.087272,0.8198100818743393
8,136,0.085108,0.8170427887318482
9,136,0.085316,0.7465774846746376
10,136,0.084912,0.7576427255985266
11,136,0.088164,0.8202249828633671
12,136,0.086016,0.8691505472742652
13,136,0.084892,0.7428300629926188
14,136,0.086796,0.7510893895445094
15,136,0.08678,0.766057044793955
16,136,0.081912,0.7086647095454142
17,136,0.0843,0.7776793747188484
18,136,0.084044,0.7815305746735773
19,136,0.082252,0.7026849946352874
20,136,0.083468,0.7939853972384877
21,136,0.08526,0.8521045787076788
22,136,0.088108,0.809981136108091
23,136,0.085864,0.8511445819138126
24,136,0.082712,0.7728285289521556
25,136,0.084348,0.8449986145746744
26,136,0.087036,0.8363329366116095
27,136,0.085248,0.8051793570947446
28,136,0.082848,0.7933430373605046
29,136,0.088468,0.7675238801490193
30,136,0.084744,0.8596995015452605
31,136,0.083748,0.8201258234616772
32,136,0.084916,0.806264974624164
33,136,0.087012,0.7707196007423022
34,136,0.08018,0.7442334589763648
35,136,0.084068,0.9022447230258223
36,136,0.081368,0.7880622964829302
37,136,0.089208,0.784299817543484
38,136,0.082844,0.8002239236508356
39,136,0.08734,0.8788689396687221
40,136,0.088924,0.7754691481112219
41,136,0.082432,0.8175955134945672
42,136,0.084384,0.8263638922217778
43,136,0.087116,0.7586572594959176
44,136,0.08666,0.762618522700794
45,136,0.082648,0.7521796050249296
46,136,0.085968,0.6939834758902
47,136,0.089236,0.7593820994398487
48,136,0.084248,0.7528291653563404
49,136,0.086448,0.7307399328278107
50,136,0.085056,0.7822216620687401
1,137,0.088176,0.6558501302777971
2,137,0.089124,0.7625165551373204
3,137,0.08898,0.7086788280818132
4,137,0.085812,0.7538245821518006
5,137,0.08452,0.6548571336507246
6,137,0.085108,0.7306755639957097
7,137,0.089752,0.7407815195886117
8,137,0.085956,0.7831460674157303
9,137,0.087424,0.692920820610921
10,137,0.090576,0.6654853632698478
11,137,0.089488,0.7439896036387263
12,137,0.085552,0.6923147556857786
13,137,0.084748,0.680807854277242
14,137,0.091332,0.7255996514672172
15,137,0.086384,0.7686346930277189
16,137,0.083504,0.7078124727583383
17,137,0.083924,0.6940233913640415
18,137,0.083344,0.7570917306739632
19,137,0.086484,0.7074320856784702
20,137,0.085532,0.74168461354391
21,137,0.086704,0.7669930006976797
22,137,0.090136,0.7904291969505012
23,137,0.086512,0.7513525009636985
24,137,0.085264,0.6744426018057859
25,137,0.0867,0.7746673931798574
26,137,0.08696,0.7489252841733259
27,137,0.087468,0.7904349618635333
28,137,0.085524,0.6813941707748001
29,137,0.0901,0.8518249354005168
30,137,0.0856,0.7337702501743719
31,137,0.085644,0.690078830514394
32,137,0.087812,0.7876075199119372
33,137,0.089444,0.7055202525584529
34,137,0.083844,0.7108566548588509
35,137,0.089828,0.7407913205113615
36,137,0.082312,0.7326299196814593
37,137,0.087496,0.7395869793489674
38,137,0.08628,0.7745386527977371
39,137,0.085652,0.7163485070974057
40,137,0.087756,0.8032805864673492
41,137,0.085892,0.7219829723030499
42,137,0.08584,0.7862711754156095
43,137,0.08754,0.6757511475449131
44,137,0.086564,0.7004771131529054
45,137,0.082152,0.6966447293671395
46,137,0.083336,0.7279883290596568
47,137,0.089444,0.7128626526150292
48,137,0.085868,0.6902551722993712
49,137,0.088904,0.7264995917341875
50,137,0.086516,0.7064659064659065
1,138,0.091436,0.6810363747675319
2,138,0.495616,0.5599656321381421
3,138,0.520952,0.6834426581630123
4,138,0.522576,0.6204289579333218
5,138,0.516084,0.6664967820587054
6,138,0.465304,0.5892493494307456
7,138,0.482248,0.5846124401913876
8,138,0.490516,0.6487545825262712
9,138,0.497924,0.5882823376366499
10,138,0.479564,0.607277896823748
11,138,0.471696,0.537804351993865
12,138,0.498744,0.656487717567149
13,138,0.498688,0.7153742250545492
14,138,0.503364,0.7193790274443095
15,138,0.41232,0.6612452327174436
16,138,0.489576,0.6124204331153374
17,138,0.493308,0.6088053496572781
18,138,0.089568,0.736460712197871
19,138,0.495716,0.6605876471114712
20,138,0.475784,0.5637300689985141
21,138,0.497932,0.5430620334055151
22,138,0.444288,0.5496720655465556
23,138,0.485008,0.6159856975433807
24,138,0.448468,0.5846014857937725
25,138,0.499284,0.5336395387870719
26,138,0.492176,0.6277723198372471
27,138,0.503168,0.6915122300132782
28,138,0.480428,0.5932960001419962
29,138,0.465672,0.6267343440705876
30,138,0.478904,0.6237989857992041
31,138,0.478776,0.5443183272462371
32,138,0.482164,0.5622675251058196
33,138,0.463544,0.6310083723220881
34,138,0.479844,0.6067286759166434
35,138,0.421608,0.6301724789434917
36,138,0.476268,0.513530336105524
37,138,0.461904,0.6890389744917778
38,138,0.495584,0.557600403805678
39,138,0.499752,0.6312223589503467
40,138,0.510484,0.6175164512704671
41,138,0.080276,0.757188114432955
42,138,0.484404,0.5950576925334241
43,138,0.511156,0.5951294394433645
44,138,0.507756,0.6668509393677001
45,138,0.082828,0.7171357590140839
46,138,0.085012,0.6540183125127504
47,138,0.460816,0.5430065685659909
48,138,0.494908,0.5926908270175795
49,138,0.093512,0.7320381657670222
50,138,0.522272,0.6405471480373444
1,139,0.55374,0.626076568612833
2,139,0.55822,0.6190081731831235
3,139,0.5535,0.6296306209531696
4,139,0.55034,0.6263925741291665
5,139,0.091772,0.52421786540639
6,139,0.103644,0.42166431348896294
7,139,0.524468,0.6095535072499879
8,139,0.540788,0.6314357934101771
9,139,0.548372,0.6504108997207178
10,139,0.088492,0.5923452785992135
11,139,0.446348,0.580472402988672
12,139,0.56444,0.6208365824574386
13,139,0.555672,0.6154018692457702
14,139,0.552228,0.6303813588654718
15,139,0.521892,0.6191877296843797
16,139,0.568316,0.6160225047254465
17,139,0.580852,0.6268273182167746
18,139,0.41976,0.5716119742195158
19,139,0.575488,0.6278460323330275
20,139,0.465564,0.5487317389047627
21,139,0.525996,0.5822917563820207
22,139,0.581532,0.6575092285171166
23,139,0.498264,0.6037952542104837
24,139,0.088676,0.5409374785532908
25,139,0.54576,0.6260238736264561
26,139,0.548544,0.6035408806342456
27,139,0.10084,0.4823306628584282
28,139,0.552216,0.638607854246957
29,139,0.579296,0.6401871017387321
30,139,0.525948,0.6281488811301084
31,139,0.551008,0.6180749649454654
32,139,0.581064,0.6517123639350997
33,139,0.5159,0.6011195417278715
34,139,0.516468,0.5852790317622122
35,139,0.540228,0.6247379454926624
36,139,0.552468,0.6263467078628755
37,139,0.532284,0.6034753211387426
38,139,0.557364,0.6466052068077126
39,139,0.5523,0.6278585326635078
40,139,0.544912,0.6123207133466921
41,139,0.102568,0.4199000922685406
42,139,0.428044,0.549666797710911
43,139,0.550404,0.6273531519863376
44,139,0.574508,0.6440057365006762
45,139,0.508964,0.5700031582384524
46,139,0.423332,0.5797724610402092
47,139,0.488624,0.5960229801663566
48,139,0.56902,0.6368671838212184
49,139,0.492916,0.6064462741474864
50,139,0.557264,0.6380043566424458
1,140,0.085172,0.7652882961987342
2,140,0.08456,0.7981362007168459
3,140,0.08534,0.7348780240647483
4,140,0.088904,0.7144590545526583
5,140,0.083424,0.7201363978566051
6,140,0.087568,0.7758869845900356
7,140,0.086284,0.8181126331811264
8,140,0.084348,0.7286069519663021
9,140,0.086532,0.7097821458235831
10,140,0.084988,0.7067417700621442
11,140,0.09048,0.7223143337877505
12,140,0.089224,0.8667075808054242
13,140,0.083876,0.7260415557684801
14,140,0.086372,0.7201882151641535
15,140,0.086004,0.7623806621978468
16,140,0.084776,0.7532797694305097
17,140,0.081672,0.7393908258239495
18,140,0.081788,0.7279122783021018
19,140,0.082372,0.6946879184709831
20,140,0.085388,0.7409624928484945
21,140,0.086056,0.7775299463031805
22,140,0.089392,0.8092793176191719
23,140,0.09352,0.7277235616787856
24,140,0.085108,0.7557810010140518
25,140,0.087872,0.7902880928608228
26,140,0.086412,0.7764402446818224
27,140,0.085824,0.7877577619513103
28,140,0.084284,0.7081346120615172
29,140,0.08854,0.7834853404105313
30,140,0.085828,0.808369519673942
31,140,0.086604,0.7252869418905115
32,140,0.085796,0.8530622234209396
33,140,0.087492,0.7062044856305375
34,140,0.084144,0.6790030715811965
35,140,0.08712,0.782794080762478
36,140,0.08274,0.7267114009387896
37,140,0.090712,0.6814102937464811
38,140,0.083016,0.8076139884904826
39,140,0.08542,0.7379604963796448
40,140,0.088072,0.7347265439924193
41,140,0.080972,0.7763505285206294
42,140,0.084132,0.777557132931478
43,140,0.086792,0.6748774421019585
44,140,0.08754,0.6936028174077887
45,140,0.0815,0.747904867640101
46,140,0.086884,0.7101608187134503
47,140,0.088336,0.7326591865238562
48,140,0.087212,0.6879140657130176
49,140,0.085944,0.6686950805921517
50,140,0.086732,0.7049596453811734
1,141,0.092984,0.817428932827375
2,141,0.09104,0.7833320233697504
3,141,0.0909,0.7379772164931334
4,141,0.090364,0.7357867333125065
5,141,0.08922,0.6593285973618259
6,141,0.090492,0.7669405093041809
7,141,0.098772,0.7467911228464332
8,141,0.09154,0.8064543433614442
9,141,0.093884,0.70618117943837
10,141,0.090336,0.72006919141732
11,141,0.09008,0.7583869583869584
12,141,0.091624,0.8263530781333842
13,141,0.091832,0.720941657807416
14,141,0.090964,0.7831476383973435
15,141,0.092568,0.7651810620116879
16,141,0.083012,0.6765687006321615
17,141,0.087836,0.731812385107844
18,141,0.091736,0.7990766096492969
19,141,0.089664,0.7102284755809599
20,141,0.092276,0.8024402907580479
21,141,0.091092,0.8033570252580009
22,141,0.089284,0.7879141829117662
23,141,0.090628,0.7254035649088261
24,141,0.086192,0.6932188627597362
25,141,0.095648,0.7641771498061992
26,141,0.0936,0.8197135040287115
27,141,0.089364,0.7540478557014203
28,141,0.088132,0.7312899594298944
29,141,0.092736,0.8077949530981635
30,141,0.090928,0.8258659302309606
31,141,0.089408,0.8067601109651045
32,141,0.088332,0.835600712604914
33,141,0.093116,0.8193789360549294
34,141,0.08838,0.70001223690651
35,141,0.093184,0.835149906801883
36,141,0.089572,0.8545622685085361
37,141,0.0949,0.8000571813844722
38,141,0.090704,0.765120582540112
39,141,0.093004,0.768542339252085
40,141,0.09072,0.7693236714975845
41,141,0.086992,0.7859355808539111
42,141,0.087872,0.7310910051287294
43,141,0.092888,0.7242727294529582
44,141,0.089184,0.7353902746666329
45,141,0.081368,0.7994936608124306
46,141,0.08976,0.72095533554987
47,141,0.094804,0.7579805980304679
48,141,0.089688,0.7610687550784019
49,141,0.08822,0.7465928633774942
50,141,0.095448,0.6761538179552037
1,142,0.411196,0.7471349774861271
2,142,0.487704,0.8361812515646717
3,142,0.483504,0.8023946816202013
4,142,0.458048,0.8298952081729774
5,142,0.482664,0.8225833215116304
6,142,0.467204,0.8169415840325451
7,142,0.483988,0.8355832007580698
8,142,0.511668,0.881663320777626
9,142,0.505396,0.8729536889200427
10,142,0.450984,0.7883743091290261
11,142,0.40434,0.7625557226514857
12,142,0.497644,0.8240286964655575
13,142,0.475712,0.81173421483499
14,142,0.419892,0.7363064260637601
15,142,0.431608,0.7467995692415879
16,142,0.4959,0.8412460641195364
17,142,0.504748,0.8512154882925205
18,142,0.410188,0.7174176115195748
19,142,0.46654,0.8256183870135827
20,142,0.499216,0.8017860742127814
21,142,0.499076,0.8185439071438624
22,142,0.493172,0.8395049353969307
23,142,0.39164,0.7068436261091293
24,142,0.4694,0.7991715535697663
25,142,0.4771,0.8145058375153051
26,142,0.448704,0.802552797144574
27,142,0.49154,0.8225874399218572
28,142,0.484508,0.8505119309415877
29,142,0.504252,0.8179335565529197
30,142,0.100256,0.5584585199630747
31,142,0.488668,0.8198553132255295
32,142,0.463704,0.8691941613932227
33,142,0.396484,0.7192218731820826
34,142,0.48784,0.8422600047771046
35,142,0.507136,0.8722136907254874
36,142,0.393464,0.7406974428251024
37,142,0.426728,0.7059935372907853
38,142,0.488608,0.875864099774122
39,142,0.480396,0.8109329109075756
40,142,0.484508,0.820076330270214
41,142,0.09382,0.5908191597253396
42,142,0.092248,0.5735869471989655
43,142,0.486644,0.8337039424352167
44,142,0.475856,0.8368318676055115
45,142,0.106572,0.37485332117343056
46,142,0.368552,0.7307777432592403
47,142,0.466472,0.8247828265804927
48,142,0.471128,0.7828902703245193
49,142,0.472208,0.7915168259162693
50,142,0.504132,0.8397942759418541
1,143,0.485008,0.5238723664985625
2,143,0.489824,0.4956834659125946
3,143,0.496168,0.5086247909238322
4,143,0.495748,0.5123238501810613
5,143,0.101272,0.44109286280326
6,143,0.371724,0.46748726761054454
7,143,0.50018,0.5279234252189822
8,143,0.505776,0.5240720181870648
9,143,0.50982,0.5322208593911678
10,143,0.49066,0.5022598917141008
11,143,0.379248,0.4588643614036775
12,143,0.498632,0.5279574927174152
13,143,0.505436,0.5172967704075037
14,143,0.480612,0.5123025055834004
15,143,0.459376,0.5066120419427038
16,143,0.509572,0.5137166103985634
17,143,0.49342,0.49600168868021
18,143,0.394644,0.4667594696821789
19,143,0.458776,0.5078026303561204
20,143,0.50344,0.5136841153064184
21,143,0.504876,0.5032277952187422
22,143,0.50074,0.5112601489936904
23,143,0.456128,0.49025370942659013
24,143,0.102476,0.42072339512708196
25,143,0.497576,0.5321042937101347
26,143,0.509652,0.5226582880134412
27,143,0.462976,0.4871851423005174
28,143,0.121484,0.34083829365079366
29,143,0.483316,0.5382069461312392
30,143,0.114644,0.45866742652158743
31,143,0.427668,0.47314436848691505
32,143,0.45398,0.5104693610917905
33,143,0.106968,0.5209679283140567
34,143,0.3989,0.44707203005087254
35,143,0.486172,0.5210955759454604
36,143,0.483392,0.5283673494585818
37,143,0.356372,0.48373846224608036
38,143,0.49262,0.5329814168821109
39,143,0.489392,0.5072203017499882
40,143,0.4935,0.5193728859657939
41,143,0.103472,0.4501264406885895
42,143,0.494908,0.49024395117412267
43,143,0.500392,0.5149768028467187
44,143,0.48988,0.5144060245955133
45,143,0.347784,0.4349840815227025
46,143,0.45772,0.5084642877984189
47,143,0.478828,0.4991811696782968
48,143,0.483884,0.4918866557669046
49,143,0.45526,0.48079057751058457
50,143,0.50214,0.5209854040121764
1,144,0.488012,0.5237392344054987
2,144,0.486436,0.4920333402218089
3,144,0.449144,0.4897600734430222
4,144,0.382536,0.48537486460133017
5,144,0.51808,0.5273178567653436
6,144,0.499592,0.5007320899235034
7,144,0.424884,0.48701715133757656
8,144,0.50026,0.5181372524356027
9,144,0.483328,0.5187733711441956
10,144,0.475588,0.5074321281811619
11,144,0.517972,0.5311324487472405
12,144,0.461072,0.4960227166320205
13,144,0.424732,0.4829429217740928
14,144,0.450756,0.47503534097831224
15,144,0.52424,0.522417672248728
16,144,0.512196,0.5001158871466038
17,144,0.106224,0.3909021594611115
18,144,0.503376,0.5083187991570998
19,144,0.490264,0.5250467994698944
20,144,0.504116,0.4957925145444107
21,144,0.46278,0.48533480432085396
22,144,0.486188,0.5114087352397212
23,144,0.465288,0.5048217474311567
24,144,0.437644,0.46809565656244817
25,144,0.477076,0.4996790768337857
26,144,0.451808,0.4884854490332779
27,144,0.494876,0.49973530213683864
28,144,0.507928,0.5291030633240845
29,144,0.502636,0.5221454540771389
30,144,0.501324,0.5037146414103755
31,144,0.480428,0.5118666632087623
32,144,0.514156,0.5497679769982171
33,144,0.473304,0.48968096809680967
34,144,0.473384,0.47191144698374227
35,144,0.477916,0.5133707914107758
36,144,0.515496,0.5194403535410371
37,144,0.4752,0.48952592817297813
38,144,0.511696,0.5248932043554614
39,144,0.4927,0.5166089667582845
40,144,0.485788,0.5131891361477088
41,144,0.523168,0.5424142944941615
42,144,0.378556,0.4299150429549172
43,144,0.490288,0.516263193424316
44,144,0.517496,0.52527130664428
45,144,0.483072,0.49127412853514324
46,144,0.47944,0.5008316258341786
47,144,0.519136,0.5272095739140462
48,144,0.419796,0.4758125852851039
49,144,0.489696,0.4889918275423532
50,144,0.504452,0.5143966585710089
1,145,0.207776,0.6904867740709606
2,145,0.16456,0.8571859599718396
3,145,0.188768,0.8215117085729262
4,145,0.189824,0.7532864606195622
5,145,0.21852,0.7785747906736231
6,145,0.165868,0.7627832486542419
7,145,0.1222,0.9450321510060153
8,145,0.162196,0.8589181352375979
9,145,0.157028,0.9017768172985899
10,145,0.138352,0.9703483323606029
11,145,0.215728,0.7160078110751794
12,145,0.20074,0.7564010867686871
13,145,0.10944,0.8920420750735336
14,145,0.105552,0.8149460919069622
15,145,0.173476,0.8108126223597524
16,145,0.184032,0.8462497754198328
17,145,0.176344,0.7862569060773481
18,145,0.190512,0.7989794285511086
19,145,0.103792,0.8178259883769495
20,145,0.206456,0.7485729475628183
21,145,0.185104,0.7626912047756591
22,145,0.199784,0.7699903643437249
23,145,0.180692,0.7460885268782262
24,145,0.159368,0.9194140320032458
25,145,0.201032,0.7112969713162465
26,145,0.188576,0.6969136774318059
27,145,0.184224,0.7987371163807142
28,145,0.187184,0.7847016427974021
29,145,0.184528,0.7536256094887082
30,145,0.21762,0.729549820060495
31,145,0.196392,0.7115025835881107
32,145,0.210884,0.6861505589994488
33,145,0.22372,0.7250355270671173
34,145,0.175512,0.8711790029162616
35,145,0.229128,0.6441158497295814
36,145,0.213676,0.6787404709924483
37,145,0.16622,0.8074754591306019
38,145,0.171936,0.8476733530190408
39,145,0.201128,0.7824667760321468
40,145,0.200948,0.7773049679471777
41,145,0.161844,0.9237882701339284
42,145,0.188516,0.8573066405695237
43,145,0.180156,0.8902281322435037
44,145,0.215548,0.7315144907664421
45,145,0.195616,0.7607242387878759
46,145,0.203752,0.7312867490111818
47,145,0.189096,0.8047697570568233
48,145,0.185532,0.7534345794392523
49,145,0.197008,0.75535156230896
50,145,0.182528,0.8510479520692522
1,146,0.7389,0.18111795342535686
2,146,0.092184,0.7536543673129039
3,146,0.7483,0.8548560694988051
4,146,0.74264,0.229814617620072
5,146,0.79868,0.8402873736651789
6,146,0.09098,0.8518032447586659
7,146,0.74922,0.19970639438110882
8,146,0.80204,0.8439712933854117
9,146,0.744976,0.21140899027065577
10,146,0.09392,0.7546386768760576
11,146,0.094576,0.738842156557305
12,146,0.726292,0.15548258378179847
13,146,0.733412,0.16007879906669734
14,146,0.750212,0.2101447562024732
15,146,0.793792,0.8260296951828362
16,146,0.74772,0.22983938808004503
17,146,0.771536,0.8172021448002177
18,146,0.799216,0.8466807387132013
19,146,0.734804,0.1933069516139496
20,146,0.810368,0.8278276515356328
21,146,0.093616,0.8925339851623141
22,146,0.64534,0.21571662598808064
23,146,0.719976,0.14227433255410302
24,146,0.663564,0.15555039236113713
25,146,0.72956,0.16728873665496988
26,146,0.090548,0.9206103236457368
27,146,0.7184,0.1473743647656691
28,146,0.77828,0.8544057880398375
29,146,0.093408,0.8348118442905174
30,146,0.800796,0.8228924812283416
31,146,0.09144,0.762575110941249
32,146,0.801636,0.8480727577105912
33,146,0.09782,0.7909212742675176
34,146,0.80414,0.8137703084497157
35,146,0.091932,0.8383642255822708
36,146,0.090172,0.8073244154727145
37,146,0.802232,0.8192847842693363
38,146,0.794096,0.8353003493327189
39,146,0.712372,0.15592358434340967
40,146,0.786232,0.8717624331401502
41,146,0.090936,0.7413712647700949
42,146,0.094024,0.7596104772723532
43,146,0.755068,0.2260817777649052
44,146,0.812684,0.8508864551421974
45,146,0.73768,0.2567240981863339
46,146,0.798556,0.8357138980185587
47,146,0.810496,0.8337960415390722
48,146,0.7503,0.2043056806705991
49,146,0.69752,0.17085123706159402
50,146,0.724376,0.1843754441569143
1,147,0.088296,0.7811642435919892
2,147,0.087168,0.7569577225408965
3,147,0.092876,0.7055391421246796
4,147,0.730816,0.4145686061957037
5,147,0.08606,0.7222545006950631
6,147,0.0875,0.766733104146323
7,147,0.742244,0.42045589156076013
8,147,0.740672,0.4338403130312924
9,147,0.73376,0.41960179204357506
10,147,0.727264,0.42043979676494725
11,147,0.72672,0.41678451447768355
12,147,0.727212,0.4401463391493764
13,147,0.741024,0.41187362051154675
14,147,0.735748,0.4114068378616711
15,147,0.737392,0.39909849856768154
16,147,0.089744,0.7031740846933384
17,147,0.097292,0.7227250219022587
18,147,0.741028,0.4200544268078709
19,147,0.740904,0.4858511770295722
20,147,0.735888,0.3926154889548747
21,147,0.733028,0.404016585838684
22,147,0.730804,0.42905011060931975
23,147,0.732608,0.4090480983467442
24,147,0.726944,0.409150527325024
25,147,0.71926,0.3953775950954438
26,147,0.090076,0.7190212293614808
27,147,0.733064,0.4227573691136117
28,147,0.731136,0.4200153081967567
29,147,0.09216,0.8087962593272823
30,147,0.726316,0.38416115244517524
31,147,0.722228,0.40987343580201396
32,147,0.736608,0.4218898339076086
33,147,0.732472,0.43785894902144434
34,147,0.727924,0.4515156897306787
35,147,0.713632,0.387338989579835
36,147,0.08506,0.8174104153931244
37,147,0.718276,0.3831958924496862
38,147,0.729396,0.36038670304286247
39,147,0.71192,0.4272088389523884
40,147,0.72858,0.39244402569375036
41,147,0.09194,0.7664469218760607
42,147,0.08852,0.7100391671820243
43,147,0.093688,0.6869127389740678
44,147,0.729364,0.3842043966475229
45,147,0.087264,0.6947399527186762
46,147,0.725876,0.3816846707408531
47,147,0.74584,0.4532979568384229
48,147,0.73924,0.38158866960342486
49,147,0.722756,0.42754972620713955
50,147,0.088852,0.7689950737615066
1,148,0.529604,0.6361656388239825
2,148,0.531584,0.6086111727896952
3,148,0.456396,0.5643586434443537
4,148,0.091856,0.6388072482383762
5,148,0.554952,0.6454449115957125
6,148,0.543784,0.6180838275531811
7,148,0.46432,0.6106986365539513
8,148,0.547488,0.6242854072641307
9,148,0.546508,0.6498852294760659
10,148,0.521388,0.6199965972467613
11,148,0.562724,0.6516934826012722
12,148,0.093544,0.5462236838406836
13,148,0.446736,0.5547209106373507
14,148,0.548656,0.6291954519286126
15,148,0.537024,0.5966429968422662
16,148,0.559264,0.619162527356012
17,148,0.499808,0.5859633985177912
18,148,0.552224,0.6267143624020789
19,148,0.527024,0.6232533511690773
20,148,0.552728,0.6075724137054239
21,148,0.535108,0.6135236654214191
22,148,0.563884,0.6461745625014549
23,148,0.485668,0.6237518627909854
24,148,0.527368,0.6077695807138169
25,148,0.534832,0.6262261412174006
26,148,0.517332,0.6013614136372735
27,148,0.519268,0.6068953268707695
28,148,0.527404,0.6350745142425958
29,148,0.528172,0.6387838242031175
30,148,0.56852,0.6438073047977867
31,148,0.513788,0.6058010434709269
32,148,0.55964,0.656675965305407
33,148,0.567016,0.6666075355046052
34,148,0.537176,0.6088674440423536
35,148,0.485784,0.6033527733001794
36,148,0.552932,0.6319252578027668
37,148,0.5628,0.62945807973678
38,148,0.569048,0.6435624305953417
39,148,0.551912,0.6396996761687791
40,148,0.55722,0.6330156796968758
41,148,0.578468,0.6485077584189366
42,148,0.48366,0.6050402748163942
43,148,0.549192,0.633636793746365
44,148,0.530268,0.6054517740156969
45,148,0.52844,0.6035842061225078
46,148,0.548844,0.6411050624329574
47,148,0.581096,0.6542744161405419
48,148,0.493068,0.612987928451846
49,148,0.532368,0.6444838066257149
50,148,0.562372,0.632385612792494
1,149,0.459668,0.2202421281603252
2,149,0.455868,0.2624674154507454
3,149,0.46544,0.2880406557984475
4,149,0.419168,0.25140190888491437
5,149,0.485268,0.23100920688868035
6,149,0.468044,0.23404750747023353
7,149,0.44572,0.22562945715357494
8,149,0.483036,0.2398308743166818
9,149,0.46466,0.2669687580635948
10,149,0.472488,0.24815479251323252
11,149,0.486708,0.2685623522375259
12,149,0.390768,0.2378200615694968
13,149,0.419668,0.25253434747153175
14,149,0.469888,0.2253440150161476
15,149,0.470348,0.21023840421766787
16,149,0.471276,0.28131810847951483
17,149,0.496572,0.29189171207617154
18,149,0.474148,0.2433451071338834
19,149,0.476732,0.25398602578395274
20,149,0.472016,0.266224795763158
21,149,0.476724,0.23607054255926782
22,149,0.493092,0.24865208326193536
23,149,0.484696,0.2989995262908574
24,149,0.446952,0.24101350399320412
25,149,0.444036,0.23635383121985792
26,149,0.417448,0.2954732890404903
27,149,0.500532,0.2524085464374326
28,149,0.468336,0.2060483162504089
29,149,0.462252,0.19835324707484678
30,149,0.48666,0.282086034954997
31,149,0.470912,0.25509439529168787
32,149,0.49052,0.21036624378049484
33,149,0.503256,0.2588964479623209
34,149,0.464052,0.2785565542457278
35,149,0.45986,0.21897955466148175
36,149,0.49956,0.2849052793890888
37,149,0.492924,0.2839566686539733
38,149,0.481572,0.2549442957077468
39,149,0.477676,0.22055989064516685
40,149,0.483952,0.23001025658413368
41,149,0.405504,0.28833643832269495
42,149,0.429864,0.23312055699457135
43,149,0.437836,0.26561018966632566
44,149,0.433368,0.2578215741151971
45,149,0.4666,0.2801776548537844
46,149,0.473976,0.2616226053510447
47,149,0.490616,0.2719896519285042
48,149,0.469476,0.2281436916500195
49,149,0.436772,0.2579156107808688
50,149,0.470924,0.2740971910882722
1,150,0.81296,0.937330453584575
2,150,0.842076,0.9446890629665572
3,150,0.836972,0.9610126817364893
4,150,0.858444,0.9803252542232755
5,150,0.84772,0.9596943570939556
6,150,0.844344,0.9676252659807036
7,150,0.85966,0.9525388010951837
8,150,0.828072,0.9651265752825495
9,150,0.854712,0.9464333638102814
10,150,0.087948,0.7044304319155951
11,150,0.833272,0.9560238820553577
12,150,0.852524,0.9659583041325253
13,150,0.852256,0.9513302223024359
14,150,0.848116,0.9887162486368591
15,150,0.85534,0.9660034799179733
16,150,0.841572,0.9932582082209164
17,150,0.85602,0.9767278432492038
18,150,0.852848,0.9523892123399177
19,150,0.84994,0.980623032004036
20,150,0.851284,0.9835933984408256
21,150,0.841052,0.9873118652853994
22,150,0.094944,0.7778110670028878
23,150,0.857016,0.9666300649871242
24,150,0.854504,0.9816135370146254
25,150,0.839612,0.9428841607012007
26,150,0.840972,0.9757969656141996
27,150,0.091388,0.7711146293221437
28,150,0.810132,0.9569999308085326
29,150,0.83662,0.9483105279167191
30,150,0.863812,0.9845216506814479
31,150,0.089628,0.7060661317772915
32,150,0.854752,0.9526584348510095
33,150,0.819584,0.9414269250213845
34,150,0.86054,0.9833600496820964
35,150,0.842044,0.978278387056566
36,150,0.087584,0.7854942695039333
37,150,0.837332,0.9739550888957516
38,150,0.824144,0.9690610493820154
39,150,0.096392,0.7895130246290691
40,150,0.831136,0.9465479184088363
41,150,0.8122,0.9452399711929356
42,150,0.851832,0.9778792492295162
43,150,0.855384,0.9762802004986547
44,150,0.848588,0.956571291498975
45,150,0.084376,0.7183163818111916
46,150,0.854448,0.9598510734317581
47,150,0.854112,0.9609458418137276
48,150,0.863488,0.9763804820326091
49,150,0.092728,0.7672278423992893
50,150,0.84982,0.9625525514746832
1,151,0.686432,0.23724203468223456
2,151,0.786572,0.841690462654297
3,151,0.799304,0.8371134531561983
4,151,0.785096,0.8260260164671929
5,151,0.78168,0.8302546447947041
6,151,0.719144,0.17617680566197522
7,151,0.808492,0.8361687569128096
8,151,0.739092,0.1840164404710988
9,151,0.786744,0.8659387532744511
10,151,0.09632,0.8278267349467536
11,151,0.758396,0.2586231842992755
12,151,0.7937,0.8320765947692845
13,151,0.796108,0.8357888070573857
14,151,0.742344,0.2095010776350597
15,151,0.749808,0.21816724747137464
16,151,0.778568,0.8351401893390635
17,151,0.78164,0.8152309257889782
18,151,0.763276,0.24790003201033903
19,151,0.792728,0.8253705733859212
20,151,0.742268,0.25471619697106834
21,151,0.790336,0.844638361636214
22,151,0.803992,0.8436761734658332
23,151,0.802692,0.8191623064695743
24,151,0.09204,0.7791276013119941
25,151,0.778108,0.8443400988772483
26,151,0.749312,0.8280599549118207
27,151,0.797312,0.8440052069607162
28,151,0.741792,0.18062772507416602
29,151,0.729852,0.18395686502112135
30,151,0.767072,0.27445954442133774
31,151,0.72398,0.17444888268383668
32,151,0.729156,0.14397601142949856
33,151,0.737276,0.17785058937435644
34,151,0.088716,0.8002547666009204
35,151,0.09566,0.817987567987568
36,151,0.716148,0.2004028587107887
37,151,0.098216,0.853455199385432
38,151,0.736968,0.1636007943145353
39,151,0.8049,0.8514714660126935
40,151,0.721064,0.19146115539541447
41,151,0.751012,0.24214890999961106
42,151,0.800052,0.8145964306008736
43,151,0.803708,0.839887563633304
44,151,0.720892,0.20408349841933568
45,151,0.734416,0.1903150195554737
46,151,0.753508,0.23038491249953877
47,151,0.754612,0.23163959561981884
48,151,0.800924,0.853406680571813
49,151,0.799164,0.8428093059972053
50,151,0.8005,0.824209783992738
1,152,0.09092,0.8493384790181884
2,152,0.09042,0.7338724415204678
3,152,0.094092,0.7508529782989292
4,152,0.092904,0.8004631264963303
5,152,0.090132,0.7573129841600186
6,152,0.093504,0.8415337662220049
7,152,0.093244,0.8127187941716534
8,152,0.087972,0.7917955314703816
9,152,0.091788,0.7259734837891186
10,152,0.090688,0.7691839772212515
11,152,0.095092,0.7790967151386547
12,152,0.090808,0.81402846262865
13,152,0.088692,0.7828893727208379
14,152,0.092968,0.7888346799521585
15,152,0.089272,0.7482981845876066
16,152,0.08862,0.6924506022833976
17,152,0.086872,0.7195004313220553
18,152,0.08932,0.7337621389834783
19,152,0.090432,0.7103408182544874
20,152,0.093536,0.7282585719356601
21,152,0.09086,0.7479388851070268
22,152,0.094372,0.7217691797774405
23,152,0.088404,0.8203986250433187
24,152,0.08918,0.7372849465775376
25,152,0.090448,0.81337476320918
26,152,0.08826,0.8030455777897466
27,152,0.08746,0.8365743951302204
28,152,0.090224,0.7249465633764532
29,152,0.091512,0.8384593035321461
30,152,0.089828,0.8311933534743203
31,152,0.089004,0.7321130817038047
32,152,0.0886,0.7906884166146442
33,152,0.095284,0.7615488881562078
34,152,0.087244,0.7667010996185545
35,152,0.090004,0.7840235509408442
36,152,0.086788,0.7640855328322554
37,152,0.094448,0.8051836616778989
38,152,0.088284,0.7467480306799337
39,152,0.093792,0.7814659730152688
40,152,0.093732,0.7073660107889936
41,152,0.085168,0.7906337643759295
42,152,0.088076,0.7617927541019711
43,152,0.09344,0.773938521381122
44,152,0.090112,0.756084208005064
45,152,0.085424,0.6985950500263297
46,152,0.085156,0.7088318868861158
47,152,0.095336,0.7479575163398692
48,152,0.087208,0.7024267074642089
49,152,0.09546,0.6951661279848043
50,152,0.091424,0.7478463844730897
1,153,0.088524,0.7498162988320929
2,153,0.086952,0.775249745158002
3,153,0.091324,0.7395856621208734
4,153,0.087012,0.7044021227495771
5,153,0.084276,0.6413531746031745
6,153,0.089432,0.8302783625730994
7,153,0.08972,0.7421623700773091
8,153,0.088212,0.772670398126255
9,153,0.085932,0.7119292689363949
10,153,0.086312,0.7189077372175422
11,153,0.08828,0.719399914703595
12,153,0.088236,0.7728045805061352
13,153,0.083344,0.6829135068531433
14,153,0.088876,0.7106886447789654
15,153,0.087404,0.7190625145110157
16,153,0.084744,0.6892364390381088
17,153,0.085856,0.7151264745382845
18,153,0.089908,0.7446991234304666
19,153,0.083216,0.7338243124937952
20,153,0.08622,0.7773518541417639
21,153,0.084716,0.787713317017735
22,153,0.090928,0.7495582815891767
23,153,0.089168,0.7250165660202793
24,153,0.086512,0.7112150361836685
25,153,0.08974,0.7162296714238301
26,153,0.089648,0.7547185199493487
27,153,0.089156,0.7283360115161863
28,153,0.084472,0.7016823612928609
29,153,0.091656,0.6929453139011704
30,153,0.089772,0.7230151060895134
31,153,0.086032,0.6689556232570886
32,153,0.089188,0.8078601620208181
33,153,0.088296,0.7462647919417903
34,153,0.083972,0.7590289867086684
35,153,0.085244,0.74044327233011
36,153,0.081828,0.8390073227749137
37,153,0.087832,0.7331675723708944
38,153,0.086324,0.72065486437644
39,153,0.087,0.7248807403706125
40,153,0.090236,0.7017672399987188
41,153,0.083696,0.7325305306919694
42,153,0.087976,0.6923226788432268
43,153,0.087156,0.6901023472452044
44,153,0.089772,0.7585366588737767
45,153,0.08386,0.7002278981768146
46,153,0.085464,0.7047587529487636
47,153,0.086464,0.6779955949816863
48,153,0.086344,0.682812902276656
49,153,0.088064,0.6817725277407635
50,153,0.087708,0.7233448770153874
1,154,0.477116,0.2954154055151367
2,154,0.464812,0.25933070742206865
3,154,0.480284,0.2878653024506611
4,154,0.494044,0.2706470944180913
5,154,0.473012,0.2713067920587185
6,154,0.453724,0.24793937447974804
7,154,0.466744,0.30156889991989183
8,154,0.478308,0.2837683959904073
9,154,0.476756,0.24368598133704575
10,154,0.471936,0.3233225889533205
11,154,0.478068,0.27376786451562846
12,154,0.427844,0.22339681454819538
13,154,0.469708,0.20551290153680285
14,154,0.470084,0.2555294762797427
15,154,0.450692,0.22643529423658218
16,154,0.470276,0.2332481086222393
17,154,0.501756,0.2635846276717954
18,154,0.413452,0.28678958980143954
19,154,0.504412,0.28178363465858286
20,154,0.484796,0.282476217311509
21,154,0.471332,0.2419650015686548
22,154,0.452356,0.2267709254562413
23,154,0.454116,0.27004645180020886
24,154,0.46102,0.2896156647654226
25,154,0.47998,0.2344010975334001
26,154,0.452748,0.2397830378927827
27,154,0.442928,0.21087482490767856
28,154,0.480332,0.2167684200851109
29,154,0.461724,0.19118836807176862
30,154,0.498332,0.275839596140836
31,154,0.480968,0.2904372311839496
32,154,0.467956,0.20907349584109577
33,154,0.45256,0.25671273639650066
34,154,0.452032,0.24595032206517664
35,154,0.46966,0.23052398034054644
36,154,0.48944,0.2982997642392282
37,154,0.445928,0.2512865170553794
38,154,0.48824,0.25014478407758745
39,154,0.487476,0.23629230482773977
40,154,0.48402,0.2495055054979484
41,154,0.457344,0.23807462306921162
42,154,0.479268,0.24948273413725963
43,154,0.497452,0.30485028131428404
44,154,0.483752,0.24400025667351127
45,154,0.469744,0.2854719209706862
46,154,0.45886,0.20795684944674458
47,154,0.429944,0.2479441025325088
48,154,0.450072,0.19928133437634055
49,154,0.45248,0.23268528912095865
50,154,0.499524,0.2586998009198874
1,155,0.194824,0.7588623360303957
2,155,0.190368,0.7195588702479464
3,155,0.207436,0.7230673437926772
4,155,0.154668,0.8555259067194473
5,155,0.164684,0.8480962941744505
6,155,0.1939,0.7920256766428837
7,155,0.177264,0.8653489401114168
8,155,0.213268,0.8320682809554598
9,155,0.19124,0.7300291955397656
10,155,0.168588,0.9339956177489895
11,155,0.186792,0.7648911480505265
12,155,0.16386,0.8508931566712881
13,155,0.213152,0.7129278336596232
14,155,0.188272,0.6965229931100786
15,155,0.16386,0.8588249625632858
16,155,0.135392,0.9373988944647517
17,155,0.210468,0.7176729445027134
18,155,0.170428,0.8514419632280108
19,155,0.195256,0.8396709105207099
20,155,0.202812,0.8230604747280503
21,155,0.185776,0.7744324175453001
22,155,0.188288,0.7859269449520564
23,155,0.196748,0.7570548691637994
24,155,0.140372,0.9492584957105806
25,155,0.212772,0.6676135407481203
26,155,0.11076,0.9332822053751408
27,155,0.150988,0.8577743243853212
28,155,0.198632,0.6976355627563161
29,155,0.208156,0.6093901743987233
30,155,0.193388,0.7102309216284773
31,155,0.214568,0.7435332793645738
32,155,0.190308,0.8458561037487833
33,155,0.160652,0.8120149719652665
34,155,0.153596,0.8464273164431135
35,155,0.21084,0.763812119950878
36,155,0.197368,0.7148100524303421
37,155,0.209512,0.7719248947402364
38,155,0.201708,0.6921154913936701
39,155,0.18522,0.7646129253967593
40,155,0.213736,0.7005748865355522
41,155,0.1937,0.7038326233133935
42,155,0.182208,0.6797357671854956
43,155,0.196432,0.733517673399973
44,155,0.224672,0.7609288914062098
45,155,0.117848,0.8214962770690668
46,155,0.189452,0.7534760269183931
47,155,0.184532,0.8447014005248017
48,155,0.178384,0.7824730542165412
49,155,0.159488,0.9355866817204367
50,155,0.21188,0.7899658195326085
1,156,0.088256,0.7178327969175924
2,156,0.086944,0.7542444108253488
3,156,0.088144,0.6619462472470716
4,156,0.08742,0.7585665649732503
5,156,0.08402,0.6484809765466475
6,156,0.08898,0.7589898041669927
7,156,0.089616,0.7583731128963404
8,156,0.086964,0.6986095592799504
9,156,0.088268,0.6895782938235768
10,156,0.086588,0.6511877232728027
11,156,0.089668,0.6923367939818963
12,156,0.084184,0.792344566072834
13,156,0.084556,0.7129571876570162
14,156,0.08874,0.6873125554835768
15,156,0.085716,0.6980189296682274
16,156,0.085704,0.7427525161953089
17,156,0.085964,0.7162932162932163
18,156,0.086392,0.7175096446916895
19,156,0.085892,0.6759357678977955
20,156,0.090052,0.686006758803558
21,156,0.087016,0.7742415403886244
22,156,0.089808,0.7067825903933879
23,156,0.0877,0.751874010513702
24,156,0.08398,0.6853306020257198
25,156,0.090024,0.7390059849076241
26,156,0.087384,0.8175574826654575
27,156,0.08806,0.7382657938620746
28,156,0.085844,0.7133606522388697
29,156,0.087436,0.8155496205858662
30,156,0.0908,0.7051420352391227
31,156,0.089588,0.6835314292472355
32,156,0.088048,0.7662454993556272
33,156,0.089376,0.7117510823042236
34,156,0.082616,0.7456524845250112
35,156,0.086136,0.7443972119590887
36,156,0.085156,0.71806123552959
37,156,0.088716,0.7359328852225278
38,156,0.084492,0.8164753986377034
39,156,0.088016,0.7561099506474511
40,156,0.089576,0.6831150202550401
41,156,0.084516,0.8051905498455652
42,156,0.083708,0.7233320485045035
43,156,0.087696,0.6925840390043623
44,156,0.089644,0.6901975273328248
45,156,0.082536,0.7362114907285736
46,156,0.083728,0.7132754825638131
47,156,0.090448,0.7182609546165883
48,156,0.084088,0.7197323004769057
49,156,0.090132,0.6510400811770675
50,156,0.09154,0.7529628930421832
1,157,0.091384,0.8123327045719932
2,157,0.092028,0.7696744637137425
3,157,0.091788,0.7280244114516038
4,157,0.09182,0.7523782057712242
5,157,0.088892,0.714746408677807
6,157,0.089244,0.785489113933094
7,157,0.09596,0.7240789738352752
8,157,0.093028,0.803978402955385
9,157,0.093672,0.6935205546393012
10,157,0.087192,0.7654018166302536
11,157,0.093404,0.7698924731182796
12,157,0.090072,0.8034368541232322
13,157,0.088204,0.7712465376424402
14,157,0.092804,0.7565079008929277
15,157,0.090676,0.7208398577673386
16,157,0.085728,0.7474051523082127
17,157,0.088964,0.7099838791055981
18,157,0.0926,0.82864694685755
19,157,0.08494,0.7046470234207932
20,157,0.095444,0.8144154394493792
21,157,0.088488,0.8455572853600876
22,157,0.094964,0.7297842949739666
23,157,0.091664,0.7783470475599027
24,157,0.088264,0.6816318384128696
25,157,0.092916,0.7479177709568597
26,157,0.089764,0.7778173895820955
27,157,0.091728,0.7773128777312879
28,157,0.088016,0.7603689475050717
29,157,0.091356,0.893861167336482
30,157,0.093952,0.8547180759442776
31,157,0.092052,0.7886777534494144
32,157,0.0893,0.8559251879445936
33,157,0.09466,0.7296534463905765
34,157,0.088084,0.7200582102446675
35,157,0.09222,0.8409846972721223
36,157,0.08864,0.8559410381361069
37,157,0.093184,0.7660633749194634
38,157,0.089312,0.7851637764932563
39,157,0.089652,0.8080948930721312
40,157,0.090908,0.7345761702761032
41,157,0.0902,0.7596461194561361
42,157,0.089692,0.7661237388556351
43,157,0.089748,0.6940636538354187
44,157,0.09164,0.7103891757506215
45,157,0.08746,0.7778907185290597
46,157,0.09152,0.7745777364869224
47,157,0.092888,0.7355419441608736
48,157,0.091256,0.8155338929506273
49,157,0.091,0.7144204949560925
50,157,0.090868,0.71703952138497
1,158,0.507836,0.6077186863625469
2,158,0.536852,0.6231438728046821
3,158,0.54146,0.610285370505576
4,158,0.564728,0.6408769578121625
5,158,0.56118,0.6426443689886052
6,158,0.550804,0.6335204962972977
7,158,0.551764,0.6218651419907578
8,158,0.584912,0.6538197078149476
9,158,0.558604,0.6465974946390775
10,158,0.534644,0.6222222222222221
11,158,0.518688,0.6003755422042986
12,158,0.556064,0.6142717582567305
13,158,0.566172,0.6298392158026035
14,158,0.563372,0.6386200688226686
15,158,0.493764,0.5970907454367196
16,158,0.482708,0.5804674441483519
17,158,0.540348,0.6136317708640704
18,158,0.534112,0.6431863530602113
19,158,0.54922,0.6322191905411552
20,158,0.559864,0.6151474374718218
21,158,0.556792,0.6225718510709946
22,158,0.541624,0.6101041413296735
23,158,0.533,0.6302168813226144
24,158,0.477972,0.5739844638868823
25,158,0.541584,0.642206309729803
26,158,0.546996,0.6293294203855915
27,158,0.094192,0.48877679840129523
28,158,0.519856,0.5968232179625453
29,158,0.553544,0.6513251854096459
30,158,0.479428,0.6181589920820353
31,158,0.550316,0.6292814214070921
32,158,0.553028,0.6431222011283985
33,158,0.543468,0.6393528644970283
34,158,0.51366,0.6019252694859039
35,158,0.56882,0.6383184044118637
36,158,0.51194,0.619292655474707
37,158,0.499836,0.6061289618991861
38,158,0.56792,0.6598112482436119
39,158,0.56082,0.6327175067008799
40,158,0.562068,0.6565483843162678
41,158,0.528664,0.6565728144938424
42,158,0.562592,0.6093220256988588
43,158,0.554636,0.6362599198328384
44,158,0.5474,0.6328653164972914
45,158,0.4743,0.562932182278916
46,158,0.508688,0.623430940861095
47,158,0.103488,0.39074135140319455
48,158,0.552136,0.6144289677325157
49,158,0.520244,0.6012942655745808
50,158,0.540496,0.6179135936350704
1,159,0.462312,0.5043300301211769
2,159,0.488416,0.5052582339737441
3,159,0.499992,0.5025988989047966
4,159,0.519832,0.5165900838386083
5,159,0.505276,0.5116837968395461
6,159,0.460908,0.4919663756080682
7,159,0.50044,0.5008652531300206
8,159,0.50928,0.5228516039940514
9,159,0.493188,0.5036924012824924
10,159,0.500444,0.5082226809476584
11,159,0.4642,0.5064520554101005
12,159,0.507176,0.5267626764688784
13,159,0.496324,0.5040374444813512
14,159,0.481612,0.5026857190437107
15,159,0.456476,0.5130732360110631
16,159,0.500896,0.5044338268546373
17,159,0.501976,0.493201624846975
18,159,0.439668,0.49831326874717385
19,159,0.103356,0.3565546324953394
20,159,0.488152,0.493911991591806
21,159,0.500924,0.4975361504111997
22,159,0.489468,0.5184200086658184
23,159,0.475568,0.49421448330872497
24,159,0.456068,0.4701456437166791
25,159,0.497752,0.5225481209899174
26,159,0.461276,0.4885404930696387
27,159,0.425692,0.47664694396272944
28,159,0.500928,0.5042583847784652
29,159,0.503492,0.5391365939364927
30,159,0.236052,0.3764384592788427
31,159,0.507032,0.5412550143102626
32,159,0.446812,0.500159608330278
33,159,0.113088,0.32694280893847055
34,159,0.457216,0.49313165593845826
35,159,0.505964,0.5201445032216566
36,159,0.503496,0.5288047014803968
37,159,0.468452,0.4883463147328221
38,159,0.489192,0.5216327553637805
39,159,0.508816,0.5298087210054198
40,159,0.496204,0.5109821745480116
41,159,0.506952,0.5321571533466651
42,159,0.5132,0.5052890733765513
43,159,0.495624,0.5113757012475927
44,159,0.497212,0.5197468959738167
45,159,0.434884,0.4651567513321743
46,159,0.398496,0.48541835489609825
47,159,0.49274,0.506082221186761
48,159,0.498336,0.5077430172654549
49,159,0.48082,0.5050941043723233
50,159,0.496932,0.5002236263111391
1,160,0.101512,0.7243510958944196
2,160,0.09562,0.7115255935242858
3,160,0.098284,0.6246577165577015
4,160,0.088968,0.6498194396928574
5,160,0.09016,0.6214443830550951
6,160,0.096448,0.6695662184233059
7,160,0.096676,0.7290821726266349
8,160,0.103684,0.7141093530574922
9,160,0.096328,0.6434084239329093
10,160,0.085888,0.6302997517734578
11,160,0.09256,0.6383868483369681
12,160,0.094976,0.6909155735705305
13,160,0.095088,0.6723573484498935
14,160,0.096076,0.6580876335247692
15,160,0.091216,0.6443884913272668
16,160,0.093084,0.6192802764787323
17,160,0.0915,0.6975356649069884
18,160,0.099836,0.7041162210028162
19,160,0.097892,0.66391501550003
20,160,0.098952,0.687971516965638
21,160,0.097348,0.6783847689901021
22,160,0.107212,0.7650043401359061
23,160,0.09198,0.6820113667283674
24,160,0.091224,0.6534468693776749
25,160,0.0994,0.7355092214045609
26,160,0.091888,0.6515714918105356
27,160,0.09764,0.6889806650860766
28,160,0.096924,0.7368975681077592
29,160,0.101896,0.7242389462753457
30,160,0.110016,0.7883590962274983
31,160,0.091292,0.6673526312996945
32,160,0.101508,0.7042665838411749
33,160,0.098716,0.6686854005167958
34,160,0.09166,0.7301459100717517
35,160,0.090944,0.6656038383286266
36,160,0.096164,0.6951468538764802
37,160,0.092032,0.6543168805053764
38,160,0.103816,0.7254130943939492
39,160,0.105,0.7783877198332825
40,160,0.108108,0.7607838498541124
41,160,0.095296,0.6860781142527839
42,160,0.099416,0.6811745120957744
43,160,0.111728,0.7360062273173
44,160,0.098444,0.6898457021150418
45,160,0.095016,0.6654425519703887
46,160,0.110724,0.8051445573540176
47,160,0.099204,0.6478863181948015
48,160,0.097132,0.6982412869824128
49,160,0.09472,0.677696350581094
50,160,0.108596,0.7153927856253721
1,161,0.090264,0.7963201258198844
2,161,0.098724,0.8215848302387491
3,161,0.089132,0.7292494259231324
4,161,0.092124,0.7722503494596161
5,161,0.09302,0.7254598652181212
6,161,0.093348,0.8172443666516384
7,161,0.095088,0.7375857828553294
8,161,0.097288,0.8600208513564473
9,161,0.100168,0.8500095950873152
10,161,0.0918,0.7231006587264085
11,161,0.09144,0.671872859295794
12,161,0.091584,0.8072636031001119
13,161,0.086176,0.6983572338071681
14,161,0.09172,0.7811762264248838
15,161,0.087532,0.7252351529821432
16,161,0.090096,0.7027936370279363
17,161,0.088064,0.7453093191218995
18,161,0.090812,0.7582360074031528
19,161,0.090324,0.7316207418465303
20,161,0.107832,0.8333917268119496
21,161,0.090128,0.8037453589039119
22,161,0.102444,0.8366020327610026
23,161,0.087452,0.7972357250682066
24,161,0.089164,0.6825583327399178
25,161,0.090236,0.7910684529760714
26,161,0.092888,0.7549613164426874
27,161,0.096808,0.7311956441876741
28,161,0.094064,0.8078056955787408
29,161,0.095332,0.7764247321838652
30,161,0.101076,0.8272453076196252
31,161,0.085872,0.7662080552150025
32,161,0.094508,0.8390236055816948
33,161,0.09644,0.7219918605544037
34,161,0.094436,0.8061707289697033
35,161,0.087408,0.7662678337214593
36,161,0.087488,0.7999564941706817
37,161,0.08894,0.7498763041841454
38,161,0.105796,0.8769716743043102
39,161,0.11032,0.9061506180125242
40,161,0.096964,0.7856077140285329
41,161,0.087956,0.7574700233493092
42,161,0.087452,0.7881567401557531
43,161,0.09332,0.7713308285212362
44,161,0.095788,0.6730851098667191
45,161,0.094044,0.8301572050070728
46,161,0.088496,0.7321255394205808
47,161,0.100868,0.7231430325352978
48,161,0.094768,0.7635843034942201
49,161,0.092608,0.6983144736177634
50,161,0.0961,0.7480906627248092
1,162,0.087156,0.7208476517754868
2,162,0.088332,0.6818722270101184
3,162,0.090684,0.7003642987249544
4,162,0.08716,0.7363860690841361
5,162,0.089772,0.6531400637169213
6,162,0.08818,0.7042530195246843
7,162,0.0914,0.7693605288395671
8,162,0.087688,0.7105530568049309
9,162,0.4158,0.3842993720729617
10,162,0.0891,0.6227779242078135
11,162,0.091804,0.6771225668090043
12,162,0.087228,0.7339249270195563
13,162,0.084812,0.6921545351989359
14,162,0.08984,0.6879212272858436
15,162,0.087204,0.6866713018870226
16,162,0.086444,0.6660672972033421
17,162,0.085592,0.7347933797174784
18,162,0.4607,0.3960561275156565
19,162,0.093904,0.7195155031902722
20,162,0.089532,0.6984299211142858
21,162,0.084536,0.7369627251649724
22,162,0.088872,0.7101352849855844
23,162,0.08818,0.7011586014902154
24,162,0.08774,0.654321418462815
25,162,0.087396,0.725118221405729
26,162,0.091932,0.6904443591919615
27,162,0.090976,0.7463764473265302
28,162,0.089156,0.7342899888319953
29,162,0.089684,0.7691794267765999
30,162,0.092136,0.6748981023336935
31,162,0.087172,0.7358439236718356
32,162,0.089132,0.7505671564836298
33,162,0.094984,0.7046503372381966
34,162,0.091892,0.7677335713678484
35,162,0.090096,0.7251553179376748
36,162,0.083332,0.7292341754848309
37,162,0.093392,0.6859393787670167
38,162,0.089648,0.7418670049688127
39,162,0.088648,0.7305584039092072
40,162,0.091484,0.713306739079935
41,162,0.089388,0.7041157968124261
42,162,0.086348,0.693833329190179
43,162,0.08528,0.6581474131537275
44,162,0.08918,0.6592226598791453
45,162,0.087956,0.6732298912074194
46,162,0.090424,0.6771311567503903
47,162,0.343284,0.4606176245231585
48,162,0.091496,0.7348834151112426
49,162,0.088456,0.7298213146408759
50,162,0.087728,0.6842181607194662
1,163,0.09028,0.7449805290041976
2,163,0.089208,0.7202465270011681
3,163,0.086332,0.6469851305467744
4,163,0.090068,0.7319696137653303
5,163,0.08856,0.6760888888888889
6,163,0.08532,0.7434904354252084
7,163,0.088252,0.7592585287168899
8,163,0.088944,0.7682687829013859
9,163,0.09056,0.7060109158134928
10,163,0.087488,0.6490988225025971
11,163,0.091536,0.6775843912152718
12,163,0.084552,0.7343412526997841
13,163,0.083876,0.7212232674861183
14,163,0.087148,0.7324634426504563
15,163,0.087236,0.7464305686624026
16,163,0.087256,0.713708339110086
17,163,0.08824,0.7579402598312147
18,163,0.091476,0.7642908181493391
19,163,0.082804,0.6514690111905171
20,163,0.089824,0.8133845661223184
21,163,0.08792,0.7181350972945328
22,163,0.090108,0.740056424595078
23,163,0.085152,0.696935956643681
24,163,0.088248,0.6545849288708415
25,163,0.086976,0.7585097495511829
26,163,0.088564,0.775663960981167
27,163,0.08816,0.787417161545744
28,163,0.086788,0.7442801760956699
29,163,0.089356,0.864774608167208
30,163,0.090148,0.8202853429947699
31,163,0.08678,0.6808795434356709
32,163,0.090592,0.7841021384244437
33,163,0.087844,0.7479821095593892
34,163,0.08608,0.6468488776181084
35,163,0.090008,0.7814003913480354
36,163,0.08456,0.8245355207380524
37,163,0.088772,0.7383491966283056
38,163,0.08492,0.7340322009907997
39,163,0.090312,0.7532839884294709
40,163,0.628484,0.18128322108142736
41,163,0.409748,0.255663621750717
42,163,0.085836,0.7330667016347583
43,163,0.088308,0.697007780502784
44,163,0.09138,0.7307904919845218
45,163,0.086264,0.7254937457435711
46,163,0.443736,0.28480100353282406
47,163,0.093672,0.7652126549331204
48,163,0.088488,0.8071571218389533
49,163,0.089328,0.7093451877977393
50,163,0.086124,0.7438704240514985
1,164,0.091356,0.70415982484948
2,164,0.090384,0.7090406075197916
3,164,0.085652,0.6109106712674168
4,164,0.093856,0.7133442648551573
5,164,0.087564,0.6548977068607553
6,164,0.096328,0.6995395772788308
7,164,0.09192,0.7476974695002948
8,164,0.091044,0.7278185265727192
9,164,0.089748,0.6668708583757127
10,164,0.090552,0.6637913329225714
11,164,0.092336,0.6695713603962108
12,164,0.089204,0.7058351853208619
13,164,0.087588,0.6561816213859104
14,164,0.091804,0.681642161660123
15,164,0.092396,0.6452164485627699
16,164,0.093744,0.700103842159917
17,164,0.08496,0.6531925952580864
18,164,0.09118,0.6188194021938298
19,164,0.095724,0.6772078927430247
20,164,0.097,0.7228813915542259
21,164,0.110804,0.8164916079727049
22,164,0.100728,0.7095237060693621
23,164,0.0899,0.7181328840185793
24,164,0.10592,0.726996184347031
25,164,0.099036,0.7595809693502759
26,164,0.091656,0.74468720821662
27,164,0.091764,0.7001269100353226
28,164,0.109932,0.7954996957767954
29,164,0.099772,0.7693025700155699
30,164,0.099424,0.7815446619181581
31,164,0.093416,0.7286587558432219
32,164,0.114556,0.9254071661237785
33,164,0.09622,0.7134809634809636
34,164,0.089324,0.7091276400367309
35,164,0.08642,0.7222222222222223
36,164,0.092816,0.7774884370066846
37,164,0.092496,0.6746978398522899
38,164,0.091812,0.7481656184486374
39,164,0.113012,0.9474898106169416
40,164,0.09994,0.6717250839007951
41,164,0.098432,0.7775851691344648
42,164,0.089228,0.7553820523444513
43,164,0.09276,0.6775570972959083
44,164,0.094424,0.6334637059466733
45,164,0.099184,0.7857349537037037
46,164,0.10296,0.7836019480845509
47,164,0.099464,0.6827464376549712
48,164,0.086856,0.7105796479897745
49,164,0.091004,0.7012795334166518
50,164,0.094332,0.6611651439237647
1,165,0.099972,0.9369452481793659
2,165,0.090304,0.8342429360393432
3,165,0.088776,0.6884421708256279
4,165,0.091768,0.8151647286821705
5,165,0.088072,0.719976345953019
6,165,0.095288,0.8415402525616074
7,165,0.095244,0.8024828726973529
8,165,0.09178,0.8505804937340207
9,165,0.093812,0.8115451696237722
10,165,0.092616,0.7608150798133853
11,165,0.093792,0.7942170742170742
12,165,0.087832,0.8124252280544341
13,165,0.084772,0.7219470649895179
14,165,0.094864,0.8342013888888888
15,165,0.091612,0.8169624766998945
16,165,0.09384,0.7932487824936074
17,165,0.089224,0.7194358598834155
18,165,0.090756,0.7756975658480446
19,165,0.087088,0.7692414827993657
20,165,0.096952,0.9334951897982541
21,165,0.097008,0.8869957289580302
22,165,0.090216,0.7757592439673364
23,165,0.087268,0.8118128704447922
24,165,0.0911,0.75337930452753
25,165,0.1076,0.8959646254768115
26,165,0.09396,0.9103708857579097
27,165,0.101132,0.8525647541122461
28,165,0.090636,0.8244766505636071
29,165,0.094176,0.9165175388823419
30,165,0.098688,0.8350099917764912
31,165,0.091016,0.7259561735888851
32,165,0.100672,0.8375865405154108
33,165,0.100436,0.8457138260125837
34,165,0.094412,0.8074722708698191
35,165,0.09264,0.8359344828369568
36,165,0.089948,0.8845497257274986
37,165,0.093996,0.827647278150634
38,165,0.103936,0.9373072232981853
39,165,0.09714,0.8022021645564331
40,165,0.091856,0.7551934007343694
41,165,0.085096,0.7076234948002189
42,165,0.087196,0.7654420273343431
43,165,0.096704,0.8081633860180572
44,165,0.090896,0.7255604647357224
45,165,0.091496,0.7969476423624896
46,165,0.086756,0.784314534995734
47,165,0.098508,0.7790106946502653
48,165,0.093344,0.7442200474858173
49,165,0.091832,0.7420289855072464
50,165,0.085456,0.7500627037873087
1,166,0.088632,0.7367174712497077
2,166,0.08704,0.7089378807863828
3,166,0.08738,0.6973042541468268
4,166,0.087296,0.7115358035860128
5,166,0.08634,0.6685811298945239
6,166,0.088144,0.6787946135187775
7,166,0.08686,0.7287651217258643
8,166,0.087864,0.7889503517038858
9,166,0.088128,0.6807517361735095
10,166,0.090684,0.7013530517329256
11,166,0.091196,0.7153887982599239
12,166,0.085792,0.7746208731961365
13,166,0.084076,0.6819988428546274
14,166,0.090468,0.679168074045603
15,166,0.087468,0.7536757274556848
16,166,0.086952,0.7014636496544392
17,166,0.084456,0.7243920347873496
18,166,0.117312,0.9958258996196182
19,166,0.086416,0.7269028532023102
20,166,0.09384,0.8253410683555983
21,166,0.087416,0.7355493568882691
22,166,0.08758,0.7071182696579759
23,166,0.08424,0.7717226763548289
24,166,0.087592,0.7080569271950389
25,166,0.089536,0.737667896927718
26,166,0.089088,0.7442541243140367
27,166,0.086936,0.7267131824781877
28,166,0.087004,0.7148239562896863
29,166,0.091236,0.8298930557274548
30,166,0.09362,0.8471283975889913
31,166,0.085624,0.7479121241712036
32,166,0.086956,0.7589012953402436
33,166,0.09096,0.7666778180944783
34,166,0.086524,0.7364986067572274
35,166,0.085584,0.791216824111561
36,166,0.08512,0.8139454007998609
37,166,0.088068,0.7180295080046529
38,166,0.087584,0.7590208233985057
39,166,0.09118,0.8562543616439389
40,166,0.092396,0.7898562030319577
41,166,0.092428,0.8719981468875273
42,166,0.08428,0.6967876618950238
43,166,0.084108,0.7245869930977836
44,166,0.09278,0.7110859042375118
45,166,0.08358,0.7438747721083332
46,166,0.084828,0.715672514619883
47,166,0.644992,0.15964649234398692
48,166,0.088348,0.7398617264924335
49,166,0.088552,0.7683232034322487
50,166,0.087852,0.7056912987962859
1,167,0.089188,0.8307635984736479
2,167,0.088824,0.8284674621308284
3,167,0.089916,0.6982721028016818
4,167,0.091664,0.8023500440688627
5,167,0.090444,0.7544479747519214
6,167,0.0912,0.887618574814685
7,167,0.090136,0.7497209170051743
8,167,0.088744,0.8127666268750636
9,167,0.096668,0.7922268322971047
10,167,0.09386,0.7618752351071262
11,167,0.095196,0.7444140883999968
12,167,0.089452,0.8316797826494285
13,167,0.086612,0.7620289348584843
14,167,0.091912,0.782904918769832
15,167,0.090264,0.7826272547647651
16,167,0.087768,0.8262206843521722
17,167,0.089144,0.8151565530617899
18,167,0.094848,0.8564096984204703
19,167,0.087208,0.6964601005049944
20,167,0.08968,0.7846140187330759
21,167,0.08742,0.7806021370834296
22,167,0.091664,0.7892149801158561
23,167,0.093316,0.8571784335699164
24,167,0.089132,0.7640017978155668
25,167,0.09176,0.8750041792641629
26,167,0.086476,0.7819776648627809
27,167,0.090208,0.8554998356978556
28,167,0.085208,0.731798037353593
29,167,0.097996,0.8495963121271933
30,167,0.09456,0.9367612293144209
31,167,0.089688,0.813774422857457
32,167,0.092212,0.808947956577267
33,167,0.098152,0.7607311344031897
34,167,0.084,0.7640347465318293
35,167,0.090692,0.841856272883509
36,167,0.086848,0.8658067741532308
37,167,0.090524,0.7999597423510466
38,167,0.09964,0.8925149968663264
39,167,0.090732,0.781147562478693
40,167,0.096428,0.8159029246512423
41,167,0.091324,0.8412519640150724
42,167,0.090984,0.7715431380157807
43,167,0.086456,0.7613710267002156
44,167,0.089356,0.7704247398813517
45,167,0.086248,0.839803993629793
46,167,0.088444,0.7809290712425421
47,167,0.102828,0.8458913458913458
48,167,0.092776,0.6900910029515508
49,167,0.092776,0.7453881503364517
50,167,0.090308,0.7998395021877914
1,168,0.08446,0.6299741057918793
2,168,0.085896,0.6197445147822931
3,168,0.08688,0.6288977471901392
4,168,0.084828,0.6536287107489012
5,168,0.08514,0.5924322220018656
6,168,0.087936,0.6239922126366318
7,168,0.086668,0.665149995223082
8,168,0.087656,0.671727455673442
9,168,0.088736,0.6171404810364827
10,168,0.085388,0.5552954071669146
11,168,0.087108,0.5948570543506843
12,168,0.085368,0.6869891843153876
13,168,0.086152,0.655365757216291
14,168,0.091668,0.6434325475218403
15,168,0.086612,0.6376094974642692
16,168,0.084212,0.6183002459896753
17,168,0.081944,0.6591550943333166
18,168,0.086484,0.6106233749856276
19,168,0.086116,0.5974992502870853
20,168,0.08642,0.6217586310869893
21,168,0.08722,0.6734389554524121
22,168,0.090648,0.68938341379175
23,168,0.084392,0.6039783682815136
24,168,0.081824,0.6360854407389821
25,168,0.086056,0.642734503661656
26,168,0.085436,0.6616737219146858
27,168,0.084936,0.6490106000039775
28,168,0.083208,0.6391323339063809
29,168,0.090196,0.7014947485595077
30,168,0.089824,0.6746406646683074
31,168,0.08676,0.6234459195038983
32,168,0.08904,0.6338937417956126
33,168,0.089828,0.6277518223626007
34,168,0.08202,0.615810329614924
35,168,0.088452,0.6594572409814421
36,168,0.082408,0.6876637027846706
37,168,0.086936,0.6778104468401757
38,168,0.084108,0.655654013054735
39,168,0.086268,0.6701320968871501
40,168,0.086388,0.6400627611020293
41,168,0.084676,0.6362234931394009
42,168,0.084916,0.627622925148763
43,168,0.088628,0.6226129765768152
44,168,0.088136,0.604232048423984
45,168,0.08626,0.6059534629395639
46,168,0.08526,0.6296618088861086
47,168,0.091532,0.5918132607018766
48,168,0.0849,0.6213916497944659
49,168,0.09046,0.6851917057902973
50,168,0.087016,0.6027433221762813
1,169,0.084892,0.7316734175204511
2,169,0.086944,0.6424598221852417
3,169,0.085476,0.6427518677924379
4,169,0.086104,0.67319261256447
5,169,0.087088,0.6530063914333735
6,169,0.083312,0.6423526952774863
7,169,0.086276,0.6787306934882736
8,169,0.086708,0.6452392029154067
9,169,0.084708,0.6471601578662592
10,169,0.08482,0.6116223585548739
11,169,0.089648,0.6713488267445603
12,169,0.082504,0.721556120732577
13,169,0.085492,0.7013651300506011
14,169,0.08768,0.6630095273971528
15,169,0.085236,0.6783157773414507
16,169,0.085596,0.672046552481335
17,169,0.085072,0.6688793535531351
18,169,0.086076,0.6577815890711164
19,169,0.083912,0.60320378946094
20,169,0.086712,0.665989548481662
21,169,0.083784,0.7100108458452572
22,169,0.086508,0.7104585591517669
23,169,0.085104,0.6704626160213554
24,169,0.082428,0.6572907085622426
25,169,0.087804,0.7067658589697413
26,169,0.08484,0.7155638703754228
27,169,0.084388,0.697667880646604
28,169,0.082252,0.6671713157463129
29,169,0.092796,0.7418246585863042
30,169,0.087056,0.7690959583704063
31,169,0.083548,0.67055873657423
32,169,0.090796,0.7298417638147929
33,169,0.086964,0.690843887044551
34,169,0.080188,0.7109252197208896
35,169,0.085992,0.6766788408841984
36,169,0.083088,0.7131418947219907
37,169,0.08826,0.668874042128664
38,169,0.08156,0.7234842799903584
39,169,0.086736,0.7683859483088848
40,169,0.087508,0.6483223599202355
41,169,0.081576,0.7020143623548591
42,169,0.083456,0.7036024661468842
43,169,0.08612,0.6026773051604799
44,169,0.087444,0.6594020708993218
45,169,0.081272,0.6497486851740896
46,169,0.086268,0.6559337372012978
47,169,0.092668,0.6489860049360033
48,169,0.085188,0.672212413973485
49,169,0.088124,0.686997858603423
50,169,0.08466,0.6404335235029078
1,170,0.085096,0.6401159802409847
2,170,0.086312,0.6159349483922414
3,170,0.08842,0.6440216050437073
4,170,0.0862,0.608685809293712
5,170,0.085804,0.6324501908404296
6,170,0.086976,0.6472858753909293
7,170,0.091808,0.7037431509686276
8,170,0.087764,0.7312184343434343
9,170,0.088916,0.6265606218151516
10,170,0.085732,0.611244050494497
11,170,0.088232,0.6328851112310367
12,170,0.086424,0.6496903255591941
13,170,0.08556,0.6377598058093804
14,170,0.08918,0.664798960580961
15,170,0.086428,0.6827677146228052
16,170,0.083256,0.6228875488317602
17,170,0.084408,0.672825288324211
18,170,0.089044,0.657808788028815
19,170,0.084956,0.6239295533637115
20,170,0.087948,0.652803835730665
21,170,0.084324,0.6868675398087162
22,170,0.089792,0.6940250030885231
23,170,0.085088,0.6368758082601749
24,170,0.084952,0.5729044771526011
25,170,0.088408,0.6859318027006451
26,170,0.088452,0.661800458270224
27,170,0.085652,0.6710989345509893
28,170,0.085036,0.6562233050592552
29,170,0.089692,0.6802423386859596
30,170,0.088736,0.6482508386390087
31,170,0.0838,0.6482219805887801
32,170,0.088472,0.6668151691364973
33,170,0.090184,0.6532378057278895
34,170,0.082988,0.6542913828016758
35,170,0.085228,0.6987946209855894
36,170,0.08216,0.7121353818748608
37,170,0.088312,0.6412231082032759
38,170,0.085256,0.6585696631197138
39,170,0.0894,0.6438799370934627
40,170,0.089268,0.6141261175383105
41,170,0.083568,0.7060679548358497
42,170,0.085384,0.63239289446186
43,170,0.08634,0.6129990569589348
44,170,0.088728,0.6131990929705216
45,170,0.085924,0.6308667134890754
46,170,0.085928,0.5825726915238669
47,170,0.088208,0.6363889736317789
48,170,0.085644,0.6678956198330402
49,170,0.086576,0.6778656686796518
50,170,0.085656,0.6409433947538885
1,171,0.086496,0.6374090868881274
2,171,0.087716,0.6192469238597464
3,171,0.08934,0.5625023038540546
4,171,0.08712,0.5996780018710702
5,171,0.087892,0.5990010305687518
6,171,0.087888,0.5897724896417039
7,171,0.090616,0.662194913807817
8,171,0.088324,0.5823876326074818
9,171,0.086632,0.5757902526694154
10,171,0.090112,0.5331350568138489
11,171,0.092188,0.5702286866775722
12,171,0.087648,0.5795091612035637
13,171,0.08658,0.6114968878205841
14,171,0.091676,0.6160606637476997
15,171,0.090832,0.6049810966401424
16,171,0.08598,0.5351995509852266
17,171,0.087768,0.6213631845224848
18,171,0.088924,0.6398093415151345
19,171,0.087428,0.583180683939872
20,171,0.088572,0.5540635712163844
21,171,0.084492,0.6099088233509314
22,171,0.090712,0.6236845989624397
23,171,0.08706,0.5558517792146327
24,171,0.088432,0.5502308374963853
25,171,0.091892,0.5813264209140871
26,171,0.089848,0.6166623466390184
27,171,0.09006,0.644349748533891
28,171,0.088388,0.6024549430756039
29,171,0.092156,0.6133174019222505
30,171,0.089796,0.6372637263726373
31,171,0.087996,0.5904771016711315
32,171,0.089256,0.6833772460775238
33,171,0.091864,0.596340449126698
34,171,0.083448,0.5907932021921659
35,171,0.088368,0.623330378250591
36,171,0.08504,0.6059692990345985
37,171,0.08924,0.5926077798455807
38,171,0.084888,0.6632448693311278
39,171,0.089552,0.623090180988715
40,171,0.0894,0.5796844628519229
41,171,0.084568,0.602302082747502
42,171,0.08616,0.5987959484103443
43,171,0.086472,0.5665266545462144
44,171,0.092992,0.5060214311627866
45,171,0.084152,0.5655477290677188
46,171,0.088344,0.5642191237225483
47,171,0.087256,0.5424135600893443
48,171,0.086712,0.5724140347189377
49,171,0.090268,0.6662571286408696
50,171,0.084344,0.5734326021635698
1,172,0.085172,0.7069065608059077
2,172,0.083516,0.7039972238488732
3,172,0.086856,0.6782305588877984
4,172,0.08728,0.7670279745295843
5,172,0.084576,0.6281378924550731
6,172,0.08636,0.7216436524467074
7,172,0.08864,0.7352072512475811
8,172,0.085032,0.7038712535568846
9,172,0.08984,0.6857383886405387
10,172,0.086256,0.6498459077328439
11,172,0.088036,0.6803802399875332
12,172,0.083268,0.6960935110146014
13,172,0.084808,0.670327780234901
14,172,0.089416,0.7338070579934738
15,172,0.085072,0.7635033561340261
16,172,0.082124,0.7088170039048634
17,172,0.082624,0.6878677308027866
18,172,0.08428,0.6876303119905985
19,172,0.08392,0.698927498927499
20,172,0.0867,0.7137547411551294
21,172,0.086292,0.7276198869060734
22,172,0.085884,0.7266507992248364
23,172,0.084164,0.7268085257014412
24,172,0.082644,0.6470907237512742
25,172,0.0854,0.7863247863247863
26,172,0.083948,0.7421230231329025
27,172,0.089108,0.6955297260544029
28,172,0.084096,0.7156614713734537
29,172,0.089056,0.7456579183662999
30,172,0.086264,0.7669475998534262
31,172,0.08514,0.7400505636199642
32,172,0.088068,0.6786797559118828
33,172,0.089756,0.7205482047037216
34,172,0.08344,0.7133622298635539
35,172,0.087796,0.7370610814849163
36,172,0.08536,0.7078941084160612
37,172,0.088508,0.7049617663691574
38,172,0.082612,0.7460021027003099
39,172,0.086404,0.7735956385612349
40,172,0.086732,0.673907534122588
41,172,0.086784,0.7435668483137461
42,172,0.086376,0.7449104539408195
43,172,0.086044,0.6368634359871885
44,172,0.088964,0.6376936831788357
45,172,0.083232,0.6858554521429392
46,172,0.087028,0.6540374733798331
47,172,0.089604,0.6916770196228339
48,172,0.083924,0.6539765889946395
49,172,0.088192,0.6706774145253686
50,172,0.084436,0.661178794863352
1,173,0.086548,0.7986946243190461
2,173,0.088372,0.7010718166147915
3,173,0.089124,0.690248405505203
4,173,0.089696,0.7326577028563783
5,173,0.087812,0.6224405312185578
6,173,0.086076,0.7832779163203103
7,173,0.092352,0.7157637545861886
8,173,0.0871,0.7724352471765741
9,173,0.09338,0.6659159159159158
10,173,0.091332,0.6200128081972462
11,173,0.095948,0.719693821003048
12,173,0.086336,0.7402951450523538
13,173,0.089396,0.6979903297693465
14,173,0.08948,0.7603681050640417
15,173,0.089028,0.7486308542782585
16,173,0.087924,0.679344872778417
17,173,0.088296,0.7439731422299697
18,173,0.089688,0.716024789729969
19,173,0.091004,0.7178559138478978
20,173,0.089004,0.6859015688802923
21,173,0.086176,0.8066702640273399
22,173,0.0919,0.7206233131005965
23,173,0.091016,0.7049124149253255
24,173,0.084132,0.6808238261982755
25,173,0.092116,0.7573178805172167
26,173,0.0901,0.6844879281655207
27,173,0.092232,0.6949999223107879
28,173,0.08702,0.7138168427793788
29,173,0.09318,0.8028483992467043
30,173,0.089604,0.7540930138744051
31,173,0.089144,0.7289823750167538
32,173,0.09102,0.8039202544993118
33,173,0.091484,0.7243286901746867
34,173,0.081812,0.7454514150636103
35,173,0.088992,0.8118509299592063
36,173,0.088372,0.7597892357826133
37,173,0.092136,0.7116198957824847
38,173,0.087012,0.6923534674513473
39,173,0.088768,0.7994793447585701
40,173,0.091412,0.7208146260567083
41,173,0.084876,0.7615241907477472
42,173,0.087692,0.7114846639067118
43,173,0.088172,0.6837181536637058
44,173,0.092844,0.697634533488192
45,173,0.082704,0.762473475672732
46,173,0.08828,0.6303637755006812
47,173,0.088764,0.6742164183506153
48,173,0.08976,0.7227796358231141
49,173,0.091468,0.6845672353866793
50,173,0.088856,0.6716783737010673
1,174,0.091448,0.6482471776589424
2,174,0.091768,0.6526039354934162
3,174,0.091484,0.6142385447830883
4,174,0.090916,0.6851404215566065
5,174,0.087808,0.6089098807545409
6,174,0.087516,0.7066120164116876
7,174,0.093148,0.6836941723456621
8,174,0.091692,0.6828140092435454
9,174,0.09286,0.6261538787262872
10,174,0.08882,0.6982564850252111
11,174,0.092416,0.6333147169595166
12,174,0.087936,0.681276432141484
13,174,0.085952,0.6592337659233766
14,174,0.094276,0.7395403488087647
15,174,0.091628,0.6666893031362829
16,174,0.086752,0.5794575700326194
17,174,0.09108,0.5769498081165201
18,174,0.086888,0.6642315502252681
19,174,0.088536,0.5911765431707051
20,174,0.09144,0.6339754245298393
21,174,0.090084,0.6705694969899615
22,174,0.09212,0.6744131402020753
23,174,0.091668,0.6449011608514131
24,174,0.091332,0.6181214269745458
25,174,0.09428,0.655891817623025
26,174,0.089856,0.6492720591830363
27,174,0.091256,0.6473834696455881
28,174,0.092788,0.5615776720926936
29,174,0.095188,0.7420725974791657
30,174,0.092504,0.6705687942463335
31,174,0.090084,0.6220659569619429
32,174,0.09206,0.700276161936659
33,174,0.09368,0.6204666854090525
34,174,0.089512,0.7081757015124519
35,174,0.09238,0.6979339389834731
36,174,0.092,0.6522223328502577
37,174,0.091116,0.698262112311288
38,174,0.089972,0.6699771966987302
39,174,0.090748,0.6065366920078589
40,174,0.093748,0.5829483534707415
41,174,0.087244,0.7015192912733896
42,174,0.086012,0.6567160626078676
43,174,0.091496,0.6190810615250377
44,174,0.093492,0.6081466436894798
45,174,0.086968,0.6531605424321959
46,174,0.090112,0.6394969587252931
47,174,0.089748,0.6443943101293764
48,174,0.08928,0.6107517608164439
49,174,0.091328,0.6304765204336465
50,174,0.092932,0.5909194684501387
1,175,0.091364,0.641624190760758
2,175,0.094664,0.6157093182368819
3,175,0.095864,0.5554443053817272
4,175,0.091068,0.6751779581342697
5,175,0.089396,0.5773341958537411
6,175,0.094612,0.6230437091756851
7,175,0.097588,0.6029404591174721
8,175,0.090444,0.6425135264251353
9,175,0.093128,0.605699233716475
10,175,0.09314,0.6490416702939555
11,175,0.094508,0.5684114658230275
12,175,0.08926,0.6487554057275173
13,175,0.09052,0.5643507878233127
14,175,0.09762,0.7039647021278176
15,175,0.093864,0.651861967312611
16,175,0.089012,0.6517355516704185
17,175,0.090904,0.5803212851405622
18,175,0.092936,0.6122838698964236
19,175,0.093156,0.5665644985030425
20,175,0.093696,0.5657852911428984
21,175,0.088092,0.6491940742786562
22,175,0.096352,0.6051328304903876
23,175,0.089172,0.7021161898045128
24,175,0.09208,0.5809491360103151
25,175,0.099272,0.6637007898598234
26,175,0.094584,0.6158318303547029
27,175,0.092364,0.5935702853732638
28,175,0.094376,0.5911121693436643
29,175,0.100576,0.6466034501232186
30,175,0.094788,0.6669366283248149
31,175,0.090316,0.642879405151495
32,175,0.092076,0.7073713238199086
33,175,0.097352,0.5884979494844965
34,175,0.0886,0.6238902162050556
35,175,0.095356,0.5844915850459896
36,175,0.092716,0.6470911066769888
37,175,0.097232,0.6866833685239278
38,175,0.0909,0.698558607775838
39,175,0.096992,0.6437844400859252
40,175,0.095592,0.6392656786402077
41,175,0.090588,0.6782029834100098
42,175,0.088532,0.6152278229923281
43,175,0.090876,0.522913391442401
44,175,0.097472,0.5756209371359862
45,175,0.088572,0.5940350579227084
46,175,0.092876,0.6370200913634346
47,175,0.093784,0.6108596356171414
48,175,0.0937,0.6007651424596663
49,175,0.090668,0.6471854230786387
50,175,0.090632,0.558768264480185
1,176,0.097868,0.7783068975406028
2,176,0.10622,0.7486357079389747
3,176,0.091188,0.6655915566003808
4,176,0.089424,0.7201832777633171
5,176,0.093512,0.6783661278460684
6,176,0.0939,0.7782955722260109
7,176,0.096048,0.7377293866264454
8,176,0.101048,0.7636118805786396
9,176,0.098472,0.6693473107257464
10,176,0.09246,0.6863428321718531
11,176,0.098216,0.679525158852825
12,176,0.093016,0.7092515502873226
13,176,0.090112,0.7204872646733111
14,176,0.096664,0.7368484664179249
15,176,0.096004,0.6811318332691497
16,176,0.089456,0.6566724648295644
17,176,0.093008,0.714540476134113
18,176,0.116232,0.6923062744230627
19,176,0.102428,0.715001093295767
20,176,0.102028,0.7658701507076958
21,176,0.095892,0.7584209889977028
22,176,0.111196,0.6845554983112943
23,176,0.096004,0.7325092755321226
24,176,0.095812,0.6937071134705703
25,176,0.10066,0.7480265079527652
26,176,0.094204,0.7283470959820987
27,176,0.098596,0.7145957092024358
28,176,0.095716,0.7429165130010984
29,176,0.108416,0.7649636189942609
30,176,0.09456,0.7397689234423929
31,176,0.0974,0.6890860627304926
32,176,0.107392,0.7146254946587111
33,176,0.10074,0.7028837175895999
34,176,0.096256,0.6873757986675663
35,176,0.095184,0.7097802922282016
36,176,0.09936,0.7478100507146149
37,176,0.0922,0.7341090861680499
38,176,0.09516,0.7184446459151808
39,176,0.098556,0.7525061338941466
40,176,0.095092,0.7296669613910993
41,176,0.089228,0.6957395417626184
42,176,0.095524,0.7245901766828419
43,176,0.101104,0.6768186871993099
44,176,0.106052,0.7130162085245857
45,176,0.11458,0.7725847087253844
46,176,0.10318,0.7053672226970109
47,176,0.099632,0.6911047412512838
48,176,0.09496,0.781168825745237
49,176,0.098336,0.6961126616683996
50,176,0.096208,0.7256839346391585
1,177,0.0931,0.8063110410370954
2,177,0.094644,0.8393588816582309
3,177,0.089232,0.7012113708639818
4,177,0.09142,0.7006164070022572
5,177,0.096636,0.726899225702514
6,177,0.091908,0.760451305912748
7,177,0.096664,0.8066315594038518
8,177,0.090044,0.7899416047356647
9,177,0.100636,0.8381776486519346
10,177,0.095308,0.7051615850177002
11,177,0.0955,0.7950985601862396
12,177,0.08928,0.8498395067043624
13,177,0.090332,0.7227022104071283
14,177,0.096324,0.7959970367022011
15,177,0.088024,0.7756554910810229
16,177,0.09398,0.7389865804729397
17,177,0.08718,0.7269324925340613
18,177,0.089752,0.7754509814251408
19,177,0.090644,0.7287139639361407
20,177,0.09816,0.7644106699014116
21,177,0.085924,0.7889182180882017
22,177,0.095804,0.7568359807533571
23,177,0.092168,0.8061659589525831
24,177,0.10034,0.74749376293051
25,177,0.09464,0.8164773940051315
26,177,0.098416,0.8106286708541981
27,177,0.100772,0.8658161418747738
28,177,0.093492,0.8540771941416143
29,177,0.099132,0.8706660152209412
30,177,0.100736,0.8452554251741583
31,177,0.10294,0.8339515013526251
32,177,0.106412,0.8924348544100326
33,177,0.095036,0.7994745090023337
34,177,0.087716,0.780420376468675
35,177,0.089724,0.7431753648762447
36,177,0.0858,0.7377550885802102
37,177,0.093664,0.8086060923452911
38,177,0.092208,0.8332946408656188
39,177,0.106848,0.842616395315624
40,177,0.096644,0.7919688021728838
41,177,0.087556,0.7552995918654563
42,177,0.097152,0.8088191971988654
43,177,0.093644,0.757958604532218
44,177,0.098848,0.7512261886760264
45,177,0.093008,0.7721892991608841
46,177,0.092992,0.776589832032957
47,177,0.096988,0.7494134301814325
48,177,0.08774,0.7795779699787496
49,177,0.098456,0.7107801671044626
50,177,0.103564,0.8224024998497687
1,178,0.09344,0.7604006035583412
2,178,0.093708,0.7677859063340211
3,178,0.089916,0.6424843832064993
4,178,0.088572,0.755440761467451
5,178,0.08906,0.6625164079993823
6,178,0.0876,0.7331123189802501
7,178,0.093288,0.7959714605508235
8,178,0.089684,0.7172713613635804
9,178,0.0903,0.6659973226238286
10,178,0.089212,0.6635945056175004
11,178,0.094412,0.7522974560323209
12,178,0.088228,0.7994321517686775
13,178,0.084536,0.6945768153880693
14,178,0.092,0.7401417109770491
15,178,0.092192,0.7441974575607263
16,178,0.086852,0.654725514171056
17,178,0.084124,0.7213052751940541
18,178,0.644288,0.9007557339665668
19,178,0.087868,0.7379863339045435
20,178,0.094588,0.7824086319457565
21,178,0.088288,0.6955845505971598
22,178,0.088032,0.7556185675278304
23,178,0.088872,0.7419508969518568
24,178,0.084316,0.7340095688664369
25,178,0.093876,0.6887866394001364
26,178,0.099068,0.644348869367171
27,178,0.090008,0.751827989978013
28,178,0.103892,0.7619602526322079
29,178,0.094088,0.7951497249513046
30,178,0.093504,0.7600874577618765
31,178,0.087992,0.7295339515608547
32,178,0.093676,0.7780266693665077
33,178,0.090868,0.6764157556988453
34,178,0.085868,0.733082526074779
35,178,0.089132,0.8058093069614756
36,178,0.086304,0.820294025949109
37,178,0.088704,0.7189843408821511
38,178,0.09178,0.7408810169197827
39,178,0.089636,0.7632158494819439
40,178,0.095544,0.7340221019235985
41,178,0.088328,0.7739389890892897
42,178,0.088332,0.7192017178857305
43,178,0.089888,0.6706868293286329
44,178,0.088636,0.7025409414702211
45,178,0.084232,0.6661089376081625
46,178,0.087648,0.6959012636679107
47,178,0.093088,0.6763821211574325
48,178,0.090132,0.7271389539906337
49,178,0.088784,0.7148172955272755
50,178,0.089712,0.6716614702095646
1,179,0.088324,0.7735797819535148
2,179,0.091188,0.7293622703960412
3,179,0.087344,0.7288319592431606
4,179,0.088604,0.7347989171482642
5,179,0.097468,0.7458559002133597
6,179,0.087352,0.7755671949508484
7,179,0.08914,0.7425567686054183
8,179,0.090692,0.744376946844592
9,179,0.088136,0.6617676289358916
10,179,0.088124,0.6967137642188977
11,179,0.095624,0.7112769999350206
12,179,0.085076,0.7981702364157155
13,179,0.084352,0.7394172425228326
14,179,0.089404,0.7679151208470436
15,179,0.090996,0.6932520880968658
16,179,0.08452,0.6559137182775922
17,179,0.087408,0.678140162049578
18,179,0.501912,0.4976301988913517
19,179,0.085956,0.6931179308050566
20,179,0.0895,0.7259007099273448
21,179,0.6309,0.3776218232585588
22,179,0.088472,0.7003501648913837
23,179,0.086268,0.7386190019655998
24,179,0.085608,0.6587173123268947
25,179,0.085352,0.839229600597792
26,179,0.092864,0.7884200601857233
27,179,0.0879,0.7294902200800756
28,179,0.091768,0.7895641401451703
29,179,0.091756,0.7247364329786717
30,179,0.08842,0.7597816475367497
31,179,0.089392,0.7123532759333636
32,179,0.09044,0.7724371499283574
33,179,0.091296,0.7387864871015123
34,179,0.0853,0.7249338961417999
35,179,0.084852,0.7584166803301088
36,179,0.094556,0.8263492315284828
37,179,0.08788,0.7472261290826692
38,179,0.087792,0.7434286801986537
39,179,0.090976,0.7869737852363716
40,179,0.090268,0.6843418321388008
41,179,0.094108,0.7483226788432268
42,179,0.083032,0.7300770397986429
43,179,0.085816,0.6759605742656589
44,179,0.088388,0.712543279823733
45,179,0.082216,0.7340369152046783
46,179,0.088316,0.7128244040584975
47,179,0.09176,0.7656661400737229
48,179,0.08868,0.7406311763375039
49,179,0.092532,0.7439249265898684
50,179,0.08964,0.7226873038905632
1,180,0.086564,0.6688009546233562
2,180,0.096024,0.7596179422077137
3,180,0.09144,0.6692801086342205
4,180,0.091616,0.7257175333901676
5,180,0.084992,0.6555495419648406
6,180,0.09334,0.8145136409713958
7,180,0.088968,0.818155653041803
8,180,0.11446,0.8119534050179211
9,180,0.092192,0.6653079557576779
10,180,0.088096,0.6482586092626432
11,180,0.100492,0.6944488978669888
12,180,0.089324,0.7134282678350913
13,180,0.090556,0.7132944094453144
14,180,0.093488,0.7547109234150798
15,180,0.090504,0.7090875403787751
16,180,0.095864,0.7163298500820943
17,180,0.087448,0.7113870077752695
18,180,0.110548,0.7509019265358744
19,180,0.087928,0.6998831703867675
20,180,0.099376,0.6823733986301855
21,180,0.103656,0.787619554075821
22,180,0.094596,0.7240409177055009
23,180,0.091284,0.7063477849020708
24,180,0.0926,0.6985276116532018
25,180,0.09748,0.7182518074840426
26,180,0.092048,0.6925769411362958
27,180,0.100036,0.7788255482013934
28,180,0.091744,0.7007539556121908
29,180,0.093524,0.7875014412544679
30,180,0.103268,0.827347631164425
31,180,0.088776,0.7168996335538642
32,180,0.095784,0.6845692344612432
33,180,0.10088,0.7154760213984757
34,180,0.094872,0.7841442393588243
35,180,0.092588,0.7511672378681766
36,180,0.090132,0.7668207832238068
37,180,0.0976,0.7116566256032132
38,180,0.102868,0.7473813444904378
39,180,0.098276,0.7339685160343503
40,180,0.104604,0.7534705002883666
41,180,0.093584,0.746482085619214
42,180,0.089332,0.7513000720832046
43,180,0.097504,0.6962283384301733
44,180,0.09638,0.6658211431048627
45,180,0.091464,0.691937283915931
46,180,0.098316,0.6901864047003252
47,180,0.11644,0.8010277621106724
48,180,0.089116,0.7340389211334927
49,180,0.092828,0.7602187679907887
50,180,0.093404,0.703363949928303
1,181,0.091968,0.8683138090166844
2,181,0.099096,0.905925713060653
3,181,0.08764,0.6972268339174814
4,181,0.097772,0.8182098530741221
5,181,0.093856,0.7944502334915673
6,181,0.096616,0.8473809523809525
7,181,0.09068,0.7944934908143473
8,181,0.10098,0.8536168008424199
9,181,0.093696,0.773013596369828
10,181,0.098396,0.8097169191352016
11,181,0.098196,0.8186695956267596
12,181,0.090924,0.8463867827389311
13,181,0.09088,0.7929875757173808
14,181,0.099072,0.8772368537731665
15,181,0.087044,0.8431094545543132
16,181,0.087572,0.7970106741883745
17,181,0.087324,0.7648619247608093
18,181,0.100224,0.8288296174029752
19,181,0.091392,0.7967804886663664
20,181,0.093652,0.853697064600761
21,181,0.091968,0.8903262337209809
22,181,0.094928,0.8574628828485658
23,181,0.086156,0.7973624643243775
24,181,0.090368,0.8039152153368435
25,181,0.095312,0.939320911459864
26,181,0.102464,0.923586146230247
27,181,0.092852,0.8253123024997646
28,181,0.097448,0.870238335011749
29,181,0.09668,0.925293845794682
30,181,0.135908,0.9299919900127727
31,181,0.103516,0.8845030927129953
32,181,0.093716,0.8030843001578135
33,181,0.10748,0.8815739782933517
34,181,0.096824,0.8669486084735186
35,181,0.09846,0.8938699038727617
36,181,0.093204,0.9480252525252525
37,181,0.09676,0.8903793252555362
38,181,0.106004,0.8941616299555758
39,181,0.115672,0.9660389560659309
40,181,0.099704,0.8009936898256571
41,181,0.089856,0.8486427981429263
42,181,0.085092,0.7476060406266679
43,181,0.088712,0.7571502520803698
44,181,0.096172,0.7888364858345396
45,181,0.090872,0.8152089704383282
46,181,0.100484,0.8379255341476725
47,181,0.102656,0.83786093444428
48,181,0.098032,0.8364608035192632
49,181,0.091596,0.7777562128544195
50,181,0.096596,0.8228693963146315
1,182,0.089888,0.7536955080922755
2,182,0.089124,0.7235395725375122
3,182,0.08928,0.6687903529512251
4,182,0.088696,0.7205906255079205
5,182,0.791776,0.7944908575994448
6,182,0.756836,0.7775192571960093
7,182,0.086916,0.8208240407159604
8,182,0.09086,0.7540574282147317
9,182,0.0883,0.7103453693711572
10,182,0.087168,0.704518801307483
11,182,0.089668,0.699366491116012
12,182,0.084584,0.7830493185053631
13,182,0.086948,0.7276047896490078
14,182,0.78056,0.8162916132317735
15,182,0.087324,0.7333170016804411
16,182,0.091328,0.78153100320588
17,182,0.086444,0.7263947019411289
18,182,0.0896,0.6813043409902048
19,182,0.090708,0.7348877696947087
20,182,0.090096,0.7872974086926462
21,182,0.08704,0.7271015237116932
22,182,0.08886,0.7342406907078318
23,182,0.08718,0.7299725148681271
24,182,0.0836,0.7125017514361777
25,182,0.086648,0.7438103507248665
26,182,0.087212,0.6978755684184055
27,182,0.086244,0.7403282918032354
28,182,0.087664,0.7429475771707174
29,182,0.095516,0.7276608865003258
30,182,0.090592,0.8095018721009535
31,182,0.087912,0.7021057911311741
32,182,0.091828,0.7818793976799266
33,182,0.091104,0.7790284128659085
34,182,0.086804,0.7261511289444466
35,182,0.086936,0.7574151037226484
36,182,0.084308,0.758222772163791
37,182,0.089176,0.7214069067386966
38,182,0.084992,0.759744251813599
39,182,0.094836,0.7887636374371108
40,182,0.09394,0.7944219523166892
41,182,0.087232,0.8100293323946968
42,182,0.084268,0.7247814413628006
43,182,0.088056,0.745064993431515
44,182,0.090152,0.6863272358442722
45,182,0.088564,0.6913897950142966
46,182,0.813584,0.799424111765857
47,182,0.091716,0.727029035834826
48,182,0.08946,0.721942861399784
49,182,0.089068,0.7119769013089532
50,182,0.085032,0.7065042735042735
1,183,0.092608,0.863833092367223
2,183,0.087928,0.8263275856350187
3,183,0.096648,0.7719706475965384
4,183,0.090076,0.8615058283783718
5,183,0.092688,0.7551966502168386
6,183,0.089912,0.8482162756841601
7,183,0.086612,0.7587318166195762
8,183,0.094364,0.8108444930783526
9,183,0.098236,0.7703403281251247
10,183,0.093364,0.7593345349824933
11,183,0.095396,0.8071823700794477
12,183,0.089716,0.8369803628712198
13,183,0.08856,0.7643683463605169
14,183,0.097212,0.7846868984723757
15,183,0.092728,0.7960658474863687
16,183,0.088444,0.7919315680802306
17,183,0.087368,0.7833563117972798
18,183,0.102424,0.8489218822902087
19,183,0.08676,0.6983078536983826
20,183,0.10084,0.8516170642497687
21,183,0.092272,0.7963633184718945
22,183,0.095028,0.8974217467594952
23,183,0.090692,0.843501326259947
24,183,0.090584,0.7621391877359177
25,183,0.094124,0.8382554667957718
26,183,0.090408,0.8582661405615601
27,183,0.089636,0.7625000541456041
28,183,0.089932,0.7836990456985682
29,183,0.1034,0.8592342342342343
30,183,0.0905,0.8573004798660749
31,183,0.08928,0.7920207170025088
32,183,0.101216,0.8694360484641814
33,183,0.096264,0.8021402550091076
34,183,0.092716,0.8824165356955757
35,183,0.088564,0.8595170945791261
36,183,0.089004,0.8990123680971692
37,183,0.09484,0.834565340707651
38,183,0.675504,0.1611276012087182
39,183,0.092432,0.8066378066378066
40,183,0.639932,0.1726878264931976
41,183,0.08782,0.8112516162761929
42,183,0.087728,0.7901792644950367
43,183,0.626964,0.21512000104519144
44,183,0.092952,0.7440445523907656
45,183,0.09144,0.8168369302933947
46,183,0.09344,0.8334142002264273
47,183,0.679212,0.17838128934699832
48,183,0.090288,0.7390263601705732
49,183,0.095376,0.8190597557063968
50,183,0.092136,0.7786447603351188
1,184,0.083276,0.7436679987591468
2,184,0.082948,0.7291238969926166
3,184,0.088556,0.6543350735861886
4,184,0.086996,0.7108465608465608
5,184,0.086796,0.6491103092021004
6,184,0.088904,0.6551969843240012
7,184,0.088536,0.7147535954296896
8,184,0.087192,0.719573695108164
9,184,0.088824,0.6906942689213857
10,184,0.085696,0.6960320151368639
11,184,0.086904,0.6409658758731037
12,184,0.08594,0.7283434485513097
13,184,0.086708,0.7161921481820727
14,184,0.091068,0.7378969437814904
15,184,0.085664,0.6945468529247026
16,184,0.087156,0.6323124106740061
17,184,0.084192,0.6927999728396949
18,184,0.085516,0.6744483230244759
19,184,0.084772,0.6580889469608983
20,184,0.086728,0.6644647938824503
21,184,0.087592,0.7370568337335709
22,184,0.089296,0.6626575624184026
23,184,0.084236,0.6589269172639071
24,184,0.083404,0.6692698911719084
25,184,0.08776,0.6944699426799665
26,184,0.087496,0.7206947983082144
27,184,0.084888,0.7003135275674849
28,184,0.085132,0.6594257992107455
29,184,0.090552,0.6902340216322517
30,184,0.086844,0.7535244922341696
31,184,0.086052,0.7363912525825541
32,184,0.08632,0.7011442336645588
33,184,0.088236,0.6843524495250002
34,184,0.083104,0.7365774930751062
35,184,0.08716,0.6856273436769982
36,184,0.08268,0.7467432155126698
37,184,0.085172,0.6781616296406124
38,184,0.082164,0.7487047114087717
39,184,0.08748,0.7048118854565653
40,184,0.087868,0.6569658119658119
41,184,0.086184,0.7293476187999515
42,184,0.084364,0.654581392065509
43,184,0.090204,0.6302347582468559
44,184,0.084528,0.6997245883747304
45,184,0.081512,0.6782443273766484
46,184,0.08506,0.6398512083436334
47,184,0.090468,0.6771299232875226
48,184,0.086824,0.6779684293861987
49,184,0.091052,0.6921282410184629
50,184,0.085684,0.7065155158593839
1,185,0.085268,0.7177958375998583
2,185,0.087536,0.6822185970636215
3,185,0.087172,0.6428936634797617
4,185,0.086608,0.6693380111900098
5,185,0.083216,0.6596928903709193
6,185,0.085036,0.6651047498498937
7,185,0.088012,0.7301429512096689
8,185,0.0841,0.6494792734347051
9,185,0.086344,0.6578127659237621
10,185,0.085328,0.6640060721307769
11,185,0.087784,0.5956616176254835
12,185,0.084772,0.7120778576206815
13,185,0.085076,0.6638570069431793
14,185,0.087336,0.6668963005194476
15,185,0.087952,0.6456605288820054
16,185,0.08202,0.656578892632805
17,185,0.083608,0.7265772505432654
18,185,0.087788,0.6465964670004027
19,185,0.084836,0.6594527604191897
20,185,0.08372,0.6589403973509934
21,185,0.083776,0.7101256061378399
22,185,0.08608,0.6922636602331977
23,185,0.085416,0.6264545147523872
24,185,0.083812,0.6463540034865318
25,185,0.085344,0.7284261518148352
26,185,0.085604,0.6888066581944132
27,185,0.086624,0.7448911024151152
28,185,0.082168,0.678479909799098
29,185,0.086432,0.6954585044170711
30,185,0.086436,0.7262522927484565
31,185,0.08356,0.690777492013529
32,185,0.084924,0.738536719847749
33,185,0.087652,0.6908578539013321
34,185,0.082936,0.7234230003801346
35,185,0.085628,0.6771280817602343
36,185,0.084088,0.7192072394695034
37,185,0.088148,0.6813871806859184
38,185,0.08276,0.7092370114851381
39,185,0.086396,0.7638382529008795
40,185,0.089528,0.6389559130175752
41,185,0.084056,0.6939304549924018
42,185,0.082708,0.6854448639254864
43,185,0.085552,0.6337001439383387
44,185,0.084512,0.6234181615908775
45,185,0.081644,0.6763806902701149
46,185,0.082504,0.69886336365818
47,185,0.08748,0.6849431967547935
48,185,0.083384,0.7119630784889205
49,185,0.086856,0.6932302727976161
50,185,0.085584,0.6781761841522798
1,186,0.08512,0.7464001719320869
2,186,0.085224,0.7081613644714467
3,186,0.087992,0.7227781989722853
4,186,0.084112,0.7230354238565592
5,186,0.083756,0.6545950250696833
6,186,0.086652,0.6539333866993141
7,186,0.088896,0.7202831502333953
8,186,0.087712,0.7519581217774629
9,186,0.087724,0.6907536055250864
10,186,0.087232,0.6309604827367179
11,186,0.088852,0.6405215488557281
12,186,0.0842,0.7280692428994134
13,186,0.083912,0.7245991908568596
14,186,0.085632,0.7097477845944103
15,186,0.086712,0.7217931805859727
16,186,0.08366,0.6421754006843148
17,186,0.082992,0.6533411935202584
18,186,0.088488,0.6718853848362218
19,186,0.081868,0.6834461310178535
20,186,0.083672,0.7485091732646594
21,186,0.082988,0.7178404631257436
22,186,0.090684,0.6779943535599644
23,186,0.0865,0.6360987295992998
24,186,0.084612,0.6337915194484551
25,186,0.086508,0.7741166732612028
26,186,0.088224,0.6984913555775796
27,186,0.085076,0.7267128863678143
28,186,0.082832,0.7488199548745208
29,186,0.0866,0.7781520121945654
30,186,0.08588,0.7121250852079073
31,186,0.083012,0.7435548966312495
32,186,0.086728,0.7270673332989708
33,186,0.089736,0.6624217486916611
34,186,0.081984,0.7469288269305016
35,186,0.087152,0.6786525542506403
36,186,0.082932,0.7295067935272281
37,186,0.086224,0.7035833217850679
38,186,0.08424,0.7200187677317793
39,186,0.089028,0.715671949810137
40,186,0.086256,0.6354872339361485
41,186,0.085412,0.7194217554777649
42,186,0.083824,0.6604647357224677
43,186,0.086112,0.687701504844362
44,186,0.086116,0.6896402092786829
45,186,0.085068,0.6549360036500733
46,186,0.083008,0.6346930218628332
47,186,0.088856,0.6359295130481571
48,186,0.08624,0.7513923893089394
49,186,0.087716,0.7324092950896044
50,186,0.086944,0.6828110161443495
1,187,0.084804,0.6987983513941417
2,187,0.087012,0.6612578705676276
3,187,0.08902,0.5950605531757364
4,187,0.086944,0.644004400440044
5,187,0.086188,0.6275081128022305
6,187,0.086956,0.6393376599466077
7,187,0.089904,0.6510713976209584
8,187,0.088608,0.6589379033846653
9,187,0.085428,0.60788296376096
10,187,0.086896,0.6192792328353637
11,187,0.08758,0.6619628243454245
12,187,0.086064,0.65046329070115
13,187,0.085532,0.6387749137880647
14,187,0.087056,0.6864263581988672
15,187,0.08592,0.663138249087858
16,187,0.08268,0.5968140892450776
17,187,0.087988,0.6517994427681244
18,187,0.087788,0.633384970845536
19,187,0.087464,0.6215900248336665
20,187,0.085668,0.6242617772284026
21,187,0.08408,0.6237511459158781
22,187,0.088308,0.6583904573796522
23,187,0.083752,0.6329278356214144
24,187,0.08644,0.5976226135945398
25,187,0.08714,0.6970277767473302
26,187,0.088064,0.6031838729911536
27,187,0.0873,0.7064883494418221
28,187,0.08472,0.70994641718785
29,187,0.0868,0.6960304176223834
30,187,0.088484,0.6392111194024226
31,187,0.086368,0.6233856062409997
32,187,0.08694,0.6860062835417661
33,187,0.086648,0.6747690223963624
34,187,0.082536,0.6667671969639851
35,187,0.08862,0.624984310511588
36,187,0.081836,0.7239841989015424
37,187,0.086812,0.6631940728055465
38,187,0.083904,0.7229578379524699
39,187,0.086848,0.7087975026119356
40,187,0.091944,0.5855398966173325
41,187,0.082936,0.6492115878254493
42,187,0.084348,0.640814434460134
43,187,0.087464,0.6092077714821159
44,187,0.086452,0.5991652699727233
45,187,0.083988,0.5838086307389634
46,187,0.084948,0.6324032256182239
47,187,0.086068,0.6363443375289001
48,187,0.084972,0.6512157388135282
49,187,0.0873,0.6675744890030604
50,187,0.083796,0.6336892586403733
1,188,0.085868,0.7257437150233034
2,188,0.083492,0.7145613572433193
3,188,0.085916,0.6796336519857485
4,188,0.085616,0.6826585903537508
5,188,0.086416,0.5870081934839901
6,188,0.08484,0.7345489502899495
7,188,0.08582,0.7709032773780975
8,188,0.0861,0.7481360247317694
9,188,0.086068,0.7185719304559437
10,188,0.088084,0.634226509467667
11,188,0.088712,0.6377155762643827
12,188,0.08628,0.7359671169755995
13,188,0.083316,0.7205518954770302
14,188,0.088672,0.723370349457306
15,188,0.08586,0.7455015475208626
16,188,0.08458,0.670213945238887
17,188,0.084008,0.6950767511590513
18,188,0.08572,0.6863435831917206
19,188,0.083632,0.6782274572972247
20,188,0.087588,0.7575072394779642
21,188,0.083512,0.7465129440975645
22,188,0.086116,0.7019175897952332
23,188,0.083436,0.7038209095171121
24,188,0.083852,0.6452663018421633
25,188,0.088448,0.6885995579666466
26,188,0.087336,0.764490428831141
27,188,0.086612,0.6674937072995325
28,188,0.08396,0.7329455078369345
29,188,0.086976,0.7485054138938305
30,188,0.086752,0.7108710757374771
31,188,0.085704,0.7554962339786802
32,188,0.087372,0.7710779034284688
33,188,0.089208,0.7110521271105212
34,188,0.080116,0.7626782615439802
35,188,0.08828,0.7478777185312038
36,188,0.084676,0.837448283072695
37,188,0.085452,0.7564571150097466
38,188,0.083896,0.6991964147736053
39,188,0.088776,0.7782853784296438
40,188,0.0892,0.6659736015766263
41,188,0.082836,0.7106093872620339
42,188,0.085104,0.626409687557774
43,188,0.088848,0.6779194739480342
44,188,0.087364,0.6672289337910663
45,188,0.082892,0.6949490234721087
46,188,0.085588,0.6817521193331769
47,188,0.090168,0.6930699741159589
48,188,0.08532,0.6931572045632602
49,188,0.090328,0.6785521402788949
50,188,0.085232,0.6737428429940124
1,189,0.086608,0.7717071226000526
2,189,0.089036,0.7113163782663136
3,189,0.086856,0.6424547400080977
4,189,0.088828,0.7840436776667025
5,189,0.086552,0.6898216694633633
6,189,0.087792,0.7144361694124728
7,189,0.092792,0.7692015786278081
8,189,0.086704,0.7759770820544301
9,189,0.092664,0.7643990929705216
10,189,0.089472,0.6436720844346961
11,189,0.090608,0.686269908320035
12,189,0.08648,0.8257118371513033
13,189,0.086052,0.7148823617243659
14,189,0.08892,0.7386595310907237
15,189,0.089036,0.7667481726875953
16,189,0.085068,0.6860327098716843
17,189,0.085032,0.7006347266771888
18,189,0.089604,0.7126064840350554
19,189,0.086288,0.6914783672726972
20,189,0.08874,0.7280536957883101
21,189,0.086608,0.7869022437891419
22,189,0.089976,0.732181983287929
23,189,0.0888,0.7020757020757021
24,189,0.084168,0.6732479301532868
25,189,0.091508,0.738072259341747
26,189,0.089276,0.7537652742256323
27,189,0.087152,0.7540757212758165
28,189,0.086384,0.7635395713237841
29,189,0.09538,0.7912882228277324
30,189,0.087972,0.7882141802403507
31,189,0.084964,0.7501036148052042
32,189,0.09086,0.7433823621612811
33,189,0.092832,0.696235998051903
34,189,0.081836,0.7270633327415661
35,189,0.087632,0.7448038756055634
36,189,0.08558,0.8153601139354397
37,189,0.091016,0.7598553960659225
38,189,0.087372,0.7856373904078969
39,189,0.091172,0.773092473340747
40,189,0.088732,0.7074497744977449
41,189,0.085252,0.720648177056232
42,189,0.084756,0.7298557090190683
43,189,0.088348,0.7248210666195679
44,189,0.090152,0.6563228305941462
45,189,0.083056,0.7363990929705215
46,189,0.08892,0.6853205311932741
47,189,0.091324,0.6899766081871346
48,189,0.089012,0.7342712541208153
49,189,0.09494,0.7033211710835839
50,189,0.090412,0.7066825862006585
1,190,0.089424,0.6484444897450706
2,190,0.088256,0.6284725713881346
3,190,0.092584,0.6161102034546799
4,190,0.088572,0.68474124125923
5,190,0.087728,0.606042770257014
6,190,0.090036,0.6496879154555083
7,190,0.092776,0.6723905610167138
8,190,0.088744,0.6435147392290249
9,190,0.093336,0.6552446429614059
10,190,0.088664,0.659344224307728
11,190,0.092008,0.6309367629452796
12,190,0.085592,0.6669413941612328
13,190,0.08674,0.5940921409214092
14,190,0.092156,0.6675491565649737
15,190,0.090856,0.7095110211913565
16,190,0.086264,0.5828649475837017
17,190,0.084856,0.6866476133172885
18,190,0.089164,0.6278089008224587
19,190,0.088484,0.6046167175361209
20,190,0.088892,0.622587591388146
21,190,0.087756,0.651931459840475
22,190,0.093032,0.6934134314188969
23,190,0.086072,0.6448879051556211
24,190,0.086956,0.563363773316924
25,190,0.090864,0.6507361572257437
26,190,0.09034,0.6698363301060397
27,190,0.09,0.6138067315333892
28,190,0.085884,0.6370334235416643
29,190,0.093856,0.6480696569996729
30,190,0.090536,0.7378761357005917
31,190,0.08732,0.6386484712491032
32,190,0.089176,0.7114243080152172
33,190,0.093124,0.5951013502126771
34,190,0.087316,0.6206689760494655
35,190,0.091916,0.673048048048048
36,190,0.086556,0.786474752502627
37,190,0.089804,0.645579148410291
38,190,0.086844,0.6801637631508612
39,190,0.090124,0.6548325929954976
40,190,0.090752,0.6546510058053192
41,190,0.083632,0.6493457158329494
42,190,0.085456,0.6582637088255064
43,190,0.09036,0.5711395004681223
44,190,0.08962,0.5891764428052482
45,190,0.08348,0.7053032377524807
46,190,0.08716,0.6360941560173438
47,190,0.090652,0.64806750338708
48,190,0.089888,0.575832917256816
49,190,0.0881,0.622273278872906
50,190,0.0899,0.5510088511797209
1,191,0.09108,0.6842918301681009
2,191,0.090924,0.5887134016809827
3,191,0.094144,0.5642791551882461
4,191,0.090708,0.6665371176876269
5,191,0.088584,0.5796992950277622
6,191,0.089596,0.6344783969109913
7,191,0.09182,0.6130213810024536
8,191,0.090168,0.611458366723296
9,191,0.093484,0.5874064332728927
10,191,0.092072,0.5867635515939188
11,191,0.092156,0.5482386685237124
12,191,0.086576,0.6315205581288957
13,191,0.08886,0.5982933276562528
14,191,0.092016,0.6412190717060391
15,191,0.08958,0.6163535632432823
16,191,0.086564,0.5808251978798085
17,191,0.087872,0.6338446350993402
18,191,0.092292,0.6733646130830954
19,191,0.0899,0.5601851851851852
20,191,0.09002,0.6533769655245298
21,191,0.089672,0.656812706242364
22,191,0.094436,0.6814563657251987
23,191,0.088252,0.5899024560734597
24,191,0.08954,0.6015600127347979
25,191,0.0906,0.6512584614233891
26,191,0.094056,0.6584267865194688
27,191,0.093484,0.6347559980993311
28,191,0.092384,0.6307860332144808
29,191,0.097976,0.6754656390494541
30,191,0.092724,0.6663573621918135
31,191,0.087612,0.6177740802366426
32,191,0.09066,0.6859419202575765
33,191,0.092448,0.5912958910770727
34,191,0.086056,0.6864421789722994
35,191,0.092332,0.6537585002080181
36,191,0.086724,0.6972480104727226
37,191,0.09216,0.6521313442504685
38,191,0.088444,0.679810336878587
39,191,0.09042,0.6785832120329937
40,191,0.09192,0.6168181866176734
41,191,0.08752,0.6788091026150161
42,191,0.08818,0.5675097908436373
43,191,0.090868,0.5672715448449316
44,191,0.09544,0.5528470367072327
45,191,0.084056,0.6172013693935158
46,191,0.089108,0.62231221146741
47,191,0.089212,0.6200149337995593
48,191,0.09184,0.6184030756521463
49,191,0.090672,0.6187961531856432
50,191,0.088856,0.6183887411104909
1,192,0.127832,0.9589350952774245
2,192,0.116488,0.9522012884799506
3,192,0.120036,0.9072823459764785
4,192,0.093688,0.777229934174484
5,192,0.130872,0.9608018725405614
6,192,0.13096,0.9746846637703268
7,192,0.118876,0.9685590189477424
8,192,0.103864,0.9042169564575132
9,192,0.10682,0.8307313097113478
10,192,0.096076,0.764184978681535
11,192,0.1538,0.9848612971778037
12,192,0.113,0.9171337749629952
13,192,0.106368,0.8224000873723545
14,192,0.10228,0.839587877586093
15,192,0.112264,0.860333283336987
16,192,0.105692,0.8219044256120527
17,192,0.106332,0.8498823094658537
18,192,0.113764,0.8769725464764375
19,192,0.109908,0.8156630389158721
20,192,0.146744,0.9632124217458644
21,192,0.117684,0.9839089871470398
22,192,0.115136,0.975036581428793
23,192,0.103196,0.9865187762241104
24,192,0.09262,0.8065364139552702
25,192,0.127236,0.9490475344028204
26,192,0.099636,0.9448024115679902
27,192,0.130384,0.9594346348400432
28,192,0.102408,0.9940337349397591
29,192,0.113432,0.9685355804292834
30,192,0.134136,0.9521637336909329
31,192,0.11174,0.8927700115395519
32,192,0.134652,0.985216461471982
33,192,0.151788,0.9508781422192372
34,192,0.11858,0.9983574517631405
35,192,0.104432,0.9469638635596082
36,192,0.114872,0.9618573178072524
37,192,0.114448,0.9007359730915978
38,192,0.122048,0.906328616789119
39,192,0.12662,0.9788479425878286
40,192,0.141084,0.991590070655912
41,192,0.084968,0.8439718437919957
42,192,0.132252,0.9341939789932202
43,192,0.11308,0.8915133746315475
44,192,0.142684,0.9133288659135874
45,192,0.11936,0.9512264587560967
46,192,0.113784,0.8769059775624327
47,192,0.140112,0.8934488131769385
48,192,0.09616,0.8669993942188586
49,192,0.124436,0.9532085713959879
50,192,0.120368,0.9378657773749628
1,193,0.55114,0.6366231918139444
2,193,0.53666,0.599264024567813
3,193,0.543576,0.5926200196208741
4,193,0.483892,0.5704499557418529
5,193,0.588108,0.6292806705386018
6,193,0.528304,0.5779403188912888
7,193,0.36836,0.5672882524060459
8,193,0.555076,0.6172777296625813
9,193,0.53178,0.61060021521565
10,193,0.516528,0.5904072917138243
11,193,0.575436,0.6355489812748337
12,193,0.524716,0.5994201935617051
13,193,0.509716,0.5916934003744251
14,193,0.4859,0.5701462496650652
15,193,0.564604,0.6234344002049208
16,193,0.557848,0.626900213437759
17,193,0.09308,0.5028082641527133
18,193,0.561456,0.6162539498291095
19,193,0.540716,0.6110452236966757
20,193,0.54198,0.5867124231478812
21,193,0.535272,0.609122691190313
22,193,0.548604,0.6057446772677038
23,193,0.515024,0.6241248957869371
24,193,0.506024,0.5747032344687134
25,193,0.54118,0.6089644650238615
26,193,0.54408,0.600223595872541
27,193,0.56992,0.633948580469317
28,193,0.581916,0.6411032000868662
29,193,0.513304,0.6224569774251368
30,193,0.573116,0.6386834893671951
31,193,0.537984,0.6016090703332369
32,193,0.565588,0.6362263765343031
33,193,0.576308,0.6403074765596931
34,193,0.549096,0.6094230144524868
35,193,0.526908,0.6116628502171596
36,193,0.559088,0.6382361613724702
37,193,0.563468,0.6385762242410158
38,193,0.573208,0.638395936667335
39,193,0.550124,0.6186666619499748
40,193,0.568088,0.6370385588584935
41,193,0.514168,0.6033882079739615
42,193,0.534576,0.5812336418042238
43,193,0.535452,0.5944224544784279
44,193,0.548832,0.6133354218329164
45,193,0.530896,0.5822107995412353
46,193,0.56982,0.635727583684007
47,193,0.579008,0.6287104142034684
48,193,0.502068,0.603808464210132
49,193,0.559412,0.6161762717505487
50,193,0.546268,0.6122195563041313
1,194,0.83014,0.8788324522287753
2,194,0.818808,0.8814537496915931
3,194,0.820084,0.8583879728706905
4,194,0.78784,0.9078938297995226
5,194,0.729612,0.4020310150429768
6,194,0.100916,0.9077895794910456
7,194,0.74826,0.4274709658633464
8,194,0.845956,0.9136157195536081
9,194,0.69022,0.8610231170725994
10,194,0.822004,0.8792166223813868
11,194,0.83776,0.8969793882936056
12,194,0.748072,0.44438777927684164
13,194,0.744164,0.444238253708613
14,194,0.74008,0.41910781748578174
15,194,0.837192,0.9038470638338144
16,194,0.738768,0.4434816531337921
17,194,0.723004,0.40738206260565846
18,194,0.837444,0.8918786019272499
19,194,0.787032,0.8512112972405306
20,194,0.79762,0.9221642521336413
21,194,0.731852,0.39693680212540655
22,194,0.09316,0.8078078078078078
23,194,0.737016,0.4162538328559351
24,194,0.743052,0.4152088242692433
25,194,0.73948,0.4198725771670562
26,194,0.730804,0.3945960117924588
27,194,0.09262,0.8562197991951095
28,194,0.845648,0.9089339910599331
29,194,0.733628,0.3937888049513522
30,194,0.092132,0.831242215130604
31,194,0.72234,0.3895658972650488
32,194,0.806732,0.8978024840957285
33,194,0.825344,0.9128807065201274
34,194,0.83574,0.9161909371251854
35,194,0.799812,0.9110870550971789
36,194,0.810144,0.91263207695947
37,194,0.81756,0.9254731742996061
38,194,0.833644,0.889113902398161
39,194,0.8163,0.9183346153707689
40,194,0.738396,0.4170588205656589
41,194,0.797644,0.8649463581829575
42,194,0.818952,0.9332610570702957
43,194,0.734808,0.40336249161083365
44,194,0.837488,0.8988826414559106
45,194,0.838328,0.923865832513951
46,194,0.81302,0.8885146315724353
47,194,0.84626,0.9191643870663019
48,194,0.734588,0.4089369488806676
49,194,0.835792,0.8826608368455904
50,194,0.095708,0.7667506440987509
1,195,0.089888,0.7226055914191256
2,195,0.093896,0.8266110955760617
3,195,0.836412,0.9385887806595471
4,195,0.09004,0.7042027358228596
5,195,0.850396,0.984310262657138
6,195,0.091324,0.7711781805378436
7,195,0.853728,0.9596624267413142
8,195,0.856528,0.9681565048476732
9,195,0.847132,0.9532942421548808
10,195,0.853524,0.9590381994762303
11,195,0.841772,0.9661321074076477
12,195,0.845988,0.9852167851243425
13,195,0.854156,0.9741423752270565
14,195,0.817112,0.9601258309877467
15,195,0.856988,0.9797615761507142
16,195,0.847812,0.9723121586722939
17,195,0.854272,0.980987724412011
18,195,0.851968,0.949045915651666
19,195,0.85514,0.987763730115701
20,195,0.849916,0.9892445034136556
21,195,0.093188,0.7881439164876074
22,195,0.204208,0.8009617959845373
23,195,0.857424,0.9648509419148672
24,195,0.089296,0.733087951058001
25,195,0.099584,0.7023507415273466
26,195,0.847716,0.9662507445841301
27,195,0.852844,0.9789449415914108
28,195,0.091348,0.7212927525666727
29,195,0.853872,0.9534062290429632
30,195,0.805976,0.9379428640321793
31,195,0.852496,0.9949693107194508
32,195,0.859652,0.9620202674553286
33,195,0.857016,0.9676261017498194
34,195,0.089348,0.7209928972333979
35,195,0.08896,0.7473772699589113
36,195,0.8435,0.9586138179765928
37,195,0.840416,0.9601813365670829
38,195,0.856284,0.9650877848337691
39,195,0.83486,0.9790660501092592
40,195,0.854324,0.9556778238921614
41,195,0.820084,0.9511636965041167
42,195,0.089784,0.7075183064460572
43,195,0.818204,0.9676286995170383
44,195,0.8344,0.9736265500599718
45,195,0.085868,0.7223969455769106
46,195,0.845592,0.9865673408852187
47,195,0.864004,0.9790171261179715
48,195,0.856284,0.9719131913513401
49,195,0.849628,0.9632664288527021
50,195,0.845948,0.9565752367313063
1,196,0.154688,0.9223678625504445
2,196,0.105376,0.9255644752260525
3,196,0.138892,0.9938989723837004
4,196,0.13122,0.9891169504905831
5,196,0.165764,0.8515569512517243
6,196,0.143036,0.8498921996041652
7,196,0.115252,0.9175572216271966
8,196,0.1502,0.9121397681610944
9,196,0.119544,0.950294578415472
10,196,0.107964,0.8514780472341099
11,196,0.166792,0.8338326622236586
12,196,0.121672,0.889808976000578
13,196,0.09242,0.7488658122521227
14,196,0.127972,0.9516631976712929
15,196,0.115956,0.9239515517945911
16,196,0.103832,0.8723699830769619
17,196,0.106072,0.7999725142582286
18,196,0.118088,0.9658231901328242
19,196,0.118512,0.8757323089335213
20,196,0.15794,0.8637304277294778
21,196,0.118976,0.9648600357355569
22,196,0.143628,0.8985358781327852
23,196,0.11028,0.9499264504652435
24,196,0.094136,0.8003881723623
25,196,0.127496,0.9652770004515996
26,196,0.110372,0.9869429300365669
27,196,0.136156,0.9255500676784839
28,196,0.150224,0.8314453863531328
29,196,0.108056,0.945857352774952
30,196,0.149968,0.8814686588921283
31,196,0.106744,0.8001403828277655
32,196,0.157816,0.8174428606537233
33,196,0.170256,0.8420334454270886
34,196,0.143728,0.8687843102682432
35,196,0.106896,0.9297052154195012
36,196,0.13616,0.9077940278127133
37,196,0.135464,0.9820819702554884
38,196,0.131276,0.9361929573411177
39,196,0.113572,0.9341325937924376
40,196,0.172496,0.8306437541159849
41,196,0.112216,0.9631005046497046
42,196,0.137752,0.9817424050097318
43,196,0.117128,0.9292498638053958
44,196,0.162128,0.9538913985992784
45,196,0.147848,0.948501704647407
46,196,0.138792,0.9385343291182212
47,196,0.13812,0.9582602112797219
48,196,0.122836,0.993969296042878
49,196,0.159252,0.8961030591859969
50,196,0.130152,0.9018969151178388
1,197,0.495776,0.6003901562059222
2,197,0.494512,0.6713755767022433
3,197,0.453672,0.729769402913151
4,197,0.484624,0.6443677024542259
5,197,0.49076,0.6901799304382081
6,197,0.481104,0.6202272154992372
7,197,0.09852,0.7257331400440941
8,197,0.503624,0.6529645443505604
9,197,0.500724,0.6040616877950459
10,197,0.484144,0.6819046377550113
11,197,0.512084,0.646152729884122
12,197,0.092252,0.6762369702762985
13,197,0.424136,0.7060789888844188
14,197,0.453856,0.6086666966373895
15,197,0.438172,0.646350187208913
16,197,0.494616,0.6269027263159413
17,197,0.491756,0.6585193397173459
18,197,0.476856,0.7559421695511169
19,197,0.090556,0.6248054119848158
20,197,0.507912,0.6662766404362279
21,197,0.444408,0.5730006478261656
22,197,0.496428,0.6307164214279761
23,197,0.467068,0.6724886944463193
24,197,0.472916,0.7225130890052356
25,197,0.456724,0.5930814015602164
26,197,0.4759,0.6808972307358485
27,197,0.439344,0.6624244912321857
28,197,0.47908,0.6197082962729391
29,197,0.47648,0.5312097154186041
30,197,0.486276,0.6515770046174639
31,197,0.455008,0.6546263852331216
32,197,0.506136,0.5843134981269485
33,197,0.51954,0.61936933230197
34,197,0.471164,0.6429974833995331
35,197,0.437316,0.5842120471913445
36,197,0.477132,0.5886846268203462
37,197,0.460808,0.5844686480579133
38,197,0.480212,0.5839079168342124
39,197,0.49804,0.513922823090812
40,197,0.504624,0.6753001684408663
41,197,0.498124,0.5687302924402655
42,197,0.432148,0.6669608770193362
43,197,0.091148,0.7031174317317389
44,197,0.497036,0.6087919914155551
45,197,0.473708,0.7366010663727188
46,197,0.437584,0.5617309595208062
47,197,0.507484,0.6891373585033744
48,197,0.490908,0.6266071561724385
49,197,0.487028,0.6818283557913379
50,197,0.500948,0.6361410968117
1,198,0.096372,0.7692235863457728
2,198,0.737908,0.40870195419639693
3,198,0.094476,0.6711822116233882
4,198,0.090052,0.6996130777325634
5,198,0.090364,0.6640398633604783
6,198,0.727764,0.43166449710276816
7,198,0.733096,0.3726700427620509
8,198,0.734716,0.4159961824645254
9,198,0.728576,0.40996864547961703
10,198,0.092696,0.731059183615785
11,198,0.732816,0.4238346838722788
12,198,0.711368,0.41485087751976896
13,198,0.740288,0.43747344087300916
14,198,0.0931,0.7148585826324568
15,198,0.739464,0.417447201113429
16,198,0.719604,0.4121718944378203
17,198,0.721784,0.42457823183643567
18,198,0.73836,0.3959828969594595
19,198,0.729536,0.43270346925405995
20,198,0.732588,0.3532603898445716
21,198,0.09172,0.738998257516776
22,198,0.735264,0.4125230190935993
23,198,0.73138,0.4269737013795048
24,198,0.731736,0.3764698139975776
25,198,0.091344,0.8177101692923706
26,198,0.731348,0.4061452631057472
27,198,0.089976,0.7703152211772901
28,198,0.739476,0.4210424659413059
29,198,0.722996,0.3727215052517492
30,198,0.7335,0.4096843879076604
31,198,0.716152,0.3904757957935402
32,198,0.732436,0.419498306858683
33,198,0.741804,0.4329153843207266
34,198,0.088208,0.761855121421251
35,198,0.7276,0.3786640628083224
36,198,0.08818,0.7194280140819718
37,198,0.72666,0.38598270513966204
38,198,0.732292,0.3810536903835569
39,198,0.730928,0.4101507590722147
40,198,0.095836,0.7585440613026819
41,198,0.704176,0.3991504911964311
42,198,0.724856,0.3863723564259185
43,198,0.689868,0.39999878881837125
44,198,0.734004,0.4387764044258848
45,198,0.730588,0.44291102244751934
46,198,0.708632,0.3324674936151366
47,198,0.745672,0.45832597330847835
48,198,0.736192,0.3923812019918953
49,198,0.732212,0.4133892610632278
50,198,0.719516,0.42571159269061254
1,199,0.828056,0.896394407826399
2,199,0.734,0.36643371626262694
3,199,0.096568,0.7783590826844825
4,199,0.096752,0.8082351450652477
5,199,0.091508,0.758340089861829
6,199,0.090352,0.825955887436908
7,199,0.838796,0.8684118332964408
8,199,0.74962,0.43345414275646826
9,199,0.8343,0.8721496701117314
10,199,0.74056,0.4596287514216561
11,199,0.713184,0.39676714756696724
12,199,0.839496,0.9300066239788034
13,199,0.845176,0.9118286494631976
14,199,0.824712,0.8878017184214017
15,199,0.738096,0.42059573760014524
16,199,0.683408,0.4215811821796859
17,199,0.817816,0.9335300352275938
18,199,0.74782,0.45563175414310303
19,199,0.818036,0.9384317713442345
20,199,0.74738,0.40326675315379795
21,199,0.715768,0.4065336860331396
22,199,0.832728,0.8907397609950601
23,199,0.83996,0.9053213500996111
24,199,0.820584,0.8757779700745995
25,199,0.823872,0.8875303884626372
26,199,0.101236,0.8468736725673021
27,199,0.837708,0.9055302162814584
28,199,0.810272,0.8509084228588033
29,199,0.825692,0.8831378705601204
30,199,0.739624,0.42192622061346313
31,199,0.8215,0.9059005323519955
32,199,0.739072,0.3863155867996345
33,199,0.805952,0.8930877922518776
34,199,0.090476,0.8572509061848902
35,199,0.7473,0.8855857438968068
36,199,0.582312,0.7145467532135857
37,199,0.808316,0.9179456634888167
38,199,0.093392,0.7782348683959928
39,199,0.726464,0.3711673559246887
40,199,0.72554,0.402234186405329
41,199,0.827432,0.8885223959080262
42,199,0.828424,0.9069844901314527
43,199,0.815304,0.9035825859115186
44,199,0.727136,0.3938447031923561
45,199,0.821372,0.929053471214443
46,199,0.088444,0.7431891748018786
47,199,0.749208,0.4412477425955266
48,199,0.838708,0.8877642982146661
49,199,0.0919,0.7602762817433226
50,199,0.81802,0.8999747195090683
1,200,0.08868,0.8037570438841433
2,200,0.089,0.77056585829767
3,200,0.089072,0.7756362606633395
4,200,0.0867,0.7616842500872459
5,200,0.089604,0.7804709784411277
6,200,0.091536,0.8198518277441024
7,200,0.092036,0.8610453871143409
8,200,0.087084,0.8586007057344637
9,200,0.089928,0.7361152982949788
10,200,0.087452,0.791908177641935
11,200,0.089216,0.8145196989818504
12,200,0.088492,0.8395979563577329
13,200,0.088172,0.7053870183106765
14,200,0.088112,0.7716685145851979
15,200,0.089056,0.8479653082909738
16,200,0.085312,0.7184493711914949
17,200,0.087596,0.7916426196168961
18,200,0.09212,0.742231115063485
19,200,0.08532,0.7148007606460329
20,200,0.092112,0.8124100438918967
21,200,0.08706,0.8091848719755697
22,200,0.088068,0.7990960078272493
23,200,0.085548,0.7769058295964125
24,200,0.084436,0.7038452629140607
25,200,0.087124,0.8234149969251013
26,200,0.089856,0.8186132494550673
27,200,0.085284,0.8305459863184446
28,200,0.083012,0.8270896122161945
29,200,0.09384,0.8005587291717939
30,200,0.087808,0.8089995435959053
31,200,0.088496,0.7734596777417937
32,200,0.088212,0.8199059024406262
33,200,0.090796,0.7892498424409099
34,200,0.083556,0.7449252793486874
35,200,0.086332,0.8370503790263927
36,200,0.086672,0.8045026645068902
37,200,0.090472,0.7902198843459702
38,200,0.08916,0.7816673564660909
39,200,0.090368,0.8697424468274987
40,200,0.09304,0.7938416181422834
41,200,0.08448,0.7698800038932688
42,200,0.088456,0.8281515460414542
43,200,0.094192,0.7618453300381011
44,200,0.091836,0.7291699707613041
45,200,0.084348,0.7585634878083428
46,200,0.087372,0.7018029194061944
47,200,0.091652,0.7567069398679442
48,200,0.08834,0.7858145275194375
49,200,0.088564,0.7767307366713895
50,200,0.088784,0.7968121514568932
1,201,0.088684,0.7379295965823748
2,201,0.087384,0.7587276306766652
3,201,0.088324,0.6485737440461172
4,201,0.085244,0.7061851496750825
5,201,0.087176,0.6298789609683123
6,201,0.0887,0.7439110597005334
7,201,0.090964,0.7430430355235043
8,201,0.089856,0.7479328659443382
9,201,0.089648,0.7007119772360473
10,201,0.089076,0.703320370438097
11,201,0.089296,0.7311132909110726
12,201,0.0867,0.7980751304996271
13,201,0.085,0.7370907010471135
14,201,0.091892,0.7084750465770802
15,201,0.088172,0.7972417961291741
16,201,0.085132,0.659704868027638
17,201,0.08364,0.7313885867010489
18,201,0.091232,0.7139503850544221
19,201,0.085952,0.695556056093634
20,201,0.091184,0.7315934099786823
21,201,0.087444,0.7303114669266858
22,201,0.088248,0.7064542029522574
23,201,0.088912,0.6891769176917691
24,201,0.084252,0.6576676318628285
25,201,0.08828,0.7374086889657824
26,201,0.090736,0.7201395759789251
27,201,0.08718,0.7169978595944627
28,201,0.085136,0.7528629095911418
29,201,0.088532,0.790693884203235
30,201,0.087072,0.7277004953780415
31,201,0.084296,0.698742090026388
32,201,0.089488,0.814001571351776
33,201,0.091464,0.6773988375078067
34,201,0.08388,0.6952412691088382
35,201,0.087456,0.7323097892476436
36,201,0.084012,0.6514973635267016
37,201,0.087448,0.7223302369122201
38,201,0.0906,0.7353014449427006
39,201,0.0877,0.7346955396102839
40,201,0.08962,0.7178440465032148
41,201,0.085932,0.7371475953565506
42,201,0.08714,0.6726911483693523
43,201,0.089108,0.7098581168232909
44,201,0.091796,0.6534477908078654
45,201,0.085392,0.7042582266018215
46,201,0.086312,0.7290228244129505
47,201,0.092924,0.6776102849641248
48,201,0.086564,0.7556730439736008
49,201,0.090276,0.6193008763318482
50,201,0.087288,0.7104384709986699
1,202,0.441056,0.554080768144592
2,202,0.487468,0.7093049218188274
3,202,0.50944,0.635309742944085
4,202,0.511076,0.5798276623336952
5,202,0.48734,0.7915461571051114
6,202,0.479284,0.7032886501877572
7,202,0.475908,0.5818783077989236
8,202,0.494996,0.6229501114586393
9,202,0.500692,0.5587311104763144
10,202,0.094376,0.6528195995898765
11,202,0.48132,0.5333544604658533
12,202,0.507964,0.6855262352581154
13,202,0.492132,0.6678734928012433
14,202,0.4469,0.6458069309094087
15,202,0.091544,0.7228660042594888
16,202,0.490688,0.6239425842881634
17,202,0.505928,0.642310794543858
18,202,0.09116,0.7735595150291785
19,202,0.506672,0.624397308949282
20,202,0.08764,0.7097648395838797
21,202,0.492824,0.6108318831563427
22,202,0.50422,0.7050084546722163
23,202,0.089124,0.7632364931740986
24,202,0.476572,0.6618390424844944
25,202,0.497088,0.6490298758551674
26,202,0.49536,0.6703178052293353
27,202,0.452368,0.5918050656053376
28,202,0.492748,0.639976620164625
29,202,0.469888,0.5328678054400642
30,202,0.092112,0.7615252146306752
31,202,0.475548,0.6474536028251558
32,202,0.490696,0.6196552194836714
33,202,0.486692,0.6317388121766987
34,202,0.481904,0.6576719587192191
35,202,0.488568,0.6222413928929547
36,202,0.48748,0.5803704440573184
37,202,0.40932,0.6480090511958263
38,202,0.49074,0.5782710989751355
39,202,0.513328,0.6647671645537844
40,202,0.503452,0.5526944570419816
41,202,0.089308,0.7191666769964342
42,202,0.090656,0.783391000425377
43,202,0.486436,0.6989096229662508
44,202,0.46746,0.6281745753247427
45,202,0.084416,0.7494687526902182
46,202,0.440208,0.49762245451339426
47,202,0.492172,0.642112687093488
48,202,0.493148,0.5744407297717857
49,202,0.09552,0.6967373327319201
50,202,0.508504,0.6213000501751459
1,203,0.539672,0.625043498926319
2,203,0.5403,0.6225814414274136
3,203,0.538724,0.6102422465742339
4,203,0.564216,0.644870109143573
5,203,0.509448,0.5844911958753878
6,203,0.100528,0.4813732115820852
7,203,0.508476,0.5830123818121808
8,203,0.551744,0.6158818000544619
9,203,0.556476,0.6196249878898448
10,203,0.399788,0.5296733685524269
11,203,0.519296,0.5991751940585764
12,203,0.562912,0.6213436595673807
13,203,0.570208,0.619816084331618
14,203,0.548852,0.6106788847332033
15,203,0.5414,0.6121132888290433
16,203,0.522296,0.5680279892925005
17,203,0.581196,0.6209549113195866
18,203,0.097284,0.43971101145989044
19,203,0.528856,0.6229910415459796
20,203,0.483248,0.5550996949900678
21,203,0.55164,0.5982988199077623
22,203,0.574312,0.6469364589107995
23,203,0.52498,0.5950956741131349
24,203,0.50758,0.5894901377639628
25,203,0.523904,0.6189099574788539
26,203,0.525632,0.6009382633097744
27,203,0.551568,0.6105493800023726
28,203,0.523056,0.6084279929591458
29,203,0.569156,0.6417686251754181
30,203,0.09088,0.644007208484741
31,203,0.542652,0.6065306578266798
32,203,0.565088,0.6494789610327458
33,203,0.442644,0.5876563010859513
34,203,0.485736,0.5522270474664434
35,203,0.533336,0.60927443730666
36,203,0.526652,0.6070245930451015
37,203,0.203704,0.3929669662535799
38,203,0.566928,0.6355069511755423
39,203,0.575008,0.6492481437207395
40,203,0.564608,0.6297975980515662
41,203,0.485116,0.5808915364142515
42,203,0.509944,0.5731643896725375
43,203,0.544864,0.6294749814240924
44,203,0.57536,0.6374395607318515
45,203,0.491464,0.5721686495357652
46,203,0.4998,0.5894029916758081
47,203,0.555676,0.6223151418520221
48,203,0.566344,0.6194366474953448
49,203,0.449928,0.5853244257873045
50,203,0.534916,0.6112017332229064
1,204,0.087308,0.7376930887722255
2,204,0.088896,0.7858859828507875
3,204,0.087416,0.7150646033906279
4,204,0.085844,0.751330618514351
5,204,0.0839,0.6685706969329006
6,204,0.087396,0.8026142150849412
7,204,0.088776,0.7572666962290563
8,204,0.087484,0.7476865486053849
9,204,0.0894,0.7076301886178067
10,204,0.08354,0.7052194079633104
11,204,0.08734,0.7453649224654166
12,204,0.086856,0.7471497584541062
13,204,0.084256,0.7030509173366317
14,204,0.08842,0.7046016458171889
15,204,0.085144,0.7381886534821139
16,204,0.087696,0.6896485952331673
17,204,0.083584,0.7342305289228708
18,204,0.08618,0.7185958246150029
19,204,0.084472,0.6254005897921777
20,204,0.085144,0.733403866075955
21,204,0.091508,0.7329651904053262
22,204,0.087892,0.7113548269035618
23,204,0.08694,0.682050221589688
24,204,0.0868,0.7047703792825424
25,204,0.08738,0.7213330623512775
26,204,0.088012,0.7705959616198045
27,204,0.08804,0.7569622472008589
28,204,0.08468,0.7282687707333836
29,204,0.089264,0.7557653213171217
30,204,0.088312,0.7737077410851058
31,204,0.086152,0.7429613767943531
32,204,0.088092,0.7721760986109439
33,204,0.0888,0.7425708731226901
34,204,0.08582,0.7245266688304662
35,204,0.086972,0.7117393278837421
36,204,0.083512,0.7612773227849278
37,204,0.089428,0.7422420703080269
38,204,0.08412,0.7354050101302848
39,204,0.085784,0.7698451820206667
40,204,0.091672,0.7384273846445327
41,204,0.086596,0.7618676380319995
42,204,0.086288,0.7164803873926869
43,204,0.086012,0.7003840960743368
44,204,0.086904,0.7325187572537395
45,204,0.083116,0.7299396457900466
46,204,0.083872,0.658526240232304
47,204,0.089164,0.7183214470284237
48,204,0.085008,0.7139849792720858
49,204,0.088544,0.6913830884248517
50,204,0.089888,0.6892022903633004
1,205,0.089304,0.824244370894838
2,205,0.091908,0.7948148440203796
3,205,0.087416,0.6915185348415845
4,205,0.093816,0.8036671563720201
5,205,0.087644,0.7006479286043602
6,205,0.087036,0.7880582760536476
7,205,0.091768,0.7961534912537405
8,205,0.0922,0.8507483447393311
9,205,0.093052,0.699728902831029
10,205,0.087384,0.7838133082080483
11,205,0.089412,0.7759478991670745
12,205,0.088756,0.8349535260509934
13,205,0.08762,0.7966424009687861
14,205,0.087336,0.8003859248745281
15,205,0.09134,0.7918863580442194
16,205,0.083836,0.7647351070251196
17,205,0.088612,0.7262414743137453
18,205,0.0896,0.7528864203245134
19,205,0.089776,0.7296770809919831
20,205,0.089008,0.7995125588839781
21,205,0.087884,0.8203765727825592
22,205,0.091192,0.7776305074761336
23,205,0.090788,0.7914617604043779
24,205,0.088664,0.7066715858082765
25,205,0.094476,0.8230369667246743
26,205,0.0915,0.8504677698843068
27,205,0.086516,0.8178499334278229
28,205,0.0892,0.7558173186987865
29,205,0.092044,0.8178005633600661
30,205,0.091844,0.8325433357078927
31,205,0.092212,0.7593061061816961
32,205,0.085976,0.8316495362857045
33,205,0.091584,0.723564985276188
34,205,0.084412,0.8025573306778659
35,205,0.088112,0.8412039638964545
36,205,0.087496,0.8191827688701757
37,205,0.088652,0.8274422894140011
38,205,0.091216,0.8360955347871236
39,205,0.091204,0.8380209706438736
40,205,0.0905,0.6993269732102702
41,205,0.085872,0.802148768924623
42,205,0.08624,0.7848702710939339
43,205,0.088636,0.7508720063277188
44,205,0.090108,0.7642677650838061
45,205,0.082672,0.7755089395087679
46,205,0.08816,0.7143261384301046
47,205,0.090108,0.7843098285502292
48,205,0.08654,0.7952946872046959
49,205,0.089736,0.7344338911503091
50,205,0.086664,0.7685478413858439
1,206,0.120648,0.9951397326852975
2,206,0.137944,0.9274146258249549
3,206,0.143168,0.9430746806139073
4,206,0.136588,0.9699691143052126
5,206,0.10146,0.8378936778742226
6,206,0.14952,0.8689048239895698
7,206,0.145936,0.9232853713000118
8,206,0.105584,0.973448014536025
9,206,0.148316,0.8467578537378612
10,206,0.147844,0.9579276831122007
11,206,0.130548,0.9559806005122337
12,206,0.108492,0.9657539383191506
13,206,0.139336,0.9679088064925812
14,206,0.161296,0.9053031566625322
15,206,0.112588,0.9502388134741075
16,206,0.120812,0.9759533864414371
17,206,0.147216,0.8982458819896606
18,206,0.132404,0.9648447952903398
19,206,0.12368,0.9915993025836107
20,206,0.127052,0.9317347750271776
21,206,0.116852,0.9540848779499644
22,206,0.13516,0.9618558164420358
23,206,0.121884,0.9692257358316806
24,206,0.108432,0.8925543337406049
25,206,0.161428,0.8126484016894153
26,206,0.1379,0.8626283389313301
27,206,0.141348,0.8695812587065364
28,206,0.146456,0.8657525223795695
29,206,0.146404,0.8601831896551723
30,206,0.12918,0.9472387319043111
31,206,0.156344,0.8595052131992974
32,206,0.102164,0.8630297790830229
33,206,0.114212,0.8820021719051319
34,206,0.081972,0.7932179123212176
35,206,0.128608,0.9245912884417515
36,206,0.10838,0.9297232466024722
37,206,0.1467,0.8785086508757287
38,206,0.1441,0.8561281083016397
39,206,0.162156,0.8922673238095812
40,206,0.123324,0.995211552876258
41,206,0.1033,0.8412083814768377
42,206,0.13882,0.942613702680621
43,206,0.150992,0.9334260318120386
44,206,0.166472,0.8441434048878207
45,206,0.099472,0.91095949839939
46,206,0.094928,0.749710826572519
47,206,0.134252,0.9228373193130903
48,206,0.138644,0.9249181626001315
49,206,0.114784,0.8934045888223786
50,206,0.146112,0.9671150367353538
1,207,0.117436,0.950044778576965
2,207,0.12934,0.9288670183112484
3,207,0.131672,0.9364988436976216
4,207,0.111376,0.883424017652685
5,207,0.095624,0.7640536275036203
6,207,0.13,0.9398511571006218
7,207,0.137176,0.9960755615821154
8,207,0.094372,0.8933592567363002
9,207,0.109312,0.9206013624618276
10,207,0.101832,0.8490970886399544
11,207,0.109944,0.8650928951397768
12,207,0.110824,0.9389540162181074
13,207,0.130004,0.9446303214047245
14,207,0.13836,0.9659949846159319
15,207,0.100312,0.8909667279362795
16,207,0.13538,0.9718942327178864
17,207,0.1143,0.9662150840329093
18,207,0.112164,0.8514056224899598
19,207,0.128364,0.8531037798209243
20,207,0.126224,0.8908575178340847
21,207,0.12362,0.992717733806383
22,207,0.105884,0.8588778958511462
23,207,0.113696,0.9622217187355773
24,207,0.129968,0.9767785329776826
25,207,0.144764,0.9736697956253552
26,207,0.115212,0.9677741568965302
27,207,0.120508,0.9224406402354187
28,207,0.130344,0.9448188953697704
29,207,0.118392,0.9671009758802553
30,207,0.113532,0.8837712892534302
31,207,0.117316,0.9487689120169607
32,207,0.10068,0.8893658743408326
33,207,0.113876,0.9432572456164174
34,207,0.08972,0.7895474176392904
35,207,0.135316,0.9712124189428178
36,207,0.12588,0.9090522706316274
37,207,0.136684,0.9428662492417467
38,207,0.115148,0.9477016003792523
39,207,0.143076,0.9932112105931186
40,207,0.120024,0.9582021706678704
41,207,0.109892,0.8903104825318137
42,207,0.10996,0.9284441755323619
43,207,0.139872,0.9444628919679483
44,207,0.151632,0.9673526157736684
45,207,0.099268,0.8413374611946918
46,207,0.097496,0.76672509143877
47,207,0.108996,0.8337224533826476
48,207,0.114476,0.9539007971949324
49,207,0.106592,0.8155824484938409
50,207,0.112932,0.8725142938988181
1,208,0.446948,0.5285117680132906
2,208,0.497876,0.5164330926167745
3,208,0.45086,0.48620002166826815
4,208,0.103612,0.5486362272822464
5,208,0.523392,0.5467801855855554
6,208,0.511436,0.5187175639034205
7,208,0.430396,0.4806774710030677
8,208,0.481808,0.5285906319077848
9,208,0.4514,0.4755859171917566
10,208,0.491348,0.5192198155759786
11,208,0.505328,0.5214597909879114
12,208,0.352012,0.41187886327513945
13,208,0.104552,0.48534728877935485
14,208,0.455816,0.4851757663286344
15,208,0.522236,0.5203499760588517
16,208,0.50988,0.5112584534694351
17,208,0.507728,0.5204605036924993
18,208,0.514464,0.5225058200224098
19,208,0.480296,0.525464104263309
20,208,0.507524,0.5068228589177691
21,208,0.49182,0.4970320873101055
22,208,0.491696,0.5279929660863225
23,208,0.46558,0.5037594646944884
24,208,0.391556,0.4358189756588451
25,208,0.4939,0.5398262175549089
26,208,0.508192,0.5187842269454788
27,208,0.509416,0.5180927129050941
28,208,0.300624,0.40483633029594335
29,208,0.464036,0.5101648693309245
30,208,0.5168,0.5334482986081662
31,208,0.459624,0.4932819500403843
32,208,0.518832,0.5439235576294515
33,208,0.508312,0.5239518314734578
34,208,0.475284,0.4772572969106765
35,208,0.409384,0.46346614967351085
36,208,0.505656,0.5217499652343207
37,208,0.515252,0.5158442763646747
38,208,0.494004,0.5280552364062524
39,208,0.484792,0.5471729768353563
40,208,0.47406,0.5215458720575387
41,208,0.429788,0.4666044158640376
42,208,0.308924,0.4130325769178274
43,208,0.42416,0.4615363845011476
44,208,0.469452,0.5101760044984874
45,208,0.480936,0.4858740230980824
46,208,0.431172,0.4685115182235702
47,208,0.541936,0.5452749960838271
48,208,0.454376,0.4872118107130274
49,208,0.4925,0.5041754812630831
50,208,0.4562,0.48755141224748805
1,209,0.560232,0.6515243367516713
2,209,0.52444,0.5821414282415853
3,209,0.521916,0.5814452311782489
4,209,0.09058,0.5669844121708173
5,209,0.571952,0.6399315075688339
6,209,0.55278,0.6022859587960716
7,209,0.427104,0.57079764074093
8,209,0.539924,0.6245162493588847
9,209,0.531708,0.6338158403523815
10,209,0.528688,0.6024103395553252
11,209,0.573904,0.6144312403427448
12,209,0.096208,0.4996402664567516
13,209,0.451788,0.5783215796705719
14,209,0.108568,0.5008153909743359
15,209,0.555688,0.610482896815297
16,209,0.552612,0.6159334105181911
17,209,0.515588,0.5882871427942699
18,209,0.534708,0.5959127424880849
19,209,0.5234,0.6236338759459221
20,209,0.537312,0.5853435691464663
21,209,0.487656,0.5845782784187961
22,209,0.555172,0.6289603403125852
23,209,0.533668,0.6139773394951357
24,209,0.537924,0.6013596840550585
25,209,0.548704,0.6218350250205859
26,209,0.526508,0.5960400732316041
27,209,0.526188,0.6064819108126602
28,209,0.543188,0.6314683980537692
29,209,0.496208,0.6017003258659965
30,209,0.576596,0.6695115501185067
31,209,0.49382,0.5859848634567859
32,209,0.583272,0.6347381211375156
33,209,0.575864,0.6558894216539395
34,209,0.104152,0.40891045826038136
35,209,0.105408,0.5045610537409987
36,209,0.417352,0.5524477797563527
37,209,0.580068,0.6336887409735704
38,209,0.568208,0.6389905379803836
39,209,0.575216,0.6416869373220865
40,209,0.56822,0.6467782905481307
41,209,0.540532,0.647189722198841
42,209,0.414656,0.5350201046856453
43,209,0.501448,0.5780470255089014
44,209,0.547176,0.6131188313926743
45,209,0.514144,0.5788594727035454
46,209,0.526796,0.5989139583015098
47,209,0.583716,0.6407475531237067
48,209,0.100456,0.4838663823738451
49,209,0.517036,0.5883234279976792
50,209,0.529956,0.591256461729128
1,210,0.703952,0.1068867221788511
2,210,0.705696,0.10312142277916894
3,210,0.70022,0.11237376820777527
4,210,0.709864,0.1092463494248241
5,210,0.094124,0.7755796719169994
6,210,0.090732,0.8836264234238185
7,210,0.713612,0.09870363409349776
8,210,0.796652,0.8517127299741041
9,210,0.708376,0.10986044296261015
10,210,0.771124,0.8608955645303606
11,210,0.784956,0.8340587400132826
12,210,0.703136,0.09454659496719807
13,210,0.710736,0.10321089166837968
14,210,0.691804,0.10695660992356387
15,210,0.79074,0.861460964063542
16,210,0.089636,0.7257638188661082
17,210,0.707692,0.11705020281652864
18,210,0.78904,0.8633155006248858
19,210,0.709268,0.1155832187751092
20,210,0.79922,0.8380136543450322
21,210,0.701976,0.1054119338107985
22,210,0.094244,0.8268641267566383
23,210,0.705668,0.09855242255126373
24,210,0.695664,0.11487612235905525
25,210,0.703484,0.10857163683237296
26,210,0.691864,0.10339087233774351
27,210,0.70718,0.10309929096949147
28,210,0.787644,0.8485175348110605
29,210,0.097072,0.866254978296863
30,210,0.75254,0.8706198788907675
31,210,0.758556,0.8818412149877971
32,210,0.782756,0.8624320988268512
33,210,0.674784,0.12448123636523899
34,210,0.75278,0.8185407294706037
35,210,0.096436,0.8062436318590954
36,210,0.102528,0.783704738077229
37,210,0.778044,0.8247398155454198
38,210,0.789976,0.8608990670059372
39,210,0.097024,0.851390376925078
40,210,0.105072,0.7120275201247876
41,210,0.692284,0.09819921379882363
42,210,0.783852,0.86008934087973
43,210,0.095432,0.7799439775910365
44,210,0.097536,0.7398101619207147
45,210,0.780556,0.8348706032410864
46,210,0.784616,0.84199961559974
47,210,0.79994,0.8655784443641329
48,210,0.70544,0.10407011425687147
49,210,0.750248,0.8188961281514757
50,210,0.792436,0.867823721770908
1,211,0.698312,0.10903932893324762
2,211,0.681364,0.11999420978810203
3,211,0.691236,0.11539588640732694
4,211,0.690388,0.1261014851404359
5,211,0.086972,0.6604370951271346
6,211,0.676184,0.12119920223714659
7,211,0.699176,0.12043304025514488
8,211,0.853944,0.9629284582158715
9,211,0.70162,0.12673931071873415
10,211,0.849284,0.9817701244557997
11,211,0.83148,0.9491124519088443
12,211,0.091428,0.9164006892934742
13,211,0.694004,0.11140768767958838
14,211,0.697504,0.11254637900233612
15,211,0.796688,0.9611702278736118
16,211,0.082988,0.736639471163232
17,211,0.696444,0.11753304728022192
18,211,0.85086,0.9601332571819678
19,211,0.69696,0.12314406076821291
20,211,0.854704,0.9821474607972565
21,211,0.688936,0.11518453229560188
22,211,0.703116,0.11339822802667304
23,211,0.6974,0.11288090117331404
24,211,0.828024,0.9804028592159358
25,211,0.69692,0.11779926618947661
26,211,0.695256,0.10558884894831541
27,211,0.08892,0.7414623336998116
28,211,0.693752,0.10622181140754011
29,211,0.679612,0.11977583158609026
30,211,0.811096,0.9213070153555095
31,211,0.676892,0.1310415348233021
32,211,0.853392,0.9332015128697392
33,211,0.842004,0.9447319213267278
34,211,0.084232,0.7270849641983662
35,211,0.089636,0.7945225778639939
36,211,0.848784,0.9568748580723797
37,211,0.087128,0.7445278094215518
38,211,0.85042,0.968928512713405
39,211,0.682864,0.11660662767208688
40,211,0.841036,0.9585769233917795
41,211,0.088056,0.7509321985963722
42,211,0.0939,0.7536253238540784
43,211,0.090876,0.7119814184157348
44,211,0.093928,0.6753711208612907
45,211,0.691256,0.1121704487755341
46,211,0.820852,0.9367784930783756
47,211,0.85916,0.9789614601251415
48,211,0.697428,0.11133010201678796
49,211,0.840696,0.9375485958853732
50,211,0.85038,0.9818537518476654
1,212,0.441716,0.8330331408681643
2,212,0.4642,0.7888570933728322
3,212,0.471932,0.875946531321751
4,212,0.104692,0.4483203305902889
5,212,0.474524,0.8535097277108302
6,212,0.47678,0.7940825796064672
7,212,0.466356,0.8397974756042746
8,212,0.502536,0.854903006101739
9,212,0.483644,0.8179372580156321
10,212,0.487664,0.8010514554777438
11,212,0.51136,0.8677406675752796
12,212,0.091556,0.6503326679973387
13,212,0.090676,0.6097296418779502
14,212,0.396496,0.6667529878914864
15,212,0.48894,0.7811607567945483
16,212,0.457136,0.7477215245891647
17,212,0.478088,0.8237061833451522
18,212,0.488976,0.7967874369226072
19,212,0.505004,0.8355323614120768
20,212,0.475588,0.7824884800323345
21,212,0.108232,0.5076120206916878
22,212,0.507384,0.819902871053372
23,212,0.482024,0.8127595994289237
24,212,0.46288,0.8173972737079533
25,212,0.49824,0.8036748439574465
26,212,0.467752,0.8108293015379953
27,212,0.090636,0.7171595325998221
28,212,0.454548,0.8422674146536087
29,212,0.473988,0.79098774924654
30,212,0.51244,0.8669547447633154
31,212,0.438396,0.7664531454346492
32,212,0.49482,0.8963570453862666
33,212,0.50434,0.8430085123413816
34,212,0.461936,0.7522561137692716
35,212,0.101152,0.5407422682774541
36,212,0.493472,0.8751070323353123
37,212,0.503272,0.8606140335069351
38,212,0.498332,0.822668438874648
39,212,0.49996,0.8755092464687129
40,212,0.502448,0.8262359129471541
41,212,0.504752,0.8440915291928872
42,212,0.092428,0.6091594540208985
43,212,0.454084,0.7661085782482893
44,212,0.4788,0.8362273190137762
45,212,0.481364,0.8133373279252705
46,212,0.376316,0.6648429645881045
47,212,0.507468,0.9008456880720936
48,212,0.462976,0.826535213853852
49,212,0.452536,0.7931145336853594
50,212,0.456672,0.7811470441634407
1,213,0.49106,0.6141887129568665
2,213,0.095152,0.6964114634017546
3,213,0.463048,0.6023483798820894
4,213,0.105956,0.6065923678094481
5,213,0.508492,0.6529382648460043
6,213,0.48562,0.6242654917143943
7,213,0.434084,0.6164039628743091
8,213,0.492248,0.6378113089333265
9,213,0.478824,0.5387864842238227
10,213,0.494552,0.6113289685076096
11,213,0.510732,0.5958787813558881
12,213,0.089728,0.7159665380298077
13,213,0.084944,0.7237029465978282
14,213,0.464288,0.691361422497101
15,213,0.091156,0.6983298209056538
16,213,0.482024,0.5794083153819354
17,213,0.504528,0.6276620105335471
18,213,0.46894,0.6578719604411117
19,213,0.501264,0.6289294871734064
20,213,0.428876,0.6744012217849333
21,213,0.482408,0.5712778246441179
22,213,0.456804,0.708747473178432
23,213,0.477816,0.5827067520243396
24,213,0.483324,0.5437264693234574
25,213,0.48608,0.5887496493032826
26,213,0.428632,0.6308972587920043
27,213,0.086036,0.7319492894689853
28,213,0.459776,0.6088872100835653
29,213,0.48152,0.5456908324645002
30,213,0.495264,0.5823294707554958
31,213,0.476632,0.5602585246266993
32,213,0.505096,0.6280125798122441
33,213,0.511448,0.6554501044152744
34,213,0.497968,0.6331275930488379
35,213,0.476852,0.5570697303385466
36,213,0.4355,0.5935232193966188
37,213,0.507152,0.609906135751789
38,213,0.50158,0.5653494410243226
39,213,0.501948,0.5245585808619515
40,213,0.515008,0.5765950413223141
41,213,0.514572,0.5947785299664093
42,213,0.487768,0.6971578977337992
43,213,0.098004,0.6130207050555802
44,213,0.497116,0.5566014091968033
45,213,0.479132,0.6231475108059803
46,213,0.0908,0.6071523998368701
47,213,0.501348,0.6865668651247996
48,213,0.485712,0.5753897556616062
49,213,0.48448,0.5977835736353266
50,213,0.504616,0.5798343434911617
1,214,0.688924,0.11333470951827865
2,214,0.732688,0.45699745806573333
3,214,0.680124,0.12028837901696317
4,214,0.688744,0.1196335686192455
5,214,0.691928,0.11749142360370023
6,214,0.695752,0.1141715270482174
7,214,0.698264,0.11187037031070271
8,214,0.745488,0.4886160858795215
9,214,0.69902,0.1295544078076668
10,214,0.090408,0.6716421356421356
11,214,0.736868,0.4898516381619617
12,214,0.692216,0.105218098484691
13,214,0.693844,0.11138051897942046
14,214,0.092708,0.7786692942942942
15,214,0.745988,0.4907804787026514
16,214,0.749084,0.5277328331922185
17,214,0.693132,0.11718399846184027
18,214,0.745656,0.4822672989210605
19,214,0.745196,0.5109459377694414
20,214,0.741184,0.46624400987432557
21,214,0.676032,0.12619471893730766
22,214,0.683832,0.12653950565778835
23,214,0.689588,0.1098829767662758
24,214,0.683872,0.12908895062078352
25,214,0.092004,0.819613608671999
26,214,0.690068,0.12317570787822603
27,214,0.089688,0.7777337315115798
28,214,0.723324,0.44060799653501526
29,214,0.092356,0.7251741581851329
30,214,0.733652,0.45453706573363023
31,214,0.742124,0.4759843748522137
32,214,0.745568,0.4715481888142554
33,214,0.737264,0.5286879988256356
34,214,0.090644,0.7340071107133089
35,214,0.699112,0.11005019305019305
36,214,0.687352,0.4995399995632044
37,214,0.088784,0.7503342044209855
38,214,0.739452,0.4742395693476564
39,214,0.690756,0.11165314795369331
40,214,0.68292,0.12574122441761174
41,214,0.084828,0.7504367255738371
42,214,0.691708,0.1183958441152633
43,214,0.69806,0.12639891224767286
44,214,0.731952,0.42702591314203286
45,214,0.735616,0.5276746772721429
46,214,0.725256,0.3897387241431781
47,214,0.744316,0.46757541761882204
48,214,0.690088,0.12522740777986013
49,214,0.093488,0.748122005318432
50,214,0.740112,0.5119209459073514
1,215,0.644068,0.13107921727867822
2,215,0.613528,0.15389580248005127
3,215,0.64782,0.15810604489849775
4,215,0.631052,0.15210023849255516
5,215,0.0863,0.7556332244183763
6,215,0.09172,0.8498309725365295
7,215,0.653064,0.1436645193586147
8,215,0.745172,0.4061274929951472
9,215,0.647816,0.15340388149806233
10,215,0.732632,0.39764434917449604
11,215,0.09106,0.7673376637297147
12,215,0.641056,0.1281403642991348
13,215,0.643888,0.14056456887601484
14,215,0.086852,0.8310480488298765
15,215,0.73536,0.3944978206161073
16,215,0.086724,0.7302160134523348
17,215,0.092684,0.8085919928025191
18,215,0.737228,0.41902181113838116
19,215,0.72512,0.4048804733030463
20,215,0.74148,0.43891316811168557
21,215,0.636336,0.14037203284512062
22,215,0.090088,0.8304834371559568
23,215,0.64272,0.13281907305438467
24,215,0.087224,0.7372723460728752
25,215,0.646292,0.13981017003127985
26,215,0.725668,0.42688965656604533
27,215,0.629152,0.14742191505035263
28,215,0.740504,0.40332858835997415
29,215,0.090696,0.904840139000906
30,215,0.739396,0.416391679637753
31,215,0.618072,0.14949339883328214
32,215,0.747068,0.39469497306065265
33,215,0.741108,0.4411750828681665
34,215,0.088888,0.7457232825653878
35,215,0.087624,0.8195541960517744
36,215,0.087176,0.7926417398115512
37,215,0.088256,0.8501156903178337
38,215,0.086372,0.824785213438126
39,215,0.706652,0.3400738605656639
40,215,0.094336,0.7872243172208889
41,215,0.710964,0.43030544791429226
42,215,0.632036,0.14440521168542408
43,215,0.087704,0.6976381050742011
44,215,0.634084,0.1685530693107484
45,215,0.083396,0.7532036223272439
46,215,0.089088,0.7241724172417242
47,215,0.755356,0.4736047051041536
48,215,0.605968,0.14904981747906376
49,215,0.623972,0.15595827026071304
50,215,0.09388,0.7905754692415724
1,216,0.096476,0.7458439430725805
2,216,0.089092,0.681663403927152
3,216,0.091728,0.7100297203423211
4,216,0.091992,0.7555605801761968
5,216,0.089396,0.7140624230788165
6,216,0.093808,0.8073145791179862
7,216,0.093996,0.8066393282562
8,216,0.08956,0.7984229507160816
9,216,0.093928,0.7406735667762946
10,216,0.089876,0.7405357827220389
11,216,0.093872,0.7070453524225662
12,216,0.090664,0.782588123964987
13,216,0.087552,0.742721539561797
14,216,0.092684,0.7899933456050746
15,216,0.091532,0.715139114561393
16,216,0.087476,0.6471759901371552
17,216,0.089024,0.7707686685774414
18,216,0.089596,0.7273317112733171
19,216,0.089032,0.7236473647364736
20,216,0.091976,0.7612947013865177
21,216,0.086044,0.8446784561154063
22,216,0.090384,0.7863034009823
23,216,0.089676,0.7325965510897018
24,216,0.088612,0.7595460182710615
25,216,0.094788,0.7449634526690991
26,216,0.091932,0.7364696530133911
27,216,0.091024,0.777517442465896
28,216,0.086592,0.7635202169160393
29,216,0.09058,0.8700414018871558
30,216,0.09322,0.8357077724510892
31,216,0.090108,0.728665216941079
32,216,0.088628,0.8310583832971894
33,216,0.09546,0.7511260447527518
34,216,0.086144,0.7546577331099945
35,216,0.090264,0.8076625544562518
36,216,0.086256,0.8503656144105581
37,216,0.088544,0.7813615736447652
38,216,0.088272,0.8329340634268766
39,216,0.092904,0.8091313707621802
40,216,0.09848,0.7312030289552612
41,216,0.08542,0.7452469111048732
42,216,0.097,0.8053665910808768
43,216,0.093504,0.7296312281206541
44,216,0.091816,0.6642832745930405
45,216,0.08444,0.7170567978728042
46,216,0.091272,0.645077786983338
47,216,0.094808,0.7164437926981134
48,216,0.08942,0.7130971254408928
49,216,0.093284,0.7210684492657087
50,216,0.09124,0.7361828229923769
1,217,0.087128,0.7284988029312124
2,217,0.087808,0.7105995383367646
3,217,0.088952,0.7166881741777513
4,217,0.08648,0.7360675722744688
5,217,0.088,0.7079201982221229
6,217,0.087204,0.7355954292026996
7,217,0.08912,0.746009762936746
8,217,0.0911,0.7972002871500359
9,217,0.089364,0.6859846502703645
10,217,0.088696,0.6503586691086691
11,217,0.090916,0.6976637527824233
12,217,0.085488,0.7990715897960053
13,217,0.081204,0.7577525738878189
14,217,0.087216,0.75063894817274
15,217,0.084964,0.7671968611019223
16,217,0.082812,0.679502193708258
17,217,0.088168,0.7057735940736348
18,217,0.085104,0.6915750731490564
19,217,0.091688,0.7617754083100617
20,217,0.09168,0.7705629925971518
21,217,0.085992,0.7226617712965836
22,217,0.08814,0.7041847041847042
23,217,0.087908,0.8076597918989223
24,217,0.08628,0.6810590016363273
25,217,0.088332,0.8045500407734517
26,217,0.088672,0.7252909414092632
27,217,0.085064,0.7933631998790217
28,217,0.084044,0.6898877070811043
29,217,0.091092,0.7630587863976218
30,217,0.088144,0.778621193972266
31,217,0.085732,0.7012064935885288
32,217,0.088724,0.755063521816099
33,217,0.089404,0.7223216579246111
34,217,0.082704,0.7798269679167685
35,217,0.087552,0.7380509000620733
36,217,0.0847,0.7572505866539084
37,217,0.086836,0.7291180176577089
38,217,0.086968,0.7951454017478777
39,217,0.090444,0.7605542705388503
40,217,0.090776,0.6869617542707991
41,217,0.085012,0.6997935399629475
42,217,0.084872,0.6736653063908308
43,217,0.08778,0.683882368094801
44,217,0.08802,0.7622764657890675
45,217,0.084924,0.7083971299048306
46,217,0.084648,0.716111154544428
47,217,0.089528,0.6710660686896927
48,217,0.085216,0.6676577147406216
49,217,0.093504,0.6680888888888888
50,217,0.089456,0.7009145960164442
1,218,0.41214,0.18374117755804048
2,218,0.431576,0.16934630977261855
3,218,0.45758,0.1760149969400063
4,218,0.462764,0.17058455684830764
5,218,0.43722,0.16557277939157783
6,218,0.417,0.18246509918378087
7,218,0.425884,0.18360716487715117
8,218,0.462072,0.16295084182601774
9,218,0.449168,0.1688191770327211
10,218,0.385552,0.21073941418803177
11,218,0.44558,0.18639337903285744
12,218,0.438252,0.16130607357244983
13,218,0.442352,0.17816084887681205
14,218,0.447368,0.172565739980418
15,218,0.104908,0.929362000467399
16,218,0.390692,0.2179983408445847
17,218,0.474092,0.15980391127920412
18,218,0.439736,0.17612980013705476
19,218,0.448384,0.18549182541874432
20,218,0.093816,0.9135284694917722
21,218,0.461892,0.1528383809422225
22,218,0.455944,0.1778813130534965
23,218,0.426704,0.16869884838909233
24,218,0.419628,0.19314938668824638
25,218,0.436412,0.18033881895375
26,218,0.43908,0.17271553075945398
27,218,0.428632,0.19282180655861675
28,218,0.461604,0.17469398812170395
29,218,0.441484,0.15562007465781835
30,218,0.394412,0.19569001844470388
31,218,0.440076,0.18313007187572455
32,218,0.440828,0.18301914936297378
33,218,0.094768,0.7618761028614007
34,218,0.428308,0.17162299346488166
35,218,0.470996,0.15197722385507553
36,218,0.43694,0.15953237707972737
37,218,0.092156,0.9186108876374364
38,218,0.456452,0.16464861992175028
39,218,0.457044,0.1537811809829755
40,218,0.423276,0.1850569502444858
41,218,0.443904,0.15951456607464923
42,218,0.428604,0.17065910971214468
43,218,0.453388,0.16752073427180916
44,218,0.44322,0.19232778221594052
45,218,0.08826,0.7364669628719104
46,218,0.085096,0.7717373762524612
47,218,0.385264,0.23413326389423164
48,218,0.456544,0.17267114269754447
49,218,0.425848,0.19683549636271916
50,218,0.46148,0.1622652682851263
1,219,0.108356,0.9266160882724177
2,219,0.213264,0.46637030802009627
3,219,0.207584,0.4982759477768086
4,219,0.21464,0.4929683899698817
5,219,0.146552,0.7070494956235036
6,219,0.088816,0.7958038911353456
7,219,0.166412,0.5717588713319567
8,219,0.190448,0.5312723201597537
9,219,0.189956,0.5529950827000447
10,219,0.089048,0.7647938306578533
11,219,0.174856,0.5805933157279535
12,219,0.225768,0.38479318485066205
13,219,0.2073,0.4983086513332805
14,219,0.193168,0.4427326493663247
15,219,0.234072,0.4451766403169144
16,219,0.199496,0.47327766326408577
17,219,0.223352,0.4206606096204557
18,219,0.145344,0.7898024554202521
19,219,0.205916,0.4879858560760168
20,219,0.210008,0.42399375968124736
21,219,0.179828,0.5602715666275488
22,219,0.191696,0.5053540164305741
23,219,0.184536,0.46336064992554626
24,219,0.18246,0.5775679276682444
25,219,0.228228,0.4385940190053732
26,219,0.101928,0.939953069717135
27,219,0.190596,0.5299882466814159
28,219,0.199904,0.46583763787592164
29,219,0.223276,0.42894412502580725
30,219,0.15574,0.6392025136164412
31,219,0.217028,0.4533946521027419
32,219,0.22528,0.3958111495344234
33,219,0.099732,0.8630625233344621
34,219,0.086028,0.7712635504134642
35,219,0.22356,0.4044584597934675
36,219,0.163896,0.5929554992889599
37,219,0.224804,0.419239968880355
38,219,0.209028,0.4746458885466657
39,219,0.219936,0.39649559575927
40,219,0.219516,0.4716948567483603
41,219,0.089608,0.8413548752834467
42,219,0.166972,0.62455452195794
43,219,0.239868,0.41893705230580686
44,219,0.215764,0.48970389885690574
45,219,0.088976,0.7345718908278311
46,219,0.155664,0.6982887522844327
47,219,0.168688,0.635806648161939
48,219,0.194424,0.5083767041406542
49,219,0.1925,0.5449870835832955
50,219,0.19718,0.5358181722653955
1,220,0.086656,0.7411982759374371
2,220,0.087204,0.7561761546723953
3,220,0.086356,0.7577314516706016
4,220,0.0874,0.7257650618560649
5,220,0.086324,0.6863245020877212
6,220,0.084832,0.855393013210996
7,220,0.086564,0.8047937475311776
8,220,0.085104,0.8122061652851914
9,220,0.087596,0.7449874033533141
10,220,0.084936,0.7352696286848072
11,220,0.088304,0.7348098759755273
12,220,0.08428,0.8259163726565666
13,220,0.086556,0.7215424212884578
14,220,0.086504,0.7309900531737688
15,220,0.085344,0.7072066889119012
16,220,0.083764,0.70495217558855
17,220,0.085508,0.7457855097250616
18,220,0.087408,0.6860870939890312
19,220,0.085248,0.6815690942002034
20,220,0.0865,0.7547547547547547
21,220,0.085244,0.8023088023088023
22,220,0.087816,0.7403141361256544
23,220,0.084856,0.7778429619696801
24,220,0.085688,0.7191346062751381
25,220,0.086076,0.772227011297657
26,220,0.087416,0.7860521550328192
27,220,0.08618,0.7683125388337845
28,220,0.085784,0.7348849441157134
29,220,0.087144,0.7353416047176246
30,220,0.087876,0.7505872611187379
31,220,0.08412,0.7084524118818741
32,220,0.087172,0.7902827756407605
33,220,0.085788,0.7498684151835496
34,220,0.080712,0.718678747835305
35,220,0.0869,0.7726656361022971
36,220,0.083656,0.7374647226955918
37,220,0.0877,0.7312185980594293
38,220,0.083672,0.7419883994924779
39,220,0.088608,0.8103531151784064
40,220,0.088924,0.7393479554535408
41,220,0.082492,0.7794619337565316
42,220,0.085348,0.7226911553992444
43,220,0.087284,0.7199751167987
44,220,0.083284,0.7030042359074617
45,220,0.083168,0.7326173310428473
46,220,0.083512,0.6666997822649414
47,220,0.08682,0.693045830091512
48,220,0.08358,0.7336091346844905
49,220,0.090544,0.7022265339609308
50,220,0.08732,0.6741689349337107
1,221,0.087092,0.8020326567130794
2,221,0.0852,0.7616251012956742
3,221,0.084484,0.7294253422476918
4,221,0.088052,0.8155569587689142
5,221,0.08558,0.7552585993565949
6,221,0.085492,0.8237998726603775
7,221,0.08758,0.7770521210810032
8,221,0.08678,0.8848947653006051
9,221,0.086496,0.7020963651026454
10,221,0.08582,0.7912314888804775
11,221,0.088048,0.766840388569808
12,221,0.083828,0.8767742476142588
13,221,0.085168,0.7982593510055712
14,221,0.08492,0.765292455599589
15,221,0.086676,0.7825664572478611
16,221,0.081832,0.7733679204496325
17,221,0.08406,0.7025407395935505
18,221,0.08848,0.7951862625931542
19,221,0.085248,0.7531925631528193
20,221,0.088224,0.7833653265561773
21,221,0.086044,0.8428981136538347
22,221,0.085928,0.8052000985800679
23,221,0.085092,0.805117676898192
24,221,0.084072,0.718230324393762
25,221,0.089744,0.8653436044740394
26,221,0.089144,0.857045628973167
27,221,0.085732,0.7936548140018105
28,221,0.083348,0.7889752819774418
29,221,0.085612,0.8496987290756369
30,221,0.086696,0.870145679906636
31,221,0.083604,0.8097594885276077
32,221,0.08526,0.8616435438724596
33,221,0.087956,0.7550749757083957
34,221,0.080804,0.7770010844397549
35,221,0.08572,0.8319446889240939
36,221,0.083624,0.8299223782659144
37,221,0.085912,0.8197604703910776
38,221,0.086408,0.8605513574027428
39,221,0.08804,0.8331998550807542
40,221,0.087832,0.7603764265932864
41,221,0.081888,0.7910570538809566
42,221,0.08208,0.7991492801411623
43,221,0.086228,0.7529315358887686
44,221,0.08684,0.7499526258499803
45,221,0.08368,0.8037843668911631
46,221,0.0834,0.6998573836380138
47,221,0.08756,0.7001404176292068
48,221,0.08482,0.82832713095871
49,221,0.087628,0.6801266539049614
50,221,0.086592,0.738029863235794
1,222,0.129556,0.8149586415111281
2,222,0.123016,0.827419698440126
3,222,0.114628,0.9807240830717633
4,222,0.107648,0.932272752727915
5,222,0.091944,0.8132093006630564
6,222,0.131404,0.7358732876712327
7,222,0.136924,0.7527989897959543
8,222,0.120604,0.833035390747675
9,222,0.121012,0.9185747649365945
10,222,0.116712,0.934126073414625
11,222,0.089608,0.7738187723571883
12,222,0.093844,0.9784764794517721
13,222,0.135968,0.8097864426345155
14,222,0.132868,0.7507284297808187
15,222,0.117404,0.8850391670963128
16,222,0.125216,0.8038703191756723
17,222,0.144116,0.7023451733446814
18,222,0.111356,0.9764145308787809
19,222,0.114312,0.9574912891986062
20,222,0.12154,0.8776919804467705
21,222,0.12876,0.8365720882329641
22,222,0.10244,0.9974029346838073
23,222,0.095436,0.9675542896755428
24,222,0.0931,0.8481684503610892
25,222,0.142392,0.7347670492910194
26,222,0.114672,0.8952482006570958
27,222,0.101116,0.9589937890011334
28,222,0.125288,0.7911847452328853
29,222,0.123648,0.7959030375111501
30,222,0.114328,0.8694751381215469
31,222,0.14956,0.6664634593963148
32,222,0.103856,0.9669865642994242
33,222,0.13222,0.8478930120162865
34,222,0.083712,0.8404643901847557
35,222,0.118,0.8546241880606249
36,222,0.08436,0.8465675738403012
37,222,0.138136,0.7920438554115645
38,222,0.125332,0.8614525009422489
39,222,0.143804,0.6653379181243072
40,222,0.116716,0.9652953751059354
41,222,0.086556,0.8429894179894181
42,222,0.100128,0.9254106280193237
43,222,0.145576,0.7180881048845696
44,222,0.128872,0.8377797631837871
45,222,0.085172,0.8088716065384893
46,222,0.087584,0.7207721759980413
47,222,0.127028,0.9069775502894314
48,222,0.132656,0.7390175726089179
49,222,0.104632,0.9080185105821138
50,222,0.122108,0.9106883048693972
1,223,0.103624,0.9660614460614461
2,223,0.105264,0.9983323964774217
3,223,0.110312,0.9612951729143983
4,223,0.098916,0.8840597207131072
5,223,0.086584,0.7569163180102748
6,223,0.109096,0.908121344766962
7,223,0.105168,0.8650890893864197
8,223,0.099024,0.9714496725166656
9,223,0.111248,0.9991211600687092
10,223,0.088256,0.8135002118575013
11,223,0.097116,0.8147908033118925
12,223,0.100128,0.93873799685308
13,223,0.105788,0.9223785332812297
14,223,0.103424,0.9697349719923085
15,223,0.097968,0.8645103038028469
16,223,0.09316,0.8345220855269984
17,223,0.11214,0.964435219882928
18,223,0.0971,0.785737449867202
19,223,0.105948,0.9465497122726687
20,223,0.1054,0.9633465630040413
21,223,0.109776,0.9510452571735528
22,223,0.099664,0.8877663744565604
23,223,0.095056,0.97360680015418
24,223,0.106324,0.9087246777163904
25,223,0.113304,0.8951830974981779
26,223,0.1018,0.9882260596546311
27,223,0.099748,0.9704728583545379
28,223,0.106216,0.9500301932367149
29,223,0.108824,0.9988848089215288
30,223,0.099208,0.936005328980082
31,223,0.096504,0.8785111047303917
32,223,0.093132,0.9344230395018486
33,223,0.099924,0.8896901388388108
34,223,0.08562,0.8206348515406975
35,223,0.098336,0.9803230705231978
36,223,0.08968,0.884271591783579
37,223,0.111084,0.9495809098347966
38,223,0.109536,0.9484391819160387
39,223,0.110596,0.9339487061203126
40,223,0.102852,0.8968070418425168
41,223,0.083904,0.8094137495550582
42,223,0.102964,0.9755572441742654
43,223,0.111036,0.9872032904555469
44,223,0.121444,0.9913217138707334
45,223,0.087164,0.8627448059428754
46,223,0.09394,0.7490822813143523
47,223,0.09988,0.8435090670438762
48,223,0.101336,0.8911835557665595
49,223,0.103504,0.850678957280206
50,223,0.096604,0.8685262555379782
1,224,0.10444,0.7400706329801684
2,224,0.096272,0.6646503715641507
3,224,0.099256,0.683572635886487
4,224,0.095808,0.6435440450059688
5,224,0.091316,0.6274763553226137
6,224,0.101232,0.7183058587050328
7,224,0.098612,0.7954824975381736
8,224,0.117604,0.8515304971660156
9,224,0.10356,0.7343870764072588
10,224,0.101504,0.6147885398986721
11,224,0.109008,0.7600608088428561
12,224,0.095328,0.6609755834170258
13,224,0.096932,0.6648663457398928
14,224,0.106464,0.7068360308679915
15,224,0.099248,0.6760466567262037
16,224,0.09438,0.5698609227138189
17,224,0.101496,0.7442114804077995
18,224,0.11038,0.7390906943545821
19,224,0.116284,0.7315754214415006
20,224,0.111052,0.7498905945796938
21,224,0.109076,0.7683921948072892
22,224,0.1008,0.7194208248192825
23,224,0.096508,0.7488168925956289
24,224,0.097108,0.6467872405372406
25,224,0.107504,0.751820338559783
26,224,0.101232,0.7063043470459252
27,224,0.10756,0.7884305876143429
28,224,0.098104,0.6560935935935935
29,224,0.099952,0.7183936027383113
30,224,0.111688,0.8496624075730813
31,224,0.11346,0.7491903659444832
32,224,0.100488,0.6534980926872819
33,224,0.151352,0.7924613408900351
34,224,0.130976,0.8745898431620458
35,224,0.094744,0.7940056300712038
36,224,0.09744,0.7235070408058382
37,224,0.101452,0.6948822789994774
38,224,0.107144,0.7414303446958846
39,224,0.121196,0.7443337066420721
40,224,0.104892,0.74236325829491
41,224,0.093964,0.6927695267644621
42,224,0.116728,0.786962379379441
43,224,0.101764,0.7019601576648556
44,224,0.101696,0.6951553399084557
45,224,0.11154,0.74018330823191
46,224,0.098948,0.727544977850104
47,224,0.117368,0.7332386917722591
48,224,0.102028,0.7322348964934516
49,224,0.111864,0.8005759304536811
50,224,0.127664,0.7847514611675618
1,225,0.08842,0.7747188159546899
2,225,0.086732,0.7877033475192984
3,225,0.103964,0.6523420671288137
4,225,0.085756,0.7274307592686754
5,225,0.106548,0.691329015413968
6,225,0.092128,0.7684764390130058
7,225,0.095628,0.7597543995984912
8,225,0.091504,0.825853869433636
9,225,0.105532,0.6998251401952146
10,225,0.089132,0.6714624647826867
11,225,0.0962,0.7318907466476606
12,225,0.089052,0.7575871876246466
13,225,0.090656,0.6941187616949716
14,225,0.095904,0.7536679691413686
15,225,0.085572,0.701939968244316
16,225,0.084412,0.6888206579651179
17,225,0.088232,0.7395309775086876
18,225,0.092648,0.7019900613946812
19,225,0.104748,0.6900085658345569
20,225,0.09084,0.7376704705901896
21,225,0.09158,0.7988650415121002
22,225,0.098372,0.7147947894161415
23,225,0.091192,0.7679326521431785
24,225,0.085752,0.6997365003719253
25,225,0.100376,0.7762611439191233
26,225,0.0905,0.7465787179195572
27,225,0.094296,0.7681876580048903
28,225,0.096804,0.803480174176671
29,225,0.093176,0.7983489287124159
30,225,0.1164,0.7633142021495036
31,225,0.092292,0.8177162307833375
32,225,0.100636,0.7257926211754966
33,225,0.099716,0.696253594009205
34,225,0.09664,0.7514687739258412
35,225,0.08886,0.7282994311144698
36,225,0.084208,0.795325917952398
37,225,0.091172,0.8151700284020357
38,225,0.10314,0.7829286239882266
39,225,0.11426,0.7444870438041228
40,225,0.0973,0.7353291422120151
41,225,0.091792,0.7168284205842383
42,225,0.090108,0.7548123945586948
43,225,0.09048,0.6920988881787121
44,225,0.094828,0.703954556220251
45,225,0.085688,0.7770683324810777
46,225,0.089756,0.7018961352657005
47,225,0.126684,0.7485327735857024
48,225,0.093024,0.710249346612983
49,225,0.092096,0.7112039715704132
50,225,0.09722,0.7086467222053582
1,226,0.093436,0.7562858439575855
2,226,0.088192,0.7593535736375958
3,226,0.09236,0.705107206963052
4,226,0.095284,0.6958333333333333
5,226,0.08794,0.7160145472786557
6,226,0.090376,0.7312570940935716
7,226,0.101604,0.8430962517739377
8,226,0.091844,0.7500447978263677
9,226,0.760752,0.8632975515310453
10,226,0.095116,0.684465857004249
11,226,0.095636,0.7042278603798178
12,226,0.089376,0.7908021850865155
13,226,0.087072,0.6886537503776096
14,226,0.08762,0.7592055482714627
15,226,0.753096,0.8662630499886459
16,226,0.087112,0.6528684019738534
17,226,0.08622,0.7323307420740509
18,226,0.123812,0.7710674735498745
19,226,0.099284,0.6530116608003502
20,226,0.093648,0.763025468062245
21,226,0.09794,0.7802897917576816
22,226,0.091856,0.7604871733235494
23,226,0.092852,0.7697373691378169
24,226,0.77876,0.8649240389295012
25,226,0.08984,0.7738028008702923
26,226,0.093316,0.730544130969847
27,226,0.092392,0.7523009702286019
28,226,0.093876,0.8090614040819882
29,226,0.092792,0.7469617573926802
30,226,0.093936,0.8128374272687136
31,226,0.093752,0.7392317398122281
32,226,0.096104,0.8160682969080298
33,226,0.095396,0.6765304886775213
34,226,0.084788,0.7021250293070742
35,226,0.095252,0.7481607107775331
36,226,0.087848,0.818143352796818
37,226,0.093308,0.7385956604621231
38,226,0.099816,0.818759212335006
39,226,0.090852,0.7916313372195726
40,226,0.09444,0.7671390841795931
41,226,0.091176,0.7992651170221263
42,226,0.092732,0.7225398651915247
43,226,0.090548,0.6678902309860016
44,226,0.090692,0.7054337082788122
45,226,0.088552,0.7473834791863256
46,226,0.775052,0.8405448074878112
47,226,0.76824,0.8298324863185469
48,226,0.096228,0.6887359481035712
49,226,0.093652,0.7755770161375161
50,226,0.09478,0.7098645662501252
1,227,0.088908,0.7589323382175772
2,227,0.087912,0.7784343618317796
3,227,0.087864,0.6843261512463034
4,227,0.088388,0.6803570646831508
5,227,0.82566,0.9455510182230247
6,227,0.090032,0.7705528788610774
7,227,0.089196,0.7664222405869725
8,227,0.091852,0.8060881219932187
9,227,0.0869,0.6540692213769137
10,227,0.086552,0.6865443612964534
11,227,0.09098,0.6879403556023966
12,227,0.085576,0.7648664510229428
13,227,0.087012,0.7300071318708702
14,227,0.0876,0.7822923890724649
15,227,0.09096,0.775680605926677
16,227,0.086784,0.723832125371475
17,227,0.086232,0.7440935858105011
18,227,0.090812,0.7305824342861379
19,227,0.086008,0.6526440837171488
20,227,0.091992,0.7092791432319845
21,227,0.090356,0.7012967292053787
22,227,0.088452,0.6666666666666667
23,227,0.085844,0.693485297241905
24,227,0.08586,0.6986749831281466
25,227,0.088492,0.7340523974463461
26,227,0.09062,0.7290832220738763
27,227,0.086336,0.7547425474254742
28,227,0.088512,0.6747959779640417
29,227,0.09026,0.7218223354209475
30,227,0.087864,0.7776249303195412
31,227,0.087128,0.7783494630242149
32,227,0.098696,0.7920037089906422
33,227,0.094496,0.7350813095493945
34,227,0.082844,0.7519191414099322
35,227,0.088536,0.700579819982805
36,227,0.083832,0.764766521787585
37,227,0.089368,0.7476681016810168
38,227,0.786496,0.9428794034725848
39,227,0.086436,0.8522431753674231
40,227,0.094544,0.795316255049343
41,227,0.08682,0.7651858730222814
42,227,0.08578,0.7205739771184797
43,227,0.08578,0.7417423388789466
44,227,0.088548,0.7024799800719532
45,227,0.088336,0.7184906920444111
46,227,0.087088,0.7130551454660929
47,227,0.820488,0.9346645419946603
48,227,0.089092,0.7783146536041673
49,227,0.091048,0.7422612129619215
50,227,0.085912,0.7113595942576566
1,228,0.092324,0.7746097530816822
2,228,0.097408,0.7360623103534915
3,228,0.093088,0.6351211726059415
4,228,0.093068,0.7205363135591538
5,228,0.107472,0.7312515675946828
6,228,0.104028,0.717955802083444
7,228,0.096244,0.7369134192522625
8,228,0.09924,0.7413490318245678
9,228,0.104876,0.7211588314340434
10,228,0.0891,0.6351200446677834
11,228,0.090256,0.6532261403370105
12,228,0.092424,0.7264269489149872
13,228,0.084976,0.6847827896831344
14,228,0.09182,0.6991034872229281
15,228,0.09052,0.6846551171749848
16,228,0.090772,0.6419835027673609
17,228,0.0859,0.7374012757868302
18,228,0.095248,0.7231389677173232
19,228,0.09778,0.6839516612820458
20,228,0.097744,0.689570431534454
21,228,0.096752,0.7403691578366834
22,228,0.096716,0.688062579188013
23,228,0.09476,0.7220463764038357
24,228,0.095504,0.6848882221110926
25,228,0.108724,0.8238756454504107
26,228,0.098656,0.7437046792746373
27,228,0.096152,0.7521367521367522
28,228,0.102612,0.7510297055583562
29,228,0.104404,0.7606657759964374
30,228,0.100168,0.833050559891415
31,228,0.090724,0.6929230623796188
32,228,0.09692,0.7162184207630994
33,228,0.109756,0.6958233671855598
34,228,0.088656,0.6802907313512184
35,228,0.10272,0.8145611547673404
36,228,0.091224,0.7111712036536266
37,228,0.102908,0.7662847009071687
38,228,0.112868,0.7910534187351018
39,228,0.104504,0.7127930200777883
40,228,0.101452,0.6907288560097513
41,228,0.094868,0.7189963405006631
42,228,0.105936,0.8209974307535282
43,228,0.091996,0.6846194358909301
44,228,0.103828,0.7459232600712444
45,228,0.096696,0.7295482295482295
46,228,0.090304,0.6965591808179101
47,228,0.118592,0.7936188248058862
48,228,0.091296,0.7018541604828337
49,228,0.109636,0.7780697485806976
50,228,0.098148,0.751561602737639
1,229,0.094524,0.7865868071383951
2,229,0.089676,0.8232474785363006
3,229,0.095248,0.6895075426445206
4,229,0.08866,0.7398832834216387
5,229,0.087272,0.6861847047120206
6,229,0.090208,0.8174897288790067
7,229,0.093852,0.7469564722709837
8,229,0.09368,0.835610531705608
9,229,0.104208,0.7634398976505123
10,229,0.097572,0.70196178645897
11,229,0.093516,0.7307989324626581
12,229,0.084296,0.8015783648525096
13,229,0.086084,0.7174482174482174
14,229,0.091872,0.7790869432278681
15,229,0.087132,0.7908391186930378
16,229,0.088676,0.72488707879763
17,229,0.090192,0.7572886578085885
18,229,0.093928,0.7238935116042008
19,229,0.092972,0.7579160331347574
20,229,0.092404,0.7193821301888601
21,229,0.093804,0.8298647335241509
22,229,0.089768,0.7627645167849989
23,229,0.086636,0.779070139145763
24,229,0.090556,0.7043267018053604
25,229,0.101712,0.8568002740664612
26,229,0.092528,0.7664306187826674
27,229,0.098592,0.8263960206069674
28,229,0.092548,0.8364663963631896
29,229,0.09106,0.8320857732110633
30,229,0.097436,0.9006433331487327
31,229,0.087384,0.7769737703881369
32,229,0.099304,0.8337054515316048
33,229,0.101144,0.7125639271637513
34,229,0.098044,0.7783866389251788
35,229,0.093588,0.8155394493071233
36,229,0.088348,0.8742558306689469
37,229,0.091984,0.7939225383831625
38,229,0.097592,0.7965525793650793
39,229,0.097352,0.8120416729884186
40,229,0.095324,0.7357315739391715
41,229,0.0841,0.753866055960103
42,229,0.088588,0.7058199106520759
43,229,0.08478,0.7033920016396382
44,229,0.102488,0.7666251774709861
45,229,0.088504,0.7663128489158548
46,229,0.089952,0.7115704326971932
47,229,0.115112,0.8241809035789991
48,229,0.091448,0.768602602910745
49,229,0.09388,0.7044991196367343
50,229,0.088516,0.7548589914168689
1,230,0.086956,0.7804892498108805
2,230,0.094992,0.7601513168890357
3,230,0.086804,0.6583187569927039
4,230,0.08798,0.7028854101131219
5,230,0.085696,0.6690214356808196
6,230,0.086828,0.7484358913439455
7,230,0.665188,0.3667212303104982
8,230,0.30114,0.7136364939645038
9,230,0.089636,0.7024303664710272
10,230,0.093324,0.6819208399425939
11,230,0.089416,0.7636296441226983
12,230,0.087296,0.768746976294146
13,230,0.084372,0.6934431857191898
14,230,0.089444,0.6795890303316046
15,230,0.084496,0.7580819926209383
16,230,0.08618,0.6777940518328655
17,230,0.085556,0.6996310615823921
18,230,0.093856,0.7651305798292131
19,230,0.088808,0.6837193761262067
20,230,0.086672,0.7865234222166987
21,230,0.096532,0.7542431631287053
22,230,0.091516,0.7452670892182796
23,230,0.088632,0.7806665682868041
24,230,0.085244,0.6796202161123686
25,230,0.089668,0.8210274393483674
26,230,0.087572,0.8141276683665324
27,230,0.092844,0.7570117149351918
28,230,0.085616,0.7028220371567523
29,230,0.087948,0.8249440636515437
30,230,0.090664,0.8235307593272213
31,230,0.08696,0.7405028030223894
32,230,0.091904,0.7846742996261495
33,230,0.091496,0.7260590385796256
34,230,0.083428,0.6706062158256604
35,230,0.088128,0.7010985770109858
36,230,0.086112,0.790660765066998
37,230,0.088748,0.7853695547743792
38,230,0.087632,0.7478913982991774
39,230,0.091992,0.7942150314704737
40,230,0.088592,0.7251673966671701
41,230,0.08962,0.8250439885420874
42,230,0.084268,0.7632559512280604
43,230,0.085468,0.6531697487808659
44,230,0.088352,0.6899914567113175
45,230,0.083616,0.6919622657617279
46,230,0.0892,0.7142340163917572
47,230,0.102432,0.7155934343434344
48,230,0.089068,0.7829663833679092
49,230,0.09286,0.7376074937951148
50,230,0.088252,0.7304420795666934
1,231,0.086556,0.7947791220701172
2,231,0.08916,0.8436971990195379
3,231,0.086328,0.7120638068841593
4,231,0.091864,0.7921375320101034
5,231,0.08528,0.7180737053170159
6,231,0.087304,0.8219030384208
7,231,0.087884,0.73120601816354
8,231,0.087744,0.8263648494000218
9,231,0.095128,0.7881213160072766
10,231,0.09106,0.7549722063703421
11,231,0.089832,0.7895144904288312
12,231,0.08494,0.8475796338098821
13,231,0.086408,0.7113522431626372
14,231,0.088496,0.7667208930153817
15,231,0.0871,0.7895010156156652
16,231,0.085504,0.7461234092610416
17,231,0.087884,0.7857376112335701
18,231,0.091104,0.765630747384539
19,231,0.085684,0.7662234236202127
20,231,0.087328,0.7994661327994661
21,231,0.1006,0.8501333469228286
22,231,0.08904,0.7759181775918178
23,231,0.091184,0.780611623985118
24,231,0.085692,0.7395480375547084
25,231,0.090248,0.8213570654469977
26,231,0.087672,0.8162816281628162
27,231,0.088952,0.7663352272727273
28,231,0.087076,0.7971415591158582
29,231,0.089836,0.8947109140579514
30,231,0.08852,0.794816512926878
31,231,0.086376,0.7973067089217021
32,231,0.088176,0.7863362690948897
33,231,0.096356,0.7671199581950976
34,231,0.082644,0.7530043217621637
35,231,0.087988,0.7779798714684127
36,231,0.086852,0.870622397050032
37,231,0.089024,0.7748761500353857
38,231,0.09442,0.7984176524229696
39,231,0.087676,0.7900894480534313
40,231,0.093076,0.7632031595734909
41,231,0.088584,0.7532916991933386
42,231,0.087196,0.782473639862449
43,231,0.084752,0.7297826460822056
44,231,0.08544,0.6960231089614403
45,231,0.086132,0.7431357250851836
46,231,0.086456,0.7278765451267587
47,231,0.098432,0.7664923125693454
48,231,0.093012,0.7051846131042929
49,231,0.090076,0.7437269862961697
50,231,0.086888,0.7656244394216626
1,232,0.08444,0.674698894844815
2,232,0.083952,0.6675199406418104
3,232,0.089316,0.6605307315125195
4,232,0.087508,0.7449640209569773
5,232,0.090284,0.7074201672207112
6,232,0.088524,0.7239894511318231
7,232,0.090084,0.761491469384065
8,232,0.092136,0.7156062817537228
9,232,0.08978,0.6056838302870302
10,232,0.087328,0.6818282707215987
11,232,0.090432,0.64622508076883
12,232,0.086232,0.7288655107474512
13,232,0.088152,0.7026998194649597
14,232,0.087516,0.6514890980209906
15,232,0.090592,0.7363668113555855
16,232,0.086556,0.6904520834362292
17,232,0.084228,0.7015239614421461
18,232,0.0879,0.6670955607495023
19,232,0.088996,0.6445780404410932
20,232,0.092596,0.7185426771477951
21,232,0.089424,0.7457360775746427
22,232,0.09076,0.715542925612876
23,232,0.08736,0.694882172278194
24,232,0.087888,0.6134873784842455
25,232,0.09186,0.707109575104017
26,232,0.086796,0.6972560609635452
27,232,0.089232,0.7119104716227018
28,232,0.0882,0.6329917471887573
29,232,0.09032,0.7081030528042827
30,232,0.090676,0.7561370621166329
31,232,0.089104,0.6999870537592646
32,232,0.0887,0.7678377176177327
33,232,0.089724,0.683553571639447
34,232,0.083228,0.7272723202693385
35,232,0.088604,0.7390520053732489
36,232,0.085684,0.7733597588670053
37,232,0.089648,0.7243158840803006
38,232,0.085648,0.7314166295042978
39,232,0.091228,0.7151695931856791
40,232,0.090968,0.6915571555743792
41,232,0.082648,0.698718786200169
42,232,0.089576,0.627623466971623
43,232,0.088872,0.65983860955928
44,232,0.086852,0.6745954204611705
45,232,0.083924,0.7130629863866302
46,232,0.085676,0.6518368122343331
47,232,0.091008,0.6923922085668095
48,232,0.084932,0.6751506922586352
49,232,0.092764,0.6798506897074428
50,232,0.088732,0.6863222054465135
1,233,0.08646,0.6514572430959801
2,233,0.086116,0.7342242116468596
3,233,0.088256,0.6170977406661753
4,233,0.086072,0.6826767006049874
5,233,0.083632,0.6362170513080189
6,233,0.085324,0.7390004782400765
7,233,0.088284,0.749054912506333
8,233,0.086884,0.7435752822154018
9,233,0.086984,0.6472233846344602
10,233,0.085484,0.6581833453323734
11,233,0.08884,0.6688987224212342
12,233,0.084976,0.7273464805532532
13,233,0.082288,0.6806678127592608
14,233,0.088824,0.7003930549464829
15,233,0.086416,0.681783519490423
16,233,0.083268,0.6624962321569405
17,233,0.081596,0.692695335417378
18,233,0.090096,0.6979406130268199
19,233,0.08316,0.659259808220419
20,233,0.083812,0.7265063184311635
21,233,0.086312,0.7150940426201751
22,233,0.085716,0.6937339593114241
23,233,0.083552,0.6768774206528846
24,233,0.082412,0.6832367317388716
25,233,0.088588,0.7067853361892803
26,233,0.087676,0.7201931707563748
27,233,0.086524,0.7140901249168139
28,233,0.08472,0.7110938578329883
29,233,0.088728,0.7341106538637402
30,233,0.08782,0.7308831362522638
31,233,0.084168,0.7096557492859713
32,233,0.088308,0.6833685203844985
33,233,0.087508,0.7045253067548198
34,233,0.082608,0.6864789711505039
35,233,0.085912,0.7505594337015343
36,233,0.08574,0.6965377208406598
37,233,0.085756,0.7278245179243027
38,233,0.082828,0.7191615432593781
39,233,0.086032,0.7344953366970273
40,233,0.088388,0.6845463856482149
41,233,0.082292,0.7670636445127418
42,233,0.083384,0.7015984405458089
43,233,0.087172,0.6768630003254149
44,233,0.085408,0.6267167336658335
45,233,0.08452,0.6671291010357712
46,233,0.084764,0.6422930912567205
47,233,0.08978,0.6768751267768259
48,233,0.0826,0.6765457527558455
49,233,0.089976,0.6595216615087114
50,233,0.084752,0.6976220466430016
1,234,0.084724,0.7139512136006372
2,234,0.084904,0.6929344966770626
3,234,0.090264,0.6433522790594004
4,234,0.089588,0.678739361452015
5,234,0.084496,0.7078707832012991
6,234,0.090632,0.7323224803123553
7,234,0.090512,0.7851892929132888
8,234,0.088528,0.7566062887163805
9,234,0.090572,0.6465092589494503
10,234,0.087696,0.6721686316541622
11,234,0.086876,0.7180482383582331
12,234,0.08602,0.7486761909838834
13,234,0.084484,0.7018604054400821
14,234,0.088568,0.7081437081437082
15,234,0.086892,0.6430549769322161
16,234,0.084096,0.6218155055875119
17,234,0.083752,0.6601143483901596
18,234,0.090548,0.7201535774905341
19,234,0.089612,0.6736923639817215
20,234,0.088976,0.7110355476706749
21,234,0.091928,0.7038245294690102
22,234,0.093776,0.668199462967272
23,234,0.085312,0.7070881446528817
24,234,0.085144,0.6269610109415935
25,234,0.091424,0.6877703988504408
26,234,0.089116,0.7254074936273712
27,234,0.0858,0.7566775449290215
28,234,0.086128,0.6587137011877806
29,234,0.08658,0.7135859855893385
30,234,0.087212,0.7980669882175241
31,234,0.084648,0.6801395899545086
32,234,0.088416,0.7508112909165746
33,234,0.090176,0.6638364671777068
34,234,0.083736,0.7205272171901761
35,234,0.08906,0.714987137627387
36,234,0.08518,0.7421565091958169
37,234,0.087568,0.7545959436184048
38,234,0.0867,0.7354363033553785
39,234,0.087708,0.7135532237642133
40,234,0.090884,0.6580233122327162
41,234,0.083932,0.7547742518237298
42,234,0.086204,0.7521720165927824
43,234,0.08732,0.642791361606115
44,234,0.088624,0.6646320351372695
45,234,0.086204,0.7087861687062752
46,234,0.087832,0.6750967731668795
47,234,0.091596,0.6357577734290063
48,234,0.087488,0.6935094237820206
49,234,0.089072,0.7219603441825664
50,234,0.087396,0.7541272858475457
1,235,0.085568,0.7100789080827469
2,235,0.088792,0.6550240445456845
3,235,0.088664,0.6308718841355917
4,235,0.089164,0.6071656176380028
5,235,0.083752,0.636567791902744
6,235,0.089476,0.6458002007692394
7,235,0.091928,0.7636605088645284
8,235,0.088248,0.6517783387315529
9,235,0.088164,0.5797643551459807
10,235,0.0903,0.6415143264618177
11,235,0.087816,0.6547706261991977
12,235,0.085564,0.5956322066937589
13,235,0.084032,0.5949689480425877
14,235,0.087844,0.6821629822280018
15,235,0.088968,0.6063264735608456
16,235,0.087172,0.5854624361624298
17,235,0.084564,0.6622929496168932
18,235,0.091824,0.6220029309800331
19,235,0.089476,0.6335293682497412
20,235,0.087368,0.6341207289380205
21,235,0.090148,0.6068335227011281
22,235,0.089856,0.6480899433347979
23,235,0.08576,0.6761979370675023
24,235,0.08746,0.5713597047950003
25,235,0.0874,0.7026691495965239
26,235,0.089688,0.6501695733692473
27,235,0.0867,0.6467825215333869
28,235,0.086828,0.6126244271811571
29,235,0.088872,0.5927251736166109
30,235,0.08764,0.6741372581814128
31,235,0.084612,0.6186801602361375
32,235,0.088368,0.6584304800829811
33,235,0.09326,0.6445935433683392
34,235,0.08522,0.709542946898981
35,235,0.0906,0.6838488776576661
36,235,0.086836,0.614214648995805
37,235,0.087248,0.6864609234069523
38,235,0.084332,0.6975031641928431
39,235,0.089292,0.6308125793967325
40,235,0.088124,0.6338841546808542
41,235,0.084184,0.6353068205103956
42,235,0.084932,0.6748305530878821
43,235,0.08894,0.5855832332410744
44,235,0.090268,0.5768023167200123
45,235,0.08378,0.6617956382154323
46,235,0.085304,0.5861587924363795
47,235,0.089784,0.6876789244760775
48,235,0.0867,0.643589445991953
49,235,0.090608,0.6371464120943855
50,235,0.08444,0.6810684145568564
1,236,0.083852,0.7844374193058403
2,236,0.08254,0.716208269852725
3,236,0.086024,0.6941760902668563
4,236,0.084452,0.7324303807583203
5,236,0.08158,0.6794234057306269
6,236,0.08314,0.7466389714243792
7,236,0.086712,0.7487175419112593
8,236,0.084332,0.7936221850310164
9,236,0.087496,0.7054790258956459
10,236,0.084056,0.7527382681538729
11,236,0.086764,0.7491649260111225
12,236,0.082488,0.7706231115671853
13,236,0.083236,0.7208828115629123
14,236,0.08696,0.7459754254550234
15,236,0.085284,0.7394493867546088
16,236,0.081196,0.7282801968324856
17,236,0.083832,0.7010570733492648
18,236,0.084952,0.7154631863902511
19,236,0.085532,0.7103009970634434
20,236,0.084112,0.7310869023461141
21,236,0.083988,0.747872688594338
22,236,0.086696,0.7506781533024077
23,236,0.084656,0.7622073670600534
24,236,0.085416,0.6509058035661183
25,236,0.085156,0.775302679120808
26,236,0.08762,0.775515619237792
27,236,0.086232,0.8174726242438165
28,236,0.082164,0.7849366990441846
29,236,0.086732,0.8144448713023436
30,236,0.085628,0.7321489534914258
31,236,0.083048,0.7257288727663577
32,236,0.08676,0.7508002737488134
33,236,0.089344,0.7035956294783258
34,236,0.082592,0.7108634111818826
35,236,0.084644,0.734381936675368
36,236,0.083328,0.7690646536345369
37,236,0.083856,0.7906050917363232
38,236,0.082512,0.7530698691989015
39,236,0.084488,0.752068292239931
40,236,0.087768,0.7225198299625564
41,236,0.08258,0.7711915513958336
42,236,0.080996,0.725451582547224
43,236,0.084408,0.670039403436901
44,236,0.087248,0.7295579708283015
45,236,0.081088,0.707661860333616
46,236,0.083708,0.6439946116282985
47,236,0.085052,0.7525363299936818
48,236,0.08514,0.7196851418162893
49,236,0.08822,0.6735967804422939
50,236,0.083984,0.7247169143665959
1,237,0.084928,0.7591954965294858
2,237,0.084944,0.751089457301394
3,237,0.084976,0.704585402481271
4,237,0.088668,0.7857936026254861
5,237,0.083192,0.6804699195656034
6,237,0.086256,0.8350933645361025
7,237,0.087164,0.7791168486895261
8,237,0.08406,0.798550390057619
9,237,0.085524,0.7250967969024991
10,237,0.084304,0.7449756511456824
11,237,0.086752,0.7466645572957865
12,237,0.083312,0.8616144633331259
13,237,0.086104,0.6898265284185808
14,237,0.086808,0.7821958782689827
15,237,0.08598,0.7487920772714948
16,237,0.081168,0.7571072698575695
17,237,0.082772,0.7012711125069794
18,237,0.088972,0.741111111111111
19,237,0.085008,0.7094611117546366
20,237,0.084656,0.7718258934779585
21,237,0.086088,0.7685586346585285
22,237,0.085188,0.780947194995951
23,237,0.083368,0.773373696222109
24,237,0.086172,0.6839508906603681
25,237,0.08578,0.7900529011593432
26,237,0.087692,0.7631511316708318
27,237,0.086436,0.8399892410015649
28,237,0.083036,0.830254751395691
29,237,0.086156,0.804584833111319
30,237,0.08378,0.8129601851034834
31,237,0.082196,0.7381263976709694
32,237,0.08582,0.8495318547705043
33,237,0.088852,0.7289539369185387
34,237,0.080752,0.7790123456790123
35,237,0.084376,0.8275681341719079
36,237,0.085208,0.8170806100217866
37,237,0.083636,0.7864249465811967
38,237,0.081536,0.8003537431189014
39,237,0.088008,0.81419799814955
40,237,0.086704,0.7723254718689998
41,237,0.081116,0.7625694713713326
42,237,0.082192,0.7399844445364886
43,237,0.083368,0.7454915768178685
44,237,0.085064,0.7458014891225997
45,237,0.08234,0.7702469981541741
46,237,0.085048,0.710767512777563
47,237,0.086884,0.6753402448395025
48,237,0.083064,0.7451834746791656
49,237,0.087084,0.7064255017315476
50,237,0.084448,0.7066763075439866
1,238,0.085812,0.786541510337485
2,238,0.083816,0.7636853653219035
3,238,0.08592,0.7260546851317761
4,238,0.083644,0.7337777777777778
5,238,0.082312,0.7114824290232029
6,238,0.08388,0.8346337136757919
7,238,0.08706,0.7318727379922624
8,238,0.08486,0.7571462352095896
9,238,0.086624,0.6799756468797565
10,238,0.084432,0.774849014807042
11,238,0.085848,0.7274448004306565
12,238,0.082164,0.818640393890473
13,238,0.083712,0.7325217344566722
14,238,0.086656,0.7719803612515174
15,238,0.084696,0.7337873366762876
16,238,0.082172,0.6976047380346255
17,238,0.082424,0.7555611634514731
18,238,0.086264,0.761758925720556
19,238,0.082852,0.7008449845376541
20,238,0.08318,0.7046350053175724
21,238,0.0818,0.8032231462438026
22,238,0.085784,0.787150668993601
23,238,0.081972,0.7892447607750099
24,238,0.083008,0.7097424943633559
25,238,0.084412,0.8038249391815401
26,238,0.084224,0.7899887305459267
27,238,0.084308,0.8376195334693715
28,238,0.083944,0.8474601217030303
29,238,0.086184,0.8248169545680515
30,238,0.084912,0.7933241494231653
31,238,0.0833,0.7169536230731507
32,238,0.085076,0.8044721863490697
33,238,0.087184,0.7263591109744956
34,238,0.081584,0.7554394263405608
35,238,0.082452,0.7986337913515952
36,238,0.081912,0.7726660241010075
37,238,0.085872,0.7528270755362388
38,238,0.082112,0.8169178219811131
39,238,0.084644,0.7986872465138942
40,238,0.085368,0.7194784977622105
41,238,0.08098,0.7976737342450859
42,238,0.08268,0.7442228291355164
43,238,0.083296,0.7236185156977237
44,238,0.086828,0.6739237881692043
45,238,0.080892,0.7487468760482069
46,238,0.083508,0.6819071977850372
47,238,0.086788,0.681965868200242
48,238,0.08232,0.7861682750067822
49,238,0.089796,0.7033798547113982
50,238,0.085484,0.6916761620942531
1,239,0.08524,0.8174696549353397
2,239,0.083072,0.8144615780768735
3,239,0.086644,0.6868921308576481
4,239,0.084476,0.757769000795414
5,239,0.084144,0.6713617351915224
6,239,0.086032,0.8223553182973347
7,239,0.088144,0.7544374178963126
8,239,0.085904,0.7749355924122818
9,239,0.083028,0.7302410837735713
10,239,0.084284,0.7567939881557147
11,239,0.087412,0.6946779744346117
12,239,0.082948,0.8410009182736455
13,239,0.084612,0.7210289360958126
14,239,0.085632,0.7623995792757012
15,239,0.083508,0.7372715286808265
16,239,0.084568,0.7514403963753236
17,239,0.082292,0.7676262885130134
18,239,0.085604,0.723203340567186
19,239,0.08298,0.7192867753671532
20,239,0.083768,0.7464646464646464
21,239,0.08248,0.7995858237886327
22,239,0.08672,0.7571655519510859
23,239,0.083236,0.773775774413638
24,239,0.084028,0.684186836946737
25,239,0.085512,0.7911426240117048
26,239,0.085564,0.7790307889346632
27,239,0.083888,0.8072633852980674
28,239,0.084144,0.7765212784411907
29,239,0.086744,0.8233080546937837
30,239,0.084616,0.8164111408290827
31,239,0.08606,0.7430654809168387
32,239,0.085128,0.778232808654873
33,239,0.087752,0.7496752029436641
34,239,0.081692,0.75000117121802
35,239,0.083512,0.804912054912055
36,239,0.082648,0.7784953643904821
37,239,0.086396,0.7633423301844354
38,239,0.082088,0.7950174653636328
39,239,0.08584,0.7888679201323362
40,239,0.08484,0.7779361286927201
41,239,0.080964,0.7728139511186806
42,239,0.082092,0.7758713419963312
43,239,0.084208,0.7174794348014327
44,239,0.085452,0.7320431691904242
45,239,0.08218,0.7722788360015862
46,239,0.084512,0.6690092596011438
47,239,0.086104,0.6841746612315941
48,239,0.083324,0.8118806031872627
49,239,0.087396,0.6942928995052262
50,239,0.084044,0.7130435919562772
1,240,0.098684,0.6995815807921487
2,240,0.101056,0.7578140823540651
3,240,0.092708,0.6747896721787061
4,240,0.094948,0.743814154511075
5,240,0.103108,0.6266182040201101
6,240,0.10402,0.733728237837916
7,240,0.09602,0.771458100992275
8,240,0.099856,0.7410770502871273
9,240,0.102708,0.673039140835751
10,240,0.0979,0.6716380253862663
11,240,0.09298,0.6713907403667049
12,240,0.095008,0.7714035652654958
13,240,0.094484,0.6656655010760703
14,240,0.092976,0.7180545151151222
15,240,0.091768,0.7156872166962984
16,240,0.091748,0.6515235477530995
17,240,0.088052,0.6734982416120141
18,240,0.126316,0.6473613279425696
19,240,0.093524,0.6218585744589694
20,240,0.094948,0.6958032581311638
21,240,0.099536,0.7252415255977922
22,240,0.107148,0.7211968680089484
23,240,0.096496,0.7050469510040522
24,240,0.099444,0.7431600729999466
25,240,0.095848,0.7528825428875907
26,240,0.098252,0.7064836697030553
27,240,0.114828,0.7328152764712031
28,240,0.1052,0.7072602365566862
29,240,0.092064,0.7409861825840501
30,240,0.110096,0.7446016201184862
31,240,0.092132,0.6857130776386294
32,240,0.095796,0.709200586097315
33,240,0.10892,0.7274833270028984
34,240,0.089748,0.7386786855029099
35,240,0.095896,0.725152318496814
36,240,0.093996,0.75345842531273
37,240,0.112488,0.7351214358315948
38,240,0.097216,0.7747323062966743
39,240,0.127284,0.8574467509452595
40,240,0.103724,0.7498976214983786
41,240,0.088776,0.667871725574158
42,240,0.103032,0.685807396406988
43,240,0.096904,0.6748604036668144
44,240,0.091716,0.6673041523326695
45,240,0.109636,0.7267002903866728
46,240,0.096396,0.7114645792326101
47,240,0.103452,0.6775633011110095
48,240,0.094596,0.7592974277184803
49,240,0.09462,0.6829206434456342
50,240,0.112984,0.6812919635676747
1,241,0.087676,0.698544621749409
2,241,0.083676,0.7191726753544574
3,241,0.085572,0.6608649281498589
4,241,0.086408,0.6684067872722608
5,241,0.087696,0.6553283225543319
6,241,0.091576,0.764845423936333
7,241,0.095592,0.8148449507277823
8,241,0.0917,0.7595356550580432
9,241,0.100556,0.6879670834216288
10,241,0.09376,0.7348539531302632
11,241,0.092576,0.7407421039501719
12,241,0.088412,0.7578199735293734
13,241,0.085892,0.7012139248274528
14,241,0.090064,0.7507783392027765
15,241,0.0845,0.7159580299115184
16,241,0.090148,0.6921179144787384
17,241,0.081668,0.6836958026229281
18,241,0.086628,0.7290564801524184
19,241,0.11164,0.705711154685371
20,241,0.095564,0.73026941362916
21,241,0.109136,0.7881341345960179
22,241,0.09336,0.7217761600589991
23,241,0.091788,0.7147364380143478
24,241,0.092132,0.682227503568736
25,241,0.09316,0.7499188715130154
26,241,0.089144,0.7320654618524545
27,241,0.092536,0.7463388518243967
28,241,0.09386,0.7706671009064756
29,241,0.093124,0.824733243111665
30,241,0.094728,0.7523131268938472
31,241,0.08854,0.7368757103270377
32,241,0.095808,0.7423970669168972
33,241,0.105168,0.7887143449277676
34,241,0.088212,0.7691427507018453
35,241,0.086064,0.7391220351783064
36,241,0.084584,0.744274997865063
37,241,0.094524,0.7617833924349883
38,241,0.092316,0.8044315737508374
39,241,0.114124,0.8562053832099602
40,241,0.091536,0.7387106357694593
41,241,0.100416,0.7413456785931233
42,241,0.090568,0.7296300422066269
43,241,0.085776,0.7451076950378208
44,241,0.100876,0.6993461951844829
45,241,0.092848,0.7424595294713703
46,241,0.094328,0.6924189420441293
47,241,0.104792,0.7427167414456792
48,241,0.090276,0.7704904513888888
49,241,0.08974,0.721171126609619
50,241,0.101316,0.7089691841683036
1,242,0.089932,0.778353619671814
2,242,0.092892,0.7862574116293347
3,242,0.089284,0.6855268845347007
4,242,0.096824,0.7238664673642252
5,242,0.089444,0.692778736458633
6,242,0.090384,0.7289825796350689
7,242,0.115992,0.8082928204044246
8,242,0.090932,0.7371351575456053
9,242,0.09232,0.6857951798908916
10,242,0.094392,0.7023605700912744
11,242,0.093324,0.6854134186079152
12,242,0.087912,0.7650998684367898
13,242,0.088428,0.7000061150859169
14,242,0.0906,0.7984178613018511
15,242,0.092584,0.7613680626232927
16,242,0.088664,0.6634634424759177
17,242,0.087056,0.733272982002371
18,242,0.098012,0.7277454448628704
19,242,0.091996,0.685694598423257
20,242,0.095824,0.7180744484056935
21,242,0.087704,0.8006487025948104
22,242,0.09004,0.7432556099577013
23,242,0.090224,0.720691816941402
24,242,0.08914,0.6879781028877414
25,242,0.090756,0.7741060087827674
26,242,0.09226,0.7551149000805365
27,242,0.286336,0.8544917162015929
28,242,0.0945,0.7061084398937661
29,242,0.095456,0.7687325639985744
30,242,0.09362,0.7918595679012346
31,242,0.091852,0.74389875596265
32,242,0.09104,0.7577569934890034
33,242,0.094376,0.7223635250341481
34,242,0.086184,0.7388967790577384
35,242,0.101676,0.7573207303648029
36,242,0.088288,0.7738928985119844
37,242,0.090412,0.779787946868472
38,242,0.092556,0.6927171387325629
39,242,0.090096,0.8112476112476112
40,242,0.09276,0.7103554138623214
41,242,0.088904,0.7707330406108378
42,242,0.088296,0.7306048088126258
43,242,0.089088,0.6556462132253092
44,242,0.092796,0.6941580756013745
45,242,0.08228,0.7497384390039757
46,242,0.095632,0.6460941843851833
47,242,0.683108,0.8530552356290256
48,242,0.089624,0.7775926807340421
49,242,0.091792,0.7981166712891424
50,242,0.095752,0.6987268401051006
1,243,0.088988,0.7714261786381748
2,243,0.092748,0.7487813420689371
3,243,0.08704,0.6585822142045834
4,243,0.08812,0.7192382914745434
5,243,0.082804,0.7111402393814215
6,243,0.08584,0.7859335739200304
7,243,0.091076,0.740225587337197
8,243,0.092576,0.7769932634092266
9,243,0.093552,0.6971833419733886
10,243,0.085816,0.7237723383187835
11,243,0.087184,0.7538095238095238
12,243,0.088668,0.7896935052738043
13,243,0.081948,0.7272487530293317
14,243,0.086156,0.7591515151515152
15,243,0.086916,0.7236564647628804
16,243,0.08758,0.6841453177716436
17,243,0.083328,0.7428693758938901
18,243,0.08762,0.7257241578375442
19,243,0.101312,0.7067918178132278
20,243,0.088308,0.7608427575250909
21,243,0.088476,0.7270155229686889
22,243,0.087336,0.739122533748702
23,243,0.087804,0.7277699222515213
24,243,0.086876,0.690535070559431
25,243,0.087468,0.7758443525053406
26,243,0.086644,0.7629507079511115
27,243,0.083852,0.7233035686643934
28,243,0.087228,0.7070707070707071
29,243,0.088744,0.80275798309328
30,243,0.090096,0.7556299517280008
31,243,0.088412,0.7130741376024394
32,243,0.08774,0.7618889684877109
33,243,0.093852,0.7471761918116676
34,243,0.082648,0.786066483330921
35,243,0.086556,0.7170174767189692
36,243,0.090536,0.734008745509007
37,243,0.087068,0.7585253251653572
38,243,0.08648,0.7548319337080502
39,243,0.093572,0.8257331019445556
40,243,0.091696,0.7183566314079757
41,243,0.086336,0.7722119909965214
42,243,0.101008,0.736869009107835
43,243,0.085884,0.6903446559661566
44,243,0.086164,0.6928075304264891
45,243,0.091628,0.7014531824577585
46,243,0.086828,0.6932689378031408
47,243,0.18554,0.9188884447799934
48,243,0.08542,0.7596330275229358
49,243,0.0922,0.726431129359802
50,243,0.08626,0.7044166277989974
1,244,0.092868,0.7064464633659647
2,244,0.092716,0.7207209362601431
3,244,0.088712,0.6984822304965401
4,244,0.0899,0.6715536054232252
5,244,0.092592,0.6400814898948924
6,244,0.109628,0.7424501956876057
7,244,0.093676,0.7906948883497845
8,244,0.100752,0.7448375075044461
9,244,0.094916,0.6367064805185255
10,244,0.0929,0.7059225904297318
11,244,0.10132,0.6487964879648795
12,244,0.091864,0.7539634707782967
13,244,0.089552,0.7051945842144923
14,244,0.093804,0.7680925780127218
15,244,0.09428,0.7367611145085154
16,244,0.094036,0.675722010249087
17,244,0.087504,0.663096136907009
18,244,0.110096,0.6922982119864691
19,244,0.105004,0.6809176120363666
20,244,0.104296,0.6979118185485123
21,244,0.091352,0.8037995530984875
22,244,0.087996,0.6865899549560438
23,244,0.088884,0.724484722378905
24,244,0.094248,0.7174573032785925
25,244,0.092772,0.7401331082238372
26,244,0.093672,0.7137858560240468
27,244,0.091856,0.7224884242453575
28,244,0.095276,0.6900392033754518
29,244,0.108116,0.8132416812010533
30,244,0.108604,0.7808695715657179
31,244,0.089748,0.6977209004245775
32,244,0.099152,0.7539688079228807
33,244,0.113904,0.7636469757011642
34,244,0.089356,0.7708075623985612
35,244,0.088724,0.7588343726712947
36,244,0.08824,0.7214673913043478
37,244,0.094088,0.7454491015541233
38,244,0.097272,0.7407173882583717
39,244,0.111316,0.791372998371312
40,244,0.10882,0.728368013769316
41,244,0.088064,0.7059000589634797
42,244,0.092688,0.7308029244228059
43,244,0.098292,0.6426387738617425
44,244,0.091224,0.6705855469865752
45,244,0.09028,0.699855077671182
46,244,0.096088,0.7184637757901564
47,244,0.112348,0.7420784393141624
48,244,0.101836,0.7030558220516647
49,244,0.101092,0.7246638814481666
50,244,0.092656,0.709085758798952
1,245,0.092552,0.8411483341107178
2,245,0.09152,0.8119161601491761
3,245,0.086264,0.7052880409179623
4,245,0.097596,0.805937674877012
5,245,0.08654,0.6756447709209628
6,245,0.08538,0.8080603642140117
7,245,0.09046,0.7766219605277505
8,245,0.089448,0.8603050487498793
9,245,0.092076,0.7380164848902169
10,245,0.084392,0.7016633707441935
11,245,0.092832,0.7239793858123533
12,245,0.084848,0.7504998397804766
13,245,0.084656,0.7749680180494499
14,245,0.089256,0.7838114845414116
15,245,0.082832,0.7474651151005892
16,245,0.08736,0.7833476676086334
17,245,0.088052,0.7344370182581752
18,245,0.095684,0.7263416266006939
19,245,0.088536,0.7226868245477452
20,245,0.086912,0.7732553669710249
21,245,0.085248,0.7891169872246159
22,245,0.090544,0.7725898453597068
23,245,0.08314,0.7934497732130249
24,245,0.090536,0.7526831109245335
25,245,0.094756,0.8199138849586892
26,245,0.090072,0.7886371607552732
27,245,0.096604,0.8219002854506042
28,245,0.089992,0.8115430883639544
29,245,0.093068,0.8110481374323474
30,245,0.097352,0.8340906442968657
31,245,0.1036,0.8255638735187396
32,245,0.104624,0.8144701196472314
33,245,0.10504,0.7870044195157913
34,245,0.10538,0.7945576984045133
35,245,0.099904,0.8764729141953341
36,245,0.08638,0.8137282893171545
37,245,0.089696,0.7617577094416331
38,245,0.09156,0.7641565548417797
39,245,0.094704,0.7932088155532637
40,245,0.09106,0.7227411287335832
41,245,0.08492,0.7615100406008375
42,245,0.084116,0.7780267688939627
43,245,0.086744,0.7414265309064225
44,245,0.090176,0.7060261537408227
45,245,0.087588,0.7322489258631609
46,245,0.097128,0.7719670428693233
47,245,0.114724,0.8419043399604955
48,245,0.087452,0.7861269567675774
49,245,0.091424,0.7879526918941601
50,245,0.087448,0.7316474564074888
1,246,0.086096,0.7844535056817656
2,246,0.085128,0.7945059101654847
3,246,0.08926,0.7036915324789134
4,246,0.08766,0.7390324221342919
5,246,0.085236,0.6883561358311865
6,246,0.091188,0.7849973794549266
7,246,0.08728,0.7444074146681479
8,246,0.089936,0.7670329288826399
9,246,0.090896,0.6953908763959872
10,246,0.093444,0.7061356966551998
11,246,0.088812,0.7029012074106663
12,246,0.083776,0.792621359223301
13,246,0.083148,0.7549056367954006
14,246,0.08838,0.7082236313518993
15,246,0.08418,0.7443766937669377
16,246,0.087276,0.7023932325002382
17,246,0.08468,0.7480609668109668
18,246,0.089108,0.7347652558390712
19,246,0.088328,0.730332321423279
20,246,0.089188,0.7090235120543724
21,246,0.092352,0.7154677232007892
22,246,0.086328,0.710935053282886
23,246,0.088932,0.7513350660098012
24,246,0.08542,0.6893911942455633
25,246,0.091248,0.7506947067959535
26,246,0.092076,0.7519611396481406
27,246,0.090216,0.7894279186353453
28,246,0.08888,0.7242272347535506
29,246,0.091784,0.7591433736615214
30,246,0.091064,0.7932346424441443
31,246,0.087276,0.7613696950309233
32,246,0.53592,0.5499484767872747
33,246,0.090208,0.7672530563669804
34,246,0.082948,0.7288516238208396
35,246,0.090128,0.7684610480019779
36,246,0.081776,0.7253864338970721
37,246,0.0862,0.7554644076278304
38,246,0.083644,0.7360368389780154
39,246,0.096524,0.741966274260261
40,246,0.087916,0.742641219529038
41,246,0.090168,0.808632656484466
42,246,0.09536,0.6656132234277088
43,246,0.087236,0.6993612215656885
44,246,0.086852,0.7216660913588769
45,246,0.089676,0.7511249567324334
46,246,0.088596,0.6979847792998478
47,246,0.096804,0.7211962108271908
48,246,0.088648,0.7596259625962597
49,246,0.089652,0.7328471673088912
50,246,0.087088,0.7051144268659452
1,247,0.083808,0.7880391764178564
2,247,0.087776,0.8294400868658295
3,247,0.083276,0.718562503044231
4,247,0.087476,0.7726276749553238
5,247,0.084396,0.7428919650647167
6,247,0.089928,0.8603693140898223
7,247,0.087508,0.7361778122041484
8,247,0.087572,0.8323086941116761
9,247,0.086536,0.7523492760371627
10,247,0.088912,0.79456464164935
11,247,0.089656,0.8195482477993689
12,247,0.082848,0.8034067271085992
13,247,0.083088,0.7815403714845055
14,247,0.094812,0.7944476281439032
15,247,0.088956,0.7540513086515809
16,247,0.08554,0.782350347004619
17,247,0.08414,0.7650551667962531
18,247,0.088772,0.7534389473228585
19,247,0.08936,0.7679665263185509
20,247,0.087216,0.7857668453694944
21,247,0.088168,0.8083782931939115
22,247,0.091496,0.8462404144403055
23,247,0.08668,0.7982086824351102
24,247,0.083576,0.7157845672172092
25,247,0.092104,0.8528845348739849
26,247,0.085548,0.8074560838379933
27,247,0.086,0.8066333717505443
28,247,0.084804,0.75526132973724
29,247,0.0861,0.8615504343023548
30,247,0.087764,0.8824586031487267
31,247,0.08538,0.7729228503715975
32,247,0.088688,0.8327397253794597
33,247,0.088956,0.7702696751919961
34,247,0.081712,0.7648376046386424
35,247,0.084024,0.7917902428540726
36,247,0.082192,0.827025217245735
37,247,0.086088,0.8013019802912968
38,247,0.085176,0.7733013987530747
39,247,0.089788,0.8358598642516969
40,247,0.376872,0.5882689207814186
41,247,0.085048,0.7936163472949141
42,247,0.087696,0.7970158046373771
43,247,0.08258,0.7329199600254384
44,247,0.0854,0.7096323633055267
45,247,0.084708,0.8023205659075223
46,247,0.085792,0.756772189176187
47,247,0.108644,0.7917876323235009
48,247,0.08736,0.7762609025407661
49,247,0.08966,0.7472078626587529
50,247,0.086416,0.7744801985834985
1,248,0.083172,0.7137133563409893
2,248,0.08504,0.7535031472971201
3,248,0.087396,0.6575702848922663
4,248,0.086352,0.7123240645382768
5,248,0.083028,0.6889274319607717
6,248,0.093336,0.7894330593184362
7,248,0.088032,0.7792882091947514
8,248,0.089816,0.7811244447976547
9,248,0.09018,0.6886689449391212
10,248,0.088576,0.6720819284305173
11,248,0.08518,0.727968442850826
12,248,0.08738,0.8067074679401893
13,248,0.0837,0.705314952096068
14,248,0.088344,0.6937722708130872
15,248,0.088296,0.6920178683322217
16,248,0.087236,0.7038739412057797
17,248,0.087204,0.7664752345937437
18,248,0.088016,0.6754202014425064
19,248,0.086436,0.6893704595501224
20,248,0.086588,0.7739209834144214
21,248,0.088828,0.7966308771164886
22,248,0.0874,0.7232723616043585
23,248,0.082484,0.719409650901052
24,248,0.08144,0.6766621525762558
25,248,0.089036,0.7555711300600916
26,248,0.091992,0.7037561956953942
27,248,0.088416,0.7529676973795656
28,248,0.08164,0.6972377343877205
29,248,0.086844,0.76620735173287
30,248,0.088332,0.7679892073602265
31,248,0.08652,0.6524443816875334
32,248,0.089296,0.737032956363529
33,248,0.088756,0.7097915895918115
34,248,0.081452,0.7621627545720521
35,248,0.089276,0.7062251030464309
36,248,0.084796,0.7920501022494888
37,248,0.085224,0.7050856403446045
38,248,0.083288,0.7632485092802552
39,248,0.090776,0.7746466657125882
40,248,0.0873,0.7843837190218284
41,248,0.0812,0.7575610614251549
42,248,0.087844,0.7248614811995094
43,248,0.090768,0.683705000972952
44,248,0.088564,0.6655208296795163
45,248,0.085836,0.6801207756187293
46,248,0.083752,0.6684994187321328
47,248,0.09064,0.6557247602932882
48,248,0.083916,0.7320962843872811
49,248,0.092684,0.7102351722535339
50,248,0.086404,0.6497553911784275
1,249,0.086956,0.753606470432246
2,249,0.083932,0.7270020060002486
3,249,0.088792,0.6514185168645682
4,249,0.088304,0.724120246007424
5,249,0.082932,0.7449169648591614
6,249,0.084904,0.7663951934074716
7,249,0.090456,0.8090174643863053
8,249,0.084712,0.7735540795819003
9,249,0.087524,0.684851056950002
10,249,0.088112,0.702090306490779
11,249,0.0861,0.6763120671154034
12,249,0.084372,0.7460143308003846
13,249,0.083544,0.666621154761166
14,249,0.087172,0.6910458382410679
15,249,0.08348,0.7527849067711638
16,249,0.082996,0.7051038292924922
17,249,0.0817,0.7411379083331016
18,249,0.089368,0.7063190074312569
19,249,0.082956,0.6992909833752318
20,249,0.086484,0.7863237220285203
21,249,0.085752,0.7447314374936236
22,249,0.086428,0.7247172901112787
23,249,0.08528,0.7534118198324841
24,249,0.083504,0.715464752050118
25,249,0.086816,0.7121951630714244
26,249,0.087648,0.7506839018677295
27,249,0.084636,0.7739804976900267
28,249,0.083908,0.7796319886765747
29,249,0.087276,0.8191779653790398
30,249,0.084952,0.7715620944913161
31,249,0.082688,0.7193231475158121
32,249,0.086692,0.7348625802898022
33,249,0.091836,0.7111142944685185
34,249,0.081008,0.6850519584332534
35,249,0.087832,0.726085777709996
36,249,0.086164,0.7351273489163884
37,249,0.082868,0.7122663381158673
38,249,0.082164,0.7955361346516008
39,249,0.090544,0.7743528225455937
40,249,0.08874,0.7197566466507705
41,249,0.08034,0.7486183641050519
42,249,0.083876,0.7404564652371669
43,249,0.083188,0.7340548985609334
44,249,0.086208,0.7013441231784806
45,249,0.084984,0.7192324227146598
46,249,0.084888,0.622706316274781
47,249,0.089624,0.6838225438949203
48,249,0.085044,0.7051441198175947
49,249,0.089148,0.7071808554037956
50,249,0.0862,0.7164936356149536
1,250,0.085524,0.7676443859913508
2,250,0.08396,0.7931235849643637
3,250,0.087696,0.7042105698111648
4,250,0.08776,0.793855066087371
5,250,0.08276,0.7343794695762331
6,250,0.087344,0.7920613255021991
7,250,0.087812,0.8209174190748446
8,250,0.086208,0.7706858693725026
9,250,0.091612,0.6767728890264925
10,250,0.089072,0.6883144857296715
11,250,0.086832,0.7175966575470298
12,250,0.086172,0.7545911191480812
13,250,0.083664,0.7351423279566993
14,250,0.087128,0.8495486754285377
15,250,0.086024,0.7304792465628343
16,250,0.086048,0.7144002285412163
17,250,0.084524,0.7018072546656066
18,250,0.091888,0.7282020054398571
19,250,0.085408,0.7036952235578452
20,250,0.084868,0.8029813450519151
21,250,0.085396,0.8223417331020847
22,250,0.090324,0.7325022934542119
23,250,0.088172,0.77312010554419
24,250,0.084444,0.7241411144081767
25,250,0.088044,0.787810721772986
26,250,0.090768,0.7166713278776897
27,250,0.087864,0.7542712314015941
28,250,0.086984,0.7160789683898208
29,250,0.087796,0.7549663067162968
30,250,0.085688,0.7993785182666515
31,250,0.082872,0.7633612846342883
32,250,0.08598,0.763629457805993
33,250,0.092684,0.7424584755683261
34,250,0.08386,0.7606869594145043
35,250,0.090836,0.7706890675088555
36,250,0.083044,0.7901695487543111
37,250,0.086716,0.7318721295468195
38,250,0.08426,0.8116591709985786
39,250,0.0874,0.8446651016529849
40,250,0.088468,0.7261466114812571
41,250,0.083264,0.8077147551435788
42,250,0.085708,0.729196351926655
43,250,0.088092,0.7133189416721778
44,250,0.088872,0.6906354246856556
45,250,0.083888,0.734909301168529
46,250,0.083968,0.6765811965811966
47,250,0.087096,0.706139198538703
48,250,0.08806,0.7192675853282372
49,250,0.090576,0.7608516136761352
50,250,0.086416,0.7657457766232828
1,251,0.085808,0.7602484079595254
2,251,0.085408,0.798723557373634
3,251,0.08802,0.6573540538967464
4,251,0.087484,0.7427912041194359
5,251,0.082872,0.7090789126418581
6,251,0.087076,0.806947255960414
7,251,0.089536,0.8244010717785115
8,251,0.087936,0.7587500054955442
9,251,0.087212,0.6872119089174489
10,251,0.086304,0.6880295978040338
11,251,0.08762,0.706087172791146
12,251,0.084132,0.7635873834409974
13,251,0.083988,0.6942356210153081
14,251,0.08396,0.7751786325869001
15,251,0.08748,0.7243870551480576
16,251,0.084376,0.6869367097121335
17,251,0.085284,0.7166638626824208
18,251,0.090156,0.6738643355506796
19,251,0.084904,0.7006216511360112
20,251,0.08568,0.7420713950627119
21,251,0.085988,0.738136311162029
22,251,0.088008,0.7323298150561818
23,251,0.085028,0.7512768153767788
24,251,0.085632,0.689696879013454
25,251,0.088664,0.7137930606725963
26,251,0.08822,0.7424105607155143
27,251,0.085792,0.7866703874238408
28,251,0.082328,0.7750891041741418
29,251,0.086944,0.7601061721467349
30,251,0.08566,0.8148228217840807
31,251,0.0844,0.7446990693796616
32,251,0.087596,0.7741977504671554
33,251,0.0921,0.7007431958597291
34,251,0.082656,0.7690694911804935
35,251,0.089588,0.7845539292791953
36,251,0.082936,0.7255782880253241
37,251,0.085784,0.7564806199459704
38,251,0.083696,0.7638941161711202
39,251,0.08572,0.7767006379981771
40,251,0.0891,0.7337269378913922
41,251,0.082432,0.7586082389627441
42,251,0.084184,0.713834012752169
43,251,0.087912,0.7053382369330213
44,251,0.08958,0.6847311063728974
45,251,0.0843,0.7112958193501392
46,251,0.085404,0.6552289341133962
47,251,0.088136,0.6726265284990475
48,251,0.088004,0.7155280021708728
49,251,0.08784,0.7238698774820448
50,251,0.084932,0.7349599759147097
1,252,0.084328,0.7520562652400189
2,252,0.083912,0.7512938220851889
3,252,0.086404,0.7075737477101889
4,252,0.083932,0.7116225777220131
5,252,0.08172,0.6657245100151674
6,252,0.083168,0.8139645251230944
7,252,0.087428,0.7607277401054824
8,252,0.0836,0.7928290298862506
9,252,0.084452,0.7088749072204098
10,252,0.083808,0.715952402882494
11,252,0.085128,0.6806888740068292
12,252,0.081844,0.8245055151635242
13,252,0.082068,0.7219312373399019
14,252,0.086064,0.7895921708714742
15,252,0.083748,0.7401248622178854
16,252,0.080396,0.7181581878945414
17,252,0.08288,0.6871013859996061
18,252,0.08504,0.6925784515093856
19,252,0.084156,0.7178486997635934
20,252,0.086172,0.7602284779521472
21,252,0.083144,0.7918428419731635
22,252,0.084476,0.7527576662439837
23,252,0.08244,0.779862432032586
24,252,0.08302,0.6936893852245358
25,252,0.08344,0.7915674989542314
26,252,0.084444,0.775421455134217
27,252,0.08522,0.7893538085845778
28,252,0.083372,0.7739419674451522
29,252,0.085824,0.7599862864772937
30,252,0.084676,0.7722187449289474
31,252,0.080684,0.7421099878271741
32,252,0.086268,0.7675965160075329
33,252,0.086308,0.6971070407411569
34,252,0.080952,0.7351006299827173
35,252,0.083552,0.7646592968382411
36,252,0.08072,0.751798321882988
37,252,0.082596,0.746227481373838
38,252,0.080736,0.7642846472269208
39,252,0.084416,0.7717536813922355
40,252,0.087332,0.7143019167517297
41,252,0.080948,0.7092302079533016
42,252,0.0804,0.6519289010367897
43,252,0.085036,0.6942455582073721
44,252,0.084784,0.7030862537719219
45,252,0.080976,0.7158834556604072
46,252,0.084308,0.6985773372773488
47,252,0.085812,0.6740228370663153
48,252,0.081676,0.7543574600752576
49,252,0.088356,0.6866136992897557
50,252,0.08266,0.6949818831157574
1,253,0.08264,0.8030481809242871
2,253,0.083048,0.7663295109833864
3,253,0.084436,0.7257506078866688
4,253,0.08438,0.7540408390180772
5,253,0.080816,0.732479703085131
6,253,0.085672,0.828852024147381
7,253,0.08482,0.7692392853683176
8,253,0.083812,0.7820642160554347
9,253,0.083136,0.7336639163245674
10,253,0.08306,0.7714543428161245
11,253,0.085284,0.7639555829172082
12,253,0.08138,0.8713594316742858
13,253,0.083364,0.7279661092770039
14,253,0.089032,0.7297653528103094
15,253,0.083544,0.7759938837920489
16,253,0.081888,0.7258814069803889
17,253,0.080408,0.7114939549771976
18,253,0.085688,0.7524702804876957
19,253,0.083964,0.7240856421614786
20,253,0.085888,0.7613797462639397
21,253,0.083628,0.7890438875972331
22,253,0.084356,0.7665367310795751
23,253,0.081436,0.8023400733827869
24,253,0.084244,0.6800906620584294
25,253,0.084916,0.7902943493788893
26,253,0.085468,0.7729186778835103
27,253,0.0823,0.825052325052325
28,253,0.083236,0.7757368261544872
29,253,0.085168,0.8269864348200693
30,253,0.08288,0.8320360507988529
31,253,0.079228,0.753483589661511
32,253,0.08424,0.8722198876282082
33,253,0.087524,0.7621378811864505
34,253,0.080372,0.7589793925047031
35,253,0.085012,0.7819096040449878
36,253,0.081768,0.7999326539303364
37,253,0.08256,0.8125854653041943
38,253,0.080108,0.7997038788834313
39,253,0.084356,0.8361131073581666
40,253,0.08464,0.7412897912414509
41,253,0.07944,0.791206017466808
42,253,0.080536,0.7578198802142525
43,253,0.084208,0.7525606837606837
44,253,0.08542,0.734597969717371
45,253,0.080864,0.7545221851122339
46,253,0.082276,0.7363611809246517
47,253,0.085576,0.6985622794955573
48,253,0.080404,0.7727212768764015
49,253,0.087824,0.6924903821909898
50,253,0.082456,0.7374460864355072
1,254,0.084624,0.7679714119504696
2,254,0.083468,0.7633755203531417
3,254,0.085896,0.7336900218996288
4,254,0.083636,0.8123905010084949
5,254,0.081068,0.7056126446817561
6,254,0.083632,0.8466534330941111
7,254,0.08736,0.7493072791500873
8,254,0.085912,0.7993594272526023
9,254,0.084004,0.736352671625663
10,254,0.082904,0.7648080842231803
11,254,0.08716,0.6909649370355374
12,254,0.081348,0.8295891988014658
13,254,0.083212,0.7413660433371124
14,254,0.08636,0.7361203765473279
15,254,0.085528,0.7085622769131165
16,254,0.081144,0.7480283095224651
17,254,0.081928,0.7576537344945896
18,254,0.086624,0.7555795680420486
19,254,0.081548,0.7120739005984907
20,254,0.083956,0.7684145342123887
21,254,0.081864,0.7984484640188831
22,254,0.08324,0.7819452788983302
23,254,0.081848,0.7903780068728522
24,254,0.0848,0.7264362972327574
25,254,0.083824,0.8349836970152997
26,254,0.083564,0.7907624858496901
27,254,0.083568,0.8081883696598121
28,254,0.0855,0.8230700872630858
29,254,0.086912,0.8544061302681991
30,254,0.083772,0.7824759520795703
31,254,0.082392,0.7405033925478793
32,254,0.086676,0.7965670189940285
33,254,0.086664,0.7470162653147443
34,254,0.080732,0.8016099127210238
35,254,0.08262,0.7897524618128247
36,254,0.079916,0.7818449986591579
37,254,0.083592,0.7649683724136646
38,254,0.08266,0.8048094633060505
39,254,0.08566,0.7663370573720488
40,254,0.0853,0.7640479154411932
41,254,0.079844,0.8398202404204976
42,254,0.082176,0.7568963250896662
43,254,0.082348,0.7619592875318066
44,254,0.086128,0.7141859375665431
45,254,0.081628,0.7924932105325304
46,254,0.083052,0.6981732668121817
47,254,0.087048,0.6852732847023999
48,254,0.082904,0.7805982207307337
49,254,0.088396,0.6986726924799479
50,254,0.08326,0.7057079447300378
1,255,0.084508,0.7798723571749888
2,255,0.081212,0.7945450580386793
3,255,0.087196,0.7263134980087844
4,255,0.085228,0.7971543733511421
5,255,0.082076,0.698796131833432
6,255,0.084828,0.8203277504489731
7,255,0.08762,0.7523442872096741
8,255,0.085636,0.8002204060010973
9,255,0.082932,0.7320022230355279
10,255,0.083864,0.7755504807014576
11,255,0.085864,0.7227466366261378
12,255,0.0825,0.857562569144384
13,255,0.083504,0.7339342256764536
14,255,0.085468,0.7617238562091504
15,255,0.086124,0.7628183445856053
16,255,0.081872,0.7369167311162671
17,255,0.08172,0.7513873057420152
18,255,0.08486,0.7351869581405244
19,255,0.082164,0.7086598111860514
20,255,0.083392,0.7860787154585839
21,255,0.084,0.7575548661381133
22,255,0.085064,0.764068937450558
23,255,0.082488,0.7959085933223865
24,255,0.085492,0.6817441769402299
25,255,0.086564,0.7934617027996062
26,255,0.084376,0.7626720793118209
27,255,0.082784,0.8388567581627345
28,255,0.083556,0.8177016945803073
29,255,0.086828,0.8476362940388382
30,255,0.084924,0.8197464827156162
31,255,0.081716,0.7687665699983729
32,255,0.085696,0.8194770219789766
33,255,0.086276,0.7964077175168185
34,255,0.081176,0.8044352211094068
35,255,0.08318,0.7929014089949619
36,255,0.08124,0.7955448417481362
37,255,0.085088,0.7766648581723078
38,255,0.081932,0.8386269145762818
39,255,0.085864,0.8245119547477564
40,255,0.08512,0.7777777777777778
41,255,0.08144,0.8043976797517874
42,255,0.081,0.7620724514778243
43,255,0.082668,0.7284988827950437
44,255,0.086724,0.7578668448007125
45,255,0.080924,0.8141999024271253
46,255,0.0831,0.6753738406208594
47,255,0.086612,0.6865092520966098
48,255,0.08222,0.8159172567236429
49,255,0.087168,0.6953727347865241
50,255,0.082568,0.7235835916790223
